{
  "name": "uncertainty_grid",
  "alpha": 0.0,
  "theta": 0.0021960668653914187,
  "calib_risk": 2.8666666666666663,
  "calib_coverage": 0.8
}