{
  "name": "monotone_policy_net",
  "context_cols": [
    "ctx_cat_grid",
    "ctx_cat_metal_nut",
    "ctx_cat_hazelnut",
    "ctx_cat_pill",
    "ctx_cat_screw",
    "ctx_cat_toothbrush",
    "ctx_cat_capsule",
    "ctx_cat_wood",
    "ctx_cat_transistor",
    "ctx_cat_cable",
    "ctx_cat_tile",
    "ctx_cat_bottle",
    "ctx_cat_zipper",
    "ctx_cat_leather",
    "ctx_cat_carpet",
    "ctx_brightness",
    "ctx_contrast",
    "ctx_blur_risk",
    "ctx_saturation"
  ],
  "state_dict": {
    "b": -1.1345323324203491,
    "w_u_raw": -0.7053514719009399,
    "w_ctx": [
      -2.1431822776794434,
      -0.11830345541238785,
      -0.4784899950027466,
      -0.4933110177516937,
      -0.767023503780365,
      -0.2974011301994324,
      -0.26931247115135193,
      -2.1626784801483154,
      -0.28546029329299927,
      -1.4586341381072998,
      -2.1232175827026367,
      0.2501952350139618,
      0.828325092792511,
      -3.0959694385528564,
      -2.638930559158325,
      -1.1548973321914673,
      -0.7773944139480591,
      -1.10072922706604,
      -1.5798583030700684
    ],
    "best_loss": 2.6941351890563965
  }
}