{
  "name": "monotone_policy_net",
  "context_cols": [
    "ctx_severity",
    "ctx_corr_gaussian_noise",
    "ctx_corr_pixelate",
    "ctx_corr_frost",
    "ctx_corr_fog",
    "ctx_corr_brightness",
    "ctx_corr_glass_blur",
    "ctx_corr_gaussian_blur",
    "ctx_corr_snow",
    "ctx_corr_contrast",
    "ctx_corr_impulse_noise",
    "ctx_corr_zoom_blur",
    "ctx_corr_elastic_transform",
    "ctx_corr_saturate",
    "ctx_corr_defocus_blur",
    "ctx_corr_jpeg_compression",
    "ctx_corr_motion_blur",
    "ctx_corr_shot_noise",
    "ctx_corr_spatter",
    "ctx_corr_speckle_noise",
    "ctx_brightness",
    "ctx_contrast",
    "ctx_blur_risk",
    "ctx_saturation"
  ],
  "state_dict": {
    "b": -0.48805320262908936,
    "w_u_raw": 0.4101559817790985,
    "w_ctx": [
      3.2728471755981445,
      2.2484469413757324,
      -0.3286038935184479,
      -0.23423387110233307,
      -1.8981878757476807,
      -2.186737060546875,
      0.6397818326950073,
      0.4428430199623108,
      -1.8279660940170288,
      0.11602294445037842,
      0.8370384573936462,
      -0.7943297028541565,
      -2.4914512634277344,
      -1.6787965297698975,
      -1.0042634010314941,
      -1.5418763160705566,
      -1.1519927978515625,
      1.0146088600158691,
      -3.0090842247009277,
      0.6556132435798645,
      -0.07755806297063828,
      -0.11012513935565948,
      -1.111233115196228,
      -1.4644263982772827
    ],
    "best_loss": 0.9781478643417358
  }
}