{
  "name": "uncertainty_grid",
  "alpha": 0.35000000000000003,
  "theta": 0.44131015516817573,
  "calib_risk": 1.0708947368421051,
  "calib_coverage": 0.87
}