{
  "name": "uncertainty_grid",
  "alpha": 0.0,
  "theta": 0.0234390338,
  "calib_risk": 9.11304347826087,
  "calib_coverage": 0.6985507246376812
}