{
  "name": "uncertainty_grid",
  "alpha": 0.1,
  "theta": 0.6740126358568668,
  "calib_risk": 0.9513684210526315,
  "calib_coverage": 0.81
}