{
  "name": "monotone_policy_net",
  "context_cols": [
    "ctx_severity",
    "ctx_corr_motion_blur",
    "ctx_corr_shot_noise",
    "ctx_corr_elastic_transform",
    "ctx_corr_contrast",
    "ctx_corr_zoom_blur",
    "ctx_corr_saturate",
    "ctx_corr_glass_blur",
    "ctx_corr_impulse_noise",
    "ctx_corr_brightness",
    "ctx_corr_frost",
    "ctx_corr_gaussian_blur",
    "ctx_corr_speckle_noise",
    "ctx_corr_snow",
    "ctx_corr_fog",
    "ctx_corr_pixelate",
    "ctx_corr_spatter",
    "ctx_corr_jpeg_compression",
    "ctx_corr_gaussian_noise",
    "ctx_corr_defocus_blur",
    "ctx_brightness",
    "ctx_contrast",
    "ctx_blur_risk",
    "ctx_saturation"
  ],
  "state_dict": {
    "b": 0.012060163542628288,
    "w_u_raw": 0.6526013016700745,
    "w_ctx": [
      2.646737813949585,
      -0.618770182132721,
      1.1324247121810913,
      -2.140763998031616,
      -0.22103668749332428,
      -0.67859947681427,
      -1.2941162586212158,
      0.7451768517494202,
      1.1270655393600464,
      -2.313875198364258,
      -0.32077717781066895,
      0.13115327060222626,
      0.75511234998703,
      -1.0564007759094238,
      -1.670976161956787,
      0.0594179704785347,
      -1.211789846420288,
      -1.175734519958496,
      2.1575534343719482,
      -0.5489887595176697,
      -0.2702198028564453,
      -0.36151888966560364,
      -0.33117109537124634,
      -1.3344991207122803
    ],
    "best_loss": 0.8683896064758301
  }
}