{
  "name": "uncertainty_grid",
  "alpha": 0.0,
  "theta": 0.05788253758,
  "calib_risk": 4.0028985507246375,
  "calib_coverage": 0.6202898550724638
}