policy,wilds_split,coverage,risk,wrong_auto_rate,auto_error_rate,defer_rate,n
fixed,test,0.7606739734991003,1.7044705662405644,0.29302890794793296,0.3852227342549923,0.23932602650089974,42791
