policy,coverage,risk,wrong_auto_rate,auto_error_rate,defer_rate,n
uaat_monotone,0.6820359421373653,1.4906405552569466,0.23453529947886237,0.3438752783964365,0.3179640578626347,42791
fixed,0.7606739734991003,1.7044705662405644,0.29302890794793296,0.3852227342549923,0.23932602650089974,42791
uncertainty_grid,0.7606739734991003,1.7044705662405644,0.29302890794793296,0.3852227342549923,0.23932602650089974,42791
