{
  "name": "uncertainty_grid",
  "alpha": 0.0,
  "theta": 0.5423438704013824,
  "calib_risk": 0.92616899097621,
  "calib_coverage": 0.8599945310363686
}