policy,category,coverage,risk,wrong_auto_rate,auto_error_rate,defer_rate,n
uncertainty_grid,breakfast_box,0.3,1.7909090909090908,0.10909090909090909,0.36363636363636365,0.7,220
uncertainty_grid,juice_bottle,0.23484848484848486,1.3333333333333333,0.056818181818181816,0.24193548387096775,0.7651515151515151,264
uncertainty_grid,pushpins,0.38306451612903225,2.512096774193548,0.18951612903225806,0.49473684210526314,0.6169354838709677,248
uncertainty_grid,screw_bag,0.5494505494505495,3.5274725274725274,0.3076923076923077,0.56,0.4505494505494505,273
uncertainty_grid,splicing_connectors,0.40160642570281124,2.285140562248996,0.1686746987951807,0.42,0.5983935742971888,249
