{
  "name": "uncertainty_grid",
  "alpha": 0.0,
  "theta": 0.42827056983992695,
  "calib_risk": 2.6178343949044587,
  "calib_coverage": 0.42038216560509556
}