{
  "name": "uncertainty_grid",
  "alpha": 0.0,
  "theta": 0.380182039153155,
  "calib_risk": 2.3821656050955413,
  "calib_coverage": 0.4012738853503185
}