{
  "name": "monotone_policy_net",
  "context_cols": [
    "ctx_cat_toothbrush",
    "ctx_cat_grid",
    "ctx_cat_capsule",
    "ctx_cat_hazelnut",
    "ctx_cat_carpet",
    "ctx_cat_cable",
    "ctx_cat_leather",
    "ctx_cat_pill",
    "ctx_cat_screw",
    "ctx_cat_transistor",
    "ctx_cat_metal_nut",
    "ctx_cat_wood",
    "ctx_cat_tile",
    "ctx_cat_zipper",
    "ctx_cat_bottle",
    "ctx_brightness",
    "ctx_contrast",
    "ctx_blur_risk",
    "ctx_saturation"
  ],
  "state_dict": {
    "b": -0.9664945602416992,
    "w_u_raw": 1.8717018365859985,
    "w_ctx": [
      0.34945908188819885,
      -1.7886031866073608,
      0.3949055075645447,
      -0.5092472434043884,
      -0.6836186051368713,
      -1.3439927101135254,
      -2.49517560005188,
      -0.8307459950447083,
      -0.5291264057159424,
      -1.0278279781341553,
      -1.076719880104065,
      -2.2644941806793213,
      -1.6149076223373413,
      1.1438968181610107,
      -1.0284985303878784,
      -0.22076228260993958,
      -0.12445018440485,
      -0.9306442141532898,
      -1.6086255311965942
    ],
    "best_loss": 2.9051413536071777
  }
}