{
  "name": "uncertainty_grid",
  "alpha": 0.0,
  "theta": 0.08227879215600002,
  "calib_risk": 3.72463768115942,
  "calib_coverage": 0.5797101449275363
}