{
  "name": "uncertainty_grid",
  "alpha": 0.0,
  "theta": 0.04613298536014622,
  "calib_risk": 4.043478260869565,
  "calib_coverage": 0.6086956521739131
}