policy,coverage,risk,wrong_auto_rate,auto_error_rate,defer_rate,n
uaat_monotone,0.3455399499894838,0.7348507863803136,0.016078147273959478,0.04653050182605167,0.6544600500105162,42791
fixed,0.28844850552686313,0.7453202776284733,0.0067537566310672805,0.023414080855545652,0.7115514944731369,42791
uncertainty_grid,0.28844850552686313,0.7453202776284733,0.0067537566310672805,0.023414080855545652,0.7115514944731369,42791
