{
  "name": "uncertainty_grid",
  "alpha": 0.0,
  "theta": 0.9907562857866289,
  "calib_risk": 0.6493027071369976,
  "calib_coverage": 0.4299972655181843
}