{
  "name": "monotone_policy_net",
  "context_cols": [
    "ctx_severity",
    "ctx_corr_motion_blur",
    "ctx_corr_shot_noise",
    "ctx_corr_elastic_transform",
    "ctx_corr_contrast",
    "ctx_corr_zoom_blur",
    "ctx_corr_saturate",
    "ctx_corr_glass_blur",
    "ctx_corr_impulse_noise",
    "ctx_corr_brightness",
    "ctx_corr_frost",
    "ctx_corr_gaussian_blur",
    "ctx_corr_speckle_noise",
    "ctx_corr_snow",
    "ctx_corr_fog",
    "ctx_corr_pixelate",
    "ctx_corr_spatter",
    "ctx_corr_jpeg_compression",
    "ctx_corr_gaussian_noise",
    "ctx_corr_defocus_blur",
    "ctx_brightness",
    "ctx_contrast",
    "ctx_blur_risk",
    "ctx_saturation"
  ],
  "state_dict": {
    "b": -0.9846770763397217,
    "w_u_raw": 0.2953292727470398,
    "w_ctx": [
      3.678938865661621,
      -1.3381342887878418,
      1.120270013809204,
      -2.2639541625976562,
      -0.2815347909927368,
      -0.6061058044433594,
      -1.8599752187728882,
      0.5708073377609253,
      0.7580637335777283,
      -2.115067481994629,
      -1.07171630859375,
      0.815549910068512,
      0.6179710030555725,
      -2.0700910091400146,
      -2.063828229904175,
      0.07200595736503601,
      -2.6278247833251953,
      -1.8620399236679077,
      2.1778149604797363,
      -1.2369107007980347,
      0.6746558547019958,
      -0.5921074748039246,
      -1.4313868284225464,
      -2.600512742996216
    ],
    "best_loss": 1.0363132953643799
  }
}