policy,wilds_split,coverage,risk,wrong_auto_rate,auto_error_rate,defer_rate,n
uaat_monotone,test,0.784487392208642,1.5206936037951908,0.26103619920076654,0.33274747534928056,0.21551260779135795,42791
