policy,wilds_split,coverage,risk,wrong_auto_rate,auto_error_rate,defer_rate,n
fixed,test,0.9013110233460307,1.8029024794933513,0.3408427005678764,0.37816324414021985,0.09868897665396925,42791
