policy,coverage,risk,wrong_auto_rate,auto_error_rate,defer_rate,n
uaat_monotone,0.784487392208642,1.5206936037951908,0.26103619920076654,0.33274747534928056,0.21551260779135795,42791
uncertainty_grid,0.8971045313266809,1.8024350914912013,0.33990792456357644,0.37889444618109824,0.10289546867331911,42791
fixed,0.9013110233460307,1.8029024794933513,0.3408427005678764,0.37816324414021985,0.09868897665396925,42791
