{
  "name": "uncertainty_grid",
  "alpha": 2.45,
  "theta": -0.8000027788579464,
  "calib_risk": 1.0656275635767023,
  "calib_coverage": 0.9399781241454744
}