policy,coverage,risk,wrong_auto_rate,auto_error_rate,defer_rate,n
uaat_monotone,0.5732065789473684,0.6239052631578947,0.03942236842105263,0.0687751499528277,0.4267934210526316,760000
uncertainty_grid,0.5290013157894737,0.6429592105263158,0.0343921052631579,0.06501326979089198,0.47099868421052626,760000
fixed,0.5289657894736842,0.643678947368421,0.034528947368421055,0.06527633366002179,0.4710342105263158,760000
