{
  "name": "uncertainty_grid",
  "alpha": 2.7,
  "theta": 0.8679745074920358,
  "calib_risk": 0.640578947368421,
  "calib_coverage": 0.53
}