{
  "name": "monotone_policy_net",
  "context_cols": [
    "ctx_severity",
    "ctx_corr_fog",
    "ctx_corr_impulse_noise",
    "ctx_corr_snow",
    "ctx_corr_elastic_transform",
    "ctx_corr_zoom_blur",
    "ctx_corr_frost",
    "ctx_corr_contrast",
    "ctx_corr_pixelate",
    "ctx_corr_defocus_blur",
    "ctx_corr_saturate",
    "ctx_corr_motion_blur",
    "ctx_corr_gaussian_blur",
    "ctx_corr_speckle_noise",
    "ctx_corr_gaussian_noise",
    "ctx_corr_jpeg_compression",
    "ctx_corr_spatter",
    "ctx_corr_brightness",
    "ctx_corr_glass_blur",
    "ctx_corr_shot_noise",
    "ctx_brightness",
    "ctx_contrast",
    "ctx_blur_risk",
    "ctx_saturation"
  ],
  "state_dict": {
    "b": 0.8350911140441895,
    "w_u_raw": 1.9787893295288086,
    "w_ctx": [
      1.8000622987747192,
      -0.2858620584011078,
      1.4399676322937012,
      -0.07432050257921219,
      -0.30187076330184937,
      0.1999201625585556,
      0.4307233989238739,
      0.23909014463424683,
      0.5330296754837036,
      -0.1721743792295456,
      -0.7396820783615112,
      0.4281894564628601,
      0.5690516829490662,
      1.1850334405899048,
      2.942965507507324,
      -0.027115752920508385,
      -0.2770530879497528,
      -1.1070386171340942,
      2.615581750869751,
      1.5836583375930786,
      0.6026721000671387,
      0.6977372169494629,
      0.7420759797096252,
      0.42513543367385864
    ],
    "best_loss": 0.6627527475357056
  }
}