policy,category,coverage,risk,wrong_auto_rate,auto_error_rate,defer_rate,n
uaat_monotone,breakfast_box,0.5727272727272728,1.009090909090909,0.2909090909090909,0.5079365079365079,0.42727272727272725,220
uaat_monotone,juice_bottle,0.3939393939393939,0.893939393939394,0.14393939393939395,0.36538461538461536,0.6060606060606061,264
uaat_monotone,pushpins,0.907258064516129,1.0443548387096775,0.47580645161290325,0.5244444444444445,0.092741935483871,248
uaat_monotone,screw_bag,0.6996336996336996,1.1135531135531136,0.4065934065934066,0.581151832460733,0.3003663003663004,273
uaat_monotone,splicing_connectors,0.4738955823293173,0.927710843373494,0.20080321285140562,0.423728813559322,0.5261044176706827,249
