{
  "name": "monotone_policy_net",
  "context_cols": [
    "ctx_cat_splicing_connectors",
    "ctx_cat_pushpins",
    "ctx_cat_juice_bottle",
    "ctx_cat_breakfast_box",
    "ctx_cat_screw_bag",
    "ctx_brightness",
    "ctx_contrast",
    "ctx_blur_risk",
    "ctx_saturation"
  ],
  "state_dict": {
    "b": -0.5472379326820374,
    "w_u_raw": -0.04504387080669403,
    "w_ctx": [
      0.07112323492765427,
      -2.437188148498535,
      -0.6951245069503784,
      -0.29088181257247925,
      0.030895674601197243,
      -0.29250892996788025,
      -0.2539529800415039,
      -0.5671464800834656,
      -0.5866880416870117
    ],
    "best_loss": 0.9867393374443054
  }
}