{
  "name": "monotone_policy_net",
  "context_cols": [
    "ctx_severity",
    "ctx_corr_gaussian_noise",
    "ctx_corr_pixelate",
    "ctx_corr_frost",
    "ctx_corr_fog",
    "ctx_corr_brightness",
    "ctx_corr_glass_blur",
    "ctx_corr_gaussian_blur",
    "ctx_corr_snow",
    "ctx_corr_contrast",
    "ctx_corr_impulse_noise",
    "ctx_corr_zoom_blur",
    "ctx_corr_elastic_transform",
    "ctx_corr_saturate",
    "ctx_corr_defocus_blur",
    "ctx_corr_jpeg_compression",
    "ctx_corr_motion_blur",
    "ctx_corr_shot_noise",
    "ctx_corr_spatter",
    "ctx_corr_speckle_noise",
    "ctx_brightness",
    "ctx_contrast",
    "ctx_blur_risk",
    "ctx_saturation"
  ],
  "state_dict": {
    "b": 0.1719655692577362,
    "w_u_raw": 1.2930952310562134,
    "w_ctx": [
      2.2905945777893066,
      2.1279826164245605,
      0.17079249024391174,
      -0.29226014018058777,
      -1.7804759740829468,
      -2.054795503616333,
      1.1976526975631714,
      0.4245983362197876,
      -0.4778745472431183,
      0.12991178035736084,
      1.086761713027954,
      -0.36093011498451233,
      -1.3374062776565552,
      -1.5752675533294678,
      -0.5711101293563843,
      -1.231939435005188,
      -0.4290502071380615,
      1.0957616567611694,
      -0.8951446413993835,
      0.4402276277542114,
      0.10698291659355164,
      0.17053915560245514,
      -0.10556409507989883,
      -0.6902320981025696
    ],
    "best_loss": 0.7689046859741211
  }
}