policy,category,coverage,risk,wrong_auto_rate,auto_error_rate,defer_rate,n
uaat_monotone,breakfast_box,0.7954545454545454,4.522727272727273,0.4318181818181818,0.5428571428571428,0.20454545454545459,220
uaat_monotone,juice_bottle,0.3712121212121212,2.0681818181818183,0.14393939393939395,0.3877551020408163,0.6287878787878788,264
uaat_monotone,pushpins,0.9153225806451613,4.883064516129033,0.4798387096774194,0.5242290748898678,0.08467741935483875,248
uaat_monotone,screw_bag,0.8901098901098901,5.604395604395604,0.5494505494505495,0.6172839506172839,0.10989010989010994,273
uaat_monotone,splicing_connectors,0.6867469879518072,3.7670682730923697,0.3453815261044177,0.5029239766081871,0.3132530120481928,249
