{
  "name": "uncertainty_grid",
  "alpha": 0.0,
  "theta": 0.030944944563561613,
  "calib_risk": 4.735668789808917,
  "calib_coverage": 0.8184713375796179
}