policy,coverage,risk,wrong_auto_rate,auto_error_rate,defer_rate,n
uaat_monotone,0.6052631578947368,3.417065390749601,0.3022328548644338,0.4993412384716733,0.39473684210526316,1254
fixed,0.7392344497607656,4.232057416267943,0.39712918660287083,0.5372168284789643,0.2607655502392344,1254
uncertainty_grid,0.7392344497607656,4.232057416267943,0.39712918660287083,0.5372168284789643,0.2607655502392344,1254
