policy,category,coverage,risk,wrong_auto_rate,auto_error_rate,defer_rate,n
fixed,breakfast_box,0.8136363636363636,2.4136363636363636,0.44545454545454544,0.547486033519553,0.1863636363636364,220
fixed,juice_bottle,0.5189393939393939,1.6742424242424243,0.23863636363636365,0.45985401459854014,0.4810606060606061,264
fixed,pushpins,0.8790322580645161,2.379032258064516,0.45161290322580644,0.5137614678899083,0.12096774193548387,248
fixed,screw_bag,0.9926739926739927,3.1758241758241756,0.6336996336996337,0.6383763837638377,0.0073260073260073,273
fixed,splicing_connectors,0.7951807228915663,2.3333333333333335,0.42570281124497994,0.5353535353535354,0.20481927710843373,249
