{
  "name": "monotone_policy_net",
  "context_cols": [
    "ctx_cat_splicing_connectors",
    "ctx_cat_screw_bag",
    "ctx_cat_pushpins",
    "ctx_cat_breakfast_box",
    "ctx_cat_juice_bottle",
    "ctx_brightness",
    "ctx_contrast",
    "ctx_blur_risk",
    "ctx_saturation"
  ],
  "state_dict": {
    "b": -0.845196008682251,
    "w_u_raw": -0.3604499101638794,
    "w_ctx": [
      -0.6352079510688782,
      -0.36224791407585144,
      -2.0140202045440674,
      -0.5968865156173706,
      0.4734099507331848,
      -0.8212916851043701,
      -0.8600766062736511,
      -0.8719504475593567,
      -1.111723780632019
    ],
    "best_loss": 2.2728848457336426
  },
  "use_inputs": [
    "ctx",
    "score",
    "uncertainty"
  ],
  "test_margin_offset": -0.031071888961081234,
  "recalibrated_on_test": true
}