policy,category,coverage,risk,wrong_auto_rate,auto_error_rate,defer_rate,n
fixed,breakfast_box,0.7227272727272728,4.05,0.37727272727272726,0.5220125786163522,0.2772727272727272,220
fixed,juice_bottle,0.4393939393939394,2.2651515151515147,0.17045454545454544,0.3879310344827586,0.5606060606060606,264
fixed,pushpins,0.7862903225806451,4.245967741935484,0.4032258064516129,0.5128205128205128,0.21370967741935487,248
fixed,screw_bag,0.9706959706959707,6.183150183150183,0.6153846153846154,0.6339622641509434,0.02930402930402931,273
fixed,splicing_connectors,0.7108433734939759,3.9036144578313254,0.3614457831325301,0.5084745762711864,0.28915662650602414,249
