{
  "name": "uncertainty_grid",
  "alpha": 0.0,
  "theta": 0.11456504560238705,
  "calib_risk": 4.391719745222931,
  "calib_coverage": 0.7484076433121019
}