policy,wilds_split,coverage,risk,wrong_auto_rate,auto_error_rate,defer_rate,n
uaat_monotone,test,0.3487181884041037,0.735528498983431,0.016849337477506953,0.04831791984988607,0.6512818115958963,42791
