policy,wilds_split,coverage,risk,wrong_auto_rate,auto_error_rate,defer_rate,n
fixed,test,0.2948984599565329,0.7429599682176158,0.007571685634829754,0.02567556858705127,0.705101540043467,42791
