{
  "name": "uncertainty_grid",
  "alpha": 0.05,
  "theta": 0.9888840640783311,
  "calib_risk": 0.6454744325950232,
  "calib_coverage": 0.43997812414547444
}