policy,category,coverage,risk,wrong_auto_rate,auto_error_rate,defer_rate,n
uncertainty_grid,breakfast_box,0.9181818181818182,5.536363636363636,0.5454545454545454,0.594059405940594,0.08181818181818179,220
uncertainty_grid,juice_bottle,0.7007575757575758,4.465909090909091,0.4166666666666667,0.5945945945945946,0.2992424242424242,264
uncertainty_grid,pushpins,0.9879032258064516,5.455645161290322,0.5443548387096774,0.5510204081632653,0.012096774193548376,248
uncertainty_grid,screw_bag,1.0,6.410256410256411,0.6410256410256411,0.6410256410256411,0.0,273
uncertainty_grid,splicing_connectors,0.9317269076305221,5.570281124497991,0.5502008032128514,0.5905172413793104,0.06827309236947787,249
