{
  "name": "uncertainty_grid",
  "alpha": 0.0,
  "theta": 0.0037240828502179265,
  "calib_risk": 5.334394904458598,
  "calib_coverage": 0.8885350318471338
}