{
  "name": "uncertainty_grid",
  "alpha": 2.825,
  "theta": -0.7286517870426178,
  "calib_risk": 0.4435329505058791,
  "calib_coverage": 0.8999179655455292
}