policy,wilds_split,coverage,risk,wrong_auto_rate,auto_error_rate,defer_rate,n
uncertainty_grid,test,0.6926456497861699,1.495104110677479,0.23754995209272978,0.34296028880866425,0.30735435021383006,42791
