policy,wilds_split,coverage,risk,wrong_auto_rate,auto_error_rate,defer_rate,n
fixed,test,0.707531957654647,1.5451847351078498,0.2505433385524994,0.35410886510767603,0.29246804234535295,42791
