{
  "name": "uncertainty_grid",
  "alpha": 0.775,
  "theta": 0.36383065582811835,
  "calib_risk": 0.8493300519551545,
  "calib_coverage": 0.8199343724364233
}