policy,coverage,risk,wrong_auto_rate,auto_error_rate,defer_rate,n
uaat_monotone,0.6257921052631579,0.6567407894736843,0.05650657894736842,0.09029608790543353,0.37420789473684213,760000
uncertainty_grid,0.618675,0.6900815789473684,0.06175131578947368,0.09981220477548582,0.381325,760000
fixed,0.6186486842105263,0.6913381578947368,0.061997368421052634,0.10021417648397504,0.3813513157894737,760000
