{
  "name": "uncertainty_grid",
  "alpha": 2.75,
  "theta": 0.6410854443162681,
  "calib_risk": 0.6906842105263158,
  "calib_coverage": 0.62
}