{
  "name": "monotone_policy_net",
  "context_cols": [
    "ctx_severity",
    "ctx_corr_fog",
    "ctx_corr_impulse_noise",
    "ctx_corr_snow",
    "ctx_corr_elastic_transform",
    "ctx_corr_zoom_blur",
    "ctx_corr_frost",
    "ctx_corr_contrast",
    "ctx_corr_pixelate",
    "ctx_corr_defocus_blur",
    "ctx_corr_saturate",
    "ctx_corr_motion_blur",
    "ctx_corr_gaussian_blur",
    "ctx_corr_speckle_noise",
    "ctx_corr_gaussian_noise",
    "ctx_corr_jpeg_compression",
    "ctx_corr_spatter",
    "ctx_corr_brightness",
    "ctx_corr_glass_blur",
    "ctx_corr_shot_noise",
    "ctx_brightness",
    "ctx_contrast",
    "ctx_blur_risk",
    "ctx_saturation"
  ],
  "state_dict": {
    "b": 0.572981595993042,
    "w_u_raw": 2.1925816535949707,
    "w_ctx": [
      1.8914802074432373,
      -0.48359519243240356,
      1.2109373807907104,
      -0.21094515919685364,
      -0.7101730108261108,
      -0.00876444112509489,
      0.12846213579177856,
      0.22992947697639465,
      0.43534812331199646,
      -0.13791608810424805,
      -0.7495476007461548,
      0.0013016742886975408,
      0.5644280314445496,
      0.9317220449447632,
      2.3076012134552,
      -0.5367428660392761,
      -0.5662476420402527,
      -1.0490080118179321,
      1.9018582105636597,
      1.2453054189682007,
      0.35080742835998535,
      0.38412362337112427,
      0.4274753928184509,
      0.0032993864733725786
    ],
    "best_loss": 0.6665865182876587
  }
}