policy,category,coverage,risk,wrong_auto_rate,auto_error_rate,defer_rate,n
uncertainty_grid,breakfast_box,0.8272727272727273,4.763636363636364,0.4590909090909091,0.554945054945055,0.17272727272727273,220
uncertainty_grid,juice_bottle,0.5113636363636364,2.7613636363636362,0.22727272727272727,0.4444444444444444,0.48863636363636365,264
uncertainty_grid,pushpins,0.8951612903225806,4.701612903225806,0.4596774193548387,0.5135135135135135,0.10483870967741937,248
uncertainty_grid,screw_bag,0.9963369963369964,6.377289377289377,0.6373626373626373,0.6397058823529411,0.00366300366300365,273
uncertainty_grid,splicing_connectors,0.8112449799196787,4.6064257028112445,0.44176706827309237,0.5445544554455446,0.1887550200803213,249
