policy,coverage,risk,wrong_auto_rate,auto_error_rate,defer_rate,n
uaat_monotone,0.6491228070175439,3.6682615629984054,0.3317384370015949,0.5110565110565111,0.3508771929824561,1254
fixed,0.8078149920255183,4.649920255183414,0.44577352472089316,0.5518262586377097,0.19218500797448168,1254
uncertainty_grid,0.8078149920255183,4.649920255183414,0.44577352472089316,0.5518262586377097,0.19218500797448168,1254
