{
  "name": "uncertainty_grid",
  "alpha": 0.0,
  "theta": 0.052831960605096526,
  "calib_risk": 4.519108280254778,
  "calib_coverage": 0.7802547770700637
}