policy,wilds_split,coverage,risk,wrong_auto_rate,auto_error_rate,defer_rate,n
uaat_monotone,test,0.41349816550209156,0.665350190460611,0.03942417798135122,0.09534305414264722,0.5865018344979085,42791
