policy,coverage,risk,wrong_auto_rate,auto_error_rate,defer_rate,n
uaat_monotone,0.6794258373205742,3.8612440191387565,0.35406698564593303,0.5211267605633803,0.32057416267942584,1254
fixed,0.8141945773524721,4.7073365231259965,0.45215311004784686,0.555337904015671,0.18580542264752786,1254
uncertainty_grid,0.8141945773524721,4.7073365231259965,0.45215311004784686,0.555337904015671,0.18580542264752786,1254
