{
  "name": "monotone_policy_net",
  "context_cols": [
    "ctx_severity",
    "ctx_corr_gaussian_noise",
    "ctx_corr_pixelate",
    "ctx_corr_frost",
    "ctx_corr_fog",
    "ctx_corr_brightness",
    "ctx_corr_glass_blur",
    "ctx_corr_gaussian_blur",
    "ctx_corr_snow",
    "ctx_corr_contrast",
    "ctx_corr_impulse_noise",
    "ctx_corr_zoom_blur",
    "ctx_corr_elastic_transform",
    "ctx_corr_saturate",
    "ctx_corr_defocus_blur",
    "ctx_corr_jpeg_compression",
    "ctx_corr_motion_blur",
    "ctx_corr_shot_noise",
    "ctx_corr_spatter",
    "ctx_corr_speckle_noise",
    "ctx_brightness",
    "ctx_contrast",
    "ctx_blur_risk",
    "ctx_saturation"
  ],
  "state_dict": {
    "b": 0.9412372708320618,
    "w_u_raw": 1.7609107494354248,
    "w_ctx": [
      1.7221269607543945,
      2.8436086177825928,
      0.648737370967865,
      0.6348391771316528,
      -0.21287988126277924,
      -1.0114030838012695,
      2.607787609100342,
      0.5872589349746704,
      0.27296924591064453,
      0.39678817987442017,
      1.6113733053207397,
      0.46075308322906494,
      -0.26390135288238525,
      -0.7053292989730835,
      -0.08823523670434952,
      0.14760050177574158,
      0.5617577433586121,
      1.9321508407592773,
      -0.09849773347377777,
      1.523126244544983,
      0.7864791750907898,
      0.7827198505401611,
      0.8945101499557495,
      0.6752827763557434
    ],
    "best_loss": 0.6822692155838013
  }
}