{
  "name": "uncertainty_grid",
  "alpha": 0.7000000000000001,
  "theta": 0.9748597554415465,
  "calib_risk": 0.6390526315789474,
  "calib_coverage": 0.48
}