policy,wilds_split,coverage,risk,wrong_auto_rate,auto_error_rate,defer_rate,n
uaat_monotone,test,0.7026243836320721,1.4987964758944639,0.24028417190530718,0.3419809751879199,0.29737561636792786,42791
