policy,wilds_split,coverage,risk,wrong_auto_rate,auto_error_rate,defer_rate,n
fixed,test,0.7842303288074595,1.7424925802154658,0.30534458180458507,0.38935574229691877,0.21576967119254054,42791
