{
  "name": "uncertainty_grid",
  "alpha": 0.525,
  "theta": 0.2962884735465049,
  "calib_risk": 1.2374897456931913,
  "calib_coverage": 0.9198796828001093
}