{
  "name": "uncertainty_grid",
  "alpha": 0.0,
  "theta": 0.9733393669128418,
  "calib_risk": 0.561115668580804,
  "calib_coverage": 0.5400601585999453
}