policy,wilds_split,coverage,risk,wrong_auto_rate,auto_error_rate,defer_rate,n
uaat_monotone,test,0.7645532939169452,1.4776471687971768,0.24844009254282443,0.3249480376574153,0.23544670608305485,42791
