policy,wilds_split,coverage,risk,wrong_auto_rate,auto_error_rate,defer_rate,n
fixed,test,0.8849290738706738,1.763431562711785,0.32967212731649176,0.37254073467663135,0.11507092612932623,42791
