policy,wilds_split,coverage,risk,wrong_auto_rate,auto_error_rate,defer_rate,n
uncertainty_grid,test,0.8819377906569138,1.7642027529153328,0.3292281087144493,0.3733008293807467,0.1180622093430862,42791
