{
  "name": "uncertainty_grid",
  "alpha": 0.8500000000000001,
  "theta": 0.010734490618109419,
  "calib_risk": 1.0352748154224773,
  "calib_coverage": 0.9299972655181843
}