policy,category,coverage,risk,wrong_auto_rate,auto_error_rate,defer_rate,n
uaat_monotone,breakfast_box,0.5772727272727273,3.2863636363636366,0.2863636363636364,0.49606299212598426,0.42272727272727273,220
