{
  "name": "uncertainty_grid",
  "alpha": 0.0,
  "theta": 0.06724522828242488,
  "calib_risk": 4.5636363636363635,
  "calib_coverage": 0.8
}