{
  "name": "uncertainty_grid",
  "alpha": 0.0,
  "theta": 0.0009472940344212378,
  "calib_risk": 1.2608695652173914,
  "calib_coverage": 0.8
}