policy,category,coverage,risk,wrong_auto_rate,auto_error_rate,defer_rate,n
uaat_monotone,breakfast_box,0.1,1.309090909090909,0.04090909090909091,0.4090909090909091,0.9,220
uaat_monotone,juice_bottle,0.20833333333333334,1.246212121212121,0.045454545454545456,0.21818181818181817,0.7916666666666666,264
uaat_monotone,pushpins,0.20161290322580644,1.564516129032258,0.07661290322580645,0.38,0.7983870967741935,248
uaat_monotone,screw_bag,0.304029304029304,2.2344322344322345,0.15384615384615385,0.5060240963855421,0.6959706959706959,273
uaat_monotone,splicing_connectors,0.3654618473895582,2.0803212851405624,0.14457831325301204,0.3956043956043956,0.6345381526104418,249
