{
  "name": "uncertainty_grid",
  "alpha": 0.0,
  "theta": 0.40485779307455383,
  "calib_risk": 2.477707006369427,
  "calib_coverage": 0.4012738853503185
}