policy,coverage,risk,wrong_auto_rate,auto_error_rate,defer_rate,n
uaat_monotone,0.5908565789473684,0.6323078947368421,0.04463289473684211,0.07553930399887764,0.4091434210526316,760000
uncertainty_grid,0.5611986842105263,0.6530184210526315,0.04284342105263158,0.07634269690582424,0.4388013157894737,760000
fixed,0.561171052631579,0.6537171052631578,0.04297763157894737,0.07658561748223874,0.43882894736842104,760000
