{
  "name": "monotone_policy_net",
  "context_cols": [
    "ctx_severity",
    "ctx_corr_gaussian_noise",
    "ctx_corr_pixelate",
    "ctx_corr_frost",
    "ctx_corr_fog",
    "ctx_corr_brightness",
    "ctx_corr_glass_blur",
    "ctx_corr_gaussian_blur",
    "ctx_corr_snow",
    "ctx_corr_contrast",
    "ctx_corr_impulse_noise",
    "ctx_corr_zoom_blur",
    "ctx_corr_elastic_transform",
    "ctx_corr_saturate",
    "ctx_corr_defocus_blur",
    "ctx_corr_jpeg_compression",
    "ctx_corr_motion_blur",
    "ctx_corr_shot_noise",
    "ctx_corr_spatter",
    "ctx_corr_speckle_noise",
    "ctx_brightness",
    "ctx_contrast",
    "ctx_blur_risk",
    "ctx_saturation"
  ],
  "state_dict": {
    "b": 0.7503910064697266,
    "w_u_raw": 2.101262331008911,
    "w_ctx": [
      1.7845994234085083,
      2.8305327892303467,
      0.4770720601081848,
      0.3553145229816437,
      -0.3310808837413788,
      -1.0433489084243774,
      2.572223424911499,
      0.5462862849235535,
      -0.11963508278131485,
      0.3181128203868866,
      1.2229846715927124,
      0.1734880954027176,
      -0.4692176282405853,
      -0.7584638595581055,
      -0.2076537162065506,
      -0.15356145799160004,
      0.18839627504348755,
      1.4231557846069336,
      -0.39156121015548706,
      1.1384530067443848,
      0.5267557501792908,
      0.5468934774398804,
      0.6622742414474487,
      0.30999046564102173
    ],
    "best_loss": 0.6601946353912354
  }
}