{
  "name": "uncertainty_grid",
  "alpha": 2.6500000000000004,
  "theta": 0.8126134444773196,
  "calib_risk": 0.6529736842105263,
  "calib_coverage": 0.56
}