policy,coverage,risk,wrong_auto_rate,auto_error_rate,defer_rate,n
uaat_monotone,0.4449275362318841,2.765217391304348,0.2210144927536232,0.496742671009772,0.5550724637681159,1380
fixed,0.686231884057971,4.610869565217391,0.42971014492753623,0.6261879619852164,0.313768115942029,1380
uncertainty_grid,0.686231884057971,4.610869565217391,0.42971014492753623,0.6261879619852164,0.313768115942029,1380
