{
  "name": "uncertainty_grid",
  "alpha": 0.0,
  "theta": 0.025856130596481064,
  "calib_risk": 4.51304347826087,
  "calib_coverage": 0.6608695652173913
}