policy,category,coverage,risk,wrong_auto_rate,auto_error_rate,defer_rate,n
fixed,breakfast_box,0.9272727272727272,5.618181818181819,0.5545454545454546,0.5980392156862745,0.07272727272727275,220
fixed,juice_bottle,0.7045454545454546,4.5,0.42045454545454547,0.5967741935483871,0.2954545454545454,264
fixed,pushpins,0.9879032258064516,5.455645161290322,0.5443548387096774,0.5510204081632653,0.012096774193548376,248
fixed,screw_bag,1.0,6.410256410256411,0.6410256410256411,0.6410256410256411,0.0,273
fixed,splicing_connectors,0.9317269076305221,5.570281124497991,0.5502008032128514,0.5905172413793104,0.06827309236947787,249
