policy,category,coverage,risk,wrong_auto_rate,auto_error_rate,defer_rate,n
uncertainty_grid,breakfast_box,0.8090909090909091,4.645454545454545,0.44545454545454544,0.550561797752809,0.19090909090909092,220
uncertainty_grid,juice_bottle,0.5037878787878788,2.731060606060606,0.22348484848484848,0.44360902255639095,0.4962121212121212,264
uncertainty_grid,pushpins,0.8951612903225806,4.741935483870967,0.4637096774193548,0.5180180180180181,0.10483870967741937,248
uncertainty_grid,screw_bag,0.9853479853479854,6.278388278388278,0.6263736263736264,0.6356877323420075,0.0146520146520146,273
uncertainty_grid,splicing_connectors,0.7791164658634538,4.31726907630522,0.40963855421686746,0.5257731958762887,0.22088353413654616,249
