policy,coverage,risk,wrong_auto_rate,auto_error_rate,defer_rate,n
uaat_monotone,0.6467304625199362,3.6945773524720895,0.33413078149920256,0.5166461159062885,0.35326953748006384,1254
fixed,0.7942583732057417,4.551834130781499,0.43460925039872406,0.5471887550200804,0.20574162679425834,1254
uncertainty_grid,0.7942583732057417,4.551834130781499,0.43460925039872406,0.5471887550200804,0.20574162679425834,1254
