{
  "name": "monotone_policy_net",
  "context_cols": [
    "ctx_cat_splicing_connectors",
    "ctx_cat_pushpins",
    "ctx_cat_juice_bottle",
    "ctx_cat_breakfast_box",
    "ctx_cat_screw_bag",
    "ctx_brightness",
    "ctx_contrast",
    "ctx_blur_risk",
    "ctx_saturation"
  ],
  "state_dict": {
    "b": -0.7340207099914551,
    "w_u_raw": 0.1831851452589035,
    "w_ctx": [
      0.051024727523326874,
      -3.051166534423828,
      -0.625422477722168,
      -0.2517997622489929,
      -0.15213075280189514,
      -0.02470850758254528,
      0.32996270060539246,
      -0.7841444611549377,
      -1.0947457551956177
    ],
    "best_loss": 3.9219305515289307
  }
}