{
  "name": "uncertainty_grid",
  "alpha": 0.0,
  "theta": 0.06341064193668358,
  "calib_risk": 4.455414012738854,
  "calib_coverage": 0.7802547770700637
}