{
  "name": "uncertainty_grid",
  "alpha": 0.0,
  "theta": 0.13734449188,
  "calib_risk": 3.2144927536231886,
  "calib_coverage": 0.5101449275362319
}