policy,category,coverage,risk,wrong_auto_rate,auto_error_rate,defer_rate,n
uaat_monotone,breakfast_box,0.4863636363636364,5.059090909090909,0.22727272727272727,0.4672897196261682,0.5136363636363637,220
uaat_monotone,juice_bottle,0.3371212121212121,2.9356060606060606,0.11363636363636363,0.33707865168539325,0.6628787878787878,264
uaat_monotone,pushpins,0.5403225806451613,5.620967741935484,0.25806451612903225,0.47761194029850745,0.45967741935483875,248
uaat_monotone,screw_bag,0.6373626373626373,7.835164835164836,0.37362637362637363,0.5862068965517241,0.3626373626373627,273
uaat_monotone,splicing_connectors,0.5341365461847389,5.285140562248996,0.24096385542168675,0.45112781954887216,0.46586345381526106,249
