{
  "name": "uncertainty_grid",
  "alpha": 2.8000000000000003,
  "theta": -0.04170825839042662,
  "calib_risk": 2.4450369155045117,
  "calib_coverage": 0.799972655181843
}