policy,category,coverage,risk,wrong_auto_rate,auto_error_rate,defer_rate,n
fixed,breakfast_box,0.6181818181818182,3.6545454545454543,0.32727272727272727,0.5294117647058824,0.38181818181818183,220
fixed,juice_bottle,0.3939393939393939,2.0454545454545454,0.14393939393939395,0.36538461538461536,0.6060606060606061,264
fixed,pushpins,0.7096774193548387,3.838709677419355,0.3548387096774194,0.5,0.29032258064516125,248
fixed,screw_bag,0.8937728937728938,5.6007326007326,0.5494505494505495,0.6147540983606558,0.10622710622710618,273
fixed,splicing_connectors,0.606425702811245,3.325301204819277,0.2931726907630522,0.48344370860927155,0.39357429718875503,249
