policy,category,coverage,risk,wrong_auto_rate,auto_error_rate,defer_rate,n
uaat_monotone,breakfast_box,0.5772727272727273,1.9,0.29545454545454547,0.5118110236220472,0.42272727272727273,220
uaat_monotone,juice_bottle,0.4015151515151515,1.3371212121212122,0.14772727272727273,0.36792452830188677,0.5984848484848485,264
uaat_monotone,pushpins,0.7016129032258065,2.05241935483871,0.35080645161290325,0.5,0.2983870967741935,248
uaat_monotone,screw_bag,0.7802197802197802,2.619047619047619,0.47985347985347987,0.6150234741784038,0.21978021978021978,273
uaat_monotone,splicing_connectors,0.4819277108433735,1.542168674698795,0.20481927710843373,0.425,0.5180722891566265,249
