policy,coverage,risk,wrong_auto_rate,auto_error_rate,defer_rate,n
uaat_monotone,0.5901116427432217,1.897129186602871,0.2974481658692185,0.504054054054054,0.4098883572567783,1254
fixed,0.6467304625199362,2.0318979266347688,0.335725677830941,0.5191122071516646,0.35326953748006384,1254
uncertainty_grid,0.6467304625199362,2.0318979266347688,0.335725677830941,0.5191122071516646,0.35326953748006384,1254
