{
  "name": "uncertainty_grid",
  "alpha": 0.325,
  "theta": 0.35735659151524307,
  "calib_risk": 0.991933278643697,
  "calib_coverage": 0.889937106918239
}