{
  "name": "uncertainty_grid",
  "alpha": 2.475,
  "theta": 0.8427827188931406,
  "calib_risk": 0.648921052631579,
  "calib_coverage": 0.55
}