{
  "name": "monotone_policy_net",
  "context_cols": [
    "ctx_severity",
    "ctx_corr_gaussian_noise",
    "ctx_corr_pixelate",
    "ctx_corr_frost",
    "ctx_corr_fog",
    "ctx_corr_brightness",
    "ctx_corr_glass_blur",
    "ctx_corr_gaussian_blur",
    "ctx_corr_snow",
    "ctx_corr_contrast",
    "ctx_corr_impulse_noise",
    "ctx_corr_zoom_blur",
    "ctx_corr_elastic_transform",
    "ctx_corr_saturate",
    "ctx_corr_defocus_blur",
    "ctx_corr_jpeg_compression",
    "ctx_corr_motion_blur",
    "ctx_corr_shot_noise",
    "ctx_corr_spatter",
    "ctx_corr_speckle_noise",
    "ctx_brightness",
    "ctx_contrast",
    "ctx_blur_risk",
    "ctx_saturation"
  ],
  "state_dict": {
    "b": 0.7777787446975708,
    "w_u_raw": 2.072286605834961,
    "w_ctx": [
      1.7701054811477661,
      2.8704922199249268,
      0.4945003390312195,
      0.38924673199653625,
      -0.30746832489967346,
      -1.0609859228134155,
      2.614349126815796,
      0.5451840162277222,
      -0.07358239591121674,
      0.32452392578125,
      1.251943588256836,
      0.20386902987957,
      -0.4338025152683258,
      -0.7465285062789917,
      -0.19234700500965118,
      -0.1014580950140953,
      0.24113619327545166,
      1.472697377204895,
      -0.3398912847042084,
      1.165775179862976,
      0.5571336150169373,
      0.576224148273468,
      0.6978367567062378,
      0.353304386138916
    ],
    "best_loss": 0.6611448526382446
  }
}