{
  "name": "uncertainty_grid",
  "alpha": 0.35000000000000003,
  "theta": 0.7761483218818904,
  "calib_risk": 0.7890263157894737,
  "calib_coverage": 0.71
}