{
  "name": "monotone_policy_net",
  "context_cols": [
    "ctx_severity",
    "ctx_corr_motion_blur",
    "ctx_corr_shot_noise",
    "ctx_corr_elastic_transform",
    "ctx_corr_contrast",
    "ctx_corr_zoom_blur",
    "ctx_corr_saturate",
    "ctx_corr_glass_blur",
    "ctx_corr_impulse_noise",
    "ctx_corr_brightness",
    "ctx_corr_frost",
    "ctx_corr_gaussian_blur",
    "ctx_corr_speckle_noise",
    "ctx_corr_snow",
    "ctx_corr_fog",
    "ctx_corr_pixelate",
    "ctx_corr_spatter",
    "ctx_corr_jpeg_compression",
    "ctx_corr_gaussian_noise",
    "ctx_corr_defocus_blur",
    "ctx_brightness",
    "ctx_contrast",
    "ctx_blur_risk",
    "ctx_saturation"
  ],
  "state_dict": {
    "b": 0.25633150339126587,
    "w_u_raw": 1.5437020063400269,
    "w_ctx": [
      2.242076873779297,
      -0.3872587978839874,
      1.1949572563171387,
      -0.8796894550323486,
      0.18895463645458221,
      -0.4742510914802551,
      -1.11357843875885,
      1.103122591972351,
      1.0712834596633911,
      -1.2121167182922363,
      -0.29245781898498535,
      0.2616913318634033,
      0.5391316413879395,
      -0.5346052646636963,
      -0.7322890162467957,
      0.17727844417095184,
      -1.1399251222610474,
      -1.1346312761306763,
      2.093350648880005,
      -0.2850911319255829,
      0.0869387835264206,
      0.14625170826911926,
      0.055127598345279694,
      -0.22687269747257233
    ],
    "best_loss": 0.7334117889404297
  }
}