policy,category,coverage,risk,wrong_auto_rate,auto_error_rate,defer_rate,n
uaat_monotone,breakfast_box,0.8136363636363636,2.4136363636363636,0.44545454545454544,0.547486033519553,0.1863636363636364,220
uaat_monotone,juice_bottle,0.38257575757575757,1.356060606060606,0.14772727272727273,0.38613861386138615,0.6174242424242424,264
uaat_monotone,pushpins,0.9314516129032258,2.548387096774194,0.4959677419354839,0.5324675324675324,0.06854838709677424,248
uaat_monotone,screw_bag,0.9560439560439561,3.0476190476190474,0.6007326007326007,0.6283524904214559,0.04395604395604391,273
uaat_monotone,splicing_connectors,0.7710843373493976,2.257028112449799,0.40562248995983935,0.5260416666666666,0.22891566265060237,249
