{
  "name": "uncertainty_grid",
  "alpha": 0.0,
  "theta": 0.041713680468258116,
  "calib_risk": 2.3980891719745223,
  "calib_coverage": 0.7993630573248408
}