{
  "name": "uncertainty_grid",
  "alpha": 0.0,
  "theta": 0.04339604451389307,
  "calib_risk": 4.284057971014493,
  "calib_coverage": 0.6289855072463768
}