{
  "name": "monotone_policy_net",
  "context_cols": [
    "ctx_cat_leather",
    "ctx_cat_hazelnut",
    "ctx_cat_bottle",
    "ctx_cat_carpet",
    "ctx_cat_metal_nut",
    "ctx_cat_grid",
    "ctx_cat_transistor",
    "ctx_cat_capsule",
    "ctx_cat_cable",
    "ctx_cat_toothbrush",
    "ctx_cat_screw",
    "ctx_cat_wood",
    "ctx_cat_zipper",
    "ctx_cat_tile",
    "ctx_cat_pill",
    "ctx_brightness",
    "ctx_contrast",
    "ctx_blur_risk",
    "ctx_saturation"
  ],
  "state_dict": {
    "b": -0.6963585615158081,
    "w_u_raw": 0.8947407603263855,
    "w_ctx": [
      -1.5415407419204712,
      -0.5037739276885986,
      -1.3454927206039429,
      0.17334075272083282,
      -0.8212958574295044,
      -1.7954761981964111,
      -0.27549630403518677,
      0.6121222972869873,
      -0.1541510969400406,
      0.9703632593154907,
      -0.8533174395561218,
      -1.708562970161438,
      -0.6715641617774963,
      -1.5652555227279663,
      0.3261030912399292,
      -0.6246216297149658,
      -0.6408936977386475,
      -0.6785829067230225,
      -1.8394924402236938
    ],
    "best_loss": 3.371661901473999
  }
}