policy,coverage,risk,wrong_auto_rate,auto_error_rate,defer_rate,n
uaat_monotone,0.8068105263157894,0.9020973684210527,0.14178157894736843,0.17573094837371325,0.19318947368421058,760000
uncertainty_grid,0.8505934210526316,1.032228947368421,0.17656447368421052,0.20757799121665835,0.14940657894736842,760000
fixed,0.8508236842105263,1.032696052631579,0.17670394736842104,0.2076857410620668,0.14917631578947366,760000
