{
  "name": "monotone_policy_net",
  "context_cols": [
    "ctx_severity",
    "ctx_corr_gaussian_noise",
    "ctx_corr_pixelate",
    "ctx_corr_frost",
    "ctx_corr_fog",
    "ctx_corr_brightness",
    "ctx_corr_glass_blur",
    "ctx_corr_gaussian_blur",
    "ctx_corr_snow",
    "ctx_corr_contrast",
    "ctx_corr_impulse_noise",
    "ctx_corr_zoom_blur",
    "ctx_corr_elastic_transform",
    "ctx_corr_saturate",
    "ctx_corr_defocus_blur",
    "ctx_corr_jpeg_compression",
    "ctx_corr_motion_blur",
    "ctx_corr_shot_noise",
    "ctx_corr_spatter",
    "ctx_corr_speckle_noise",
    "ctx_brightness",
    "ctx_contrast",
    "ctx_blur_risk",
    "ctx_saturation"
  ],
  "state_dict": {
    "b": -0.3212706446647644,
    "w_u_raw": 0.4430193603038788,
    "w_ctx": [
      3.0863747596740723,
      2.32438588142395,
      0.027023527771234512,
      -0.2941962480545044,
      -2.144256353378296,
      -2.266233444213867,
      0.8250239491462708,
      0.36082926392555237,
      -1.9157800674438477,
      -0.051884256303310394,
      1.1409966945648193,
      -0.9003251194953918,
      -2.6203489303588867,
      -1.7407017946243286,
      -1.045780062675476,
      -1.4574532508850098,
      -0.617669403553009,
      1.0018153190612793,
      -3.049572706222534,
      0.5747968554496765,
      -0.07477865368127823,
      -0.4057880640029907,
      -0.6657128930091858,
      -1.9710789918899536
    ],
    "best_loss": 0.9399540424346924
  }
}