{
  "name": "uncertainty_grid",
  "alpha": 0.1,
  "theta": 0.6041035307943822,
  "calib_risk": 1.0299736842105265,
  "calib_coverage": 0.85
}