policy,wilds_split,coverage,risk,wrong_auto_rate,auto_error_rate,defer_rate,n
fixed,test,0.3321259143277792,0.7592484400925428,0.018274870884064407,0.05502392344497608,0.6678740856722207,42791
