policy,wilds_split,coverage,risk,wrong_auto_rate,auto_error_rate,defer_rate,n
uaat_monotone,test,0.3810848075529901,0.7938351522516417,0.034983991960926365,0.09180106702643037,0.6189151924470099,42791
