{
  "name": "uncertainty_grid",
  "alpha": 0.0,
  "theta": 0.9925910711288453,
  "calib_risk": 0.6490292589554278,
  "calib_coverage": 0.4200164068908942
}