policy,coverage,risk,wrong_auto_rate,auto_error_rate,defer_rate,n
uaat_monotone,0.7560171052631579,0.8142986842105263,0.11406315789473684,0.15087377931089696,0.2439828947368421,760000
fixed,0.7905592105263158,0.9171973684210526,0.1415513157894737,0.17905213664544584,0.20944078947368416,760000
uncertainty_grid,0.7905592105263158,0.9171973684210526,0.1415513157894737,0.17905213664544584,0.20944078947368416,760000
