{
  "name": "monotone_policy_net",
  "context_cols": [
    "ctx_severity",
    "ctx_corr_motion_blur",
    "ctx_corr_shot_noise",
    "ctx_corr_elastic_transform",
    "ctx_corr_contrast",
    "ctx_corr_zoom_blur",
    "ctx_corr_saturate",
    "ctx_corr_glass_blur",
    "ctx_corr_impulse_noise",
    "ctx_corr_brightness",
    "ctx_corr_frost",
    "ctx_corr_gaussian_blur",
    "ctx_corr_speckle_noise",
    "ctx_corr_snow",
    "ctx_corr_fog",
    "ctx_corr_pixelate",
    "ctx_corr_spatter",
    "ctx_corr_jpeg_compression",
    "ctx_corr_gaussian_noise",
    "ctx_corr_defocus_blur",
    "ctx_brightness",
    "ctx_contrast",
    "ctx_blur_risk",
    "ctx_saturation"
  ],
  "state_dict": {
    "b": 0.06436962634325027,
    "w_u_raw": 0.7294687628746033,
    "w_ctx": [
      2.561417818069458,
      -0.7154927253723145,
      1.1517219543457031,
      -1.9758050441741943,
      -0.06671736389398575,
      -0.5915350317955017,
      -1.4322412014007568,
      0.8938665390014648,
      1.0477421283721924,
      -2.437556266784668,
      -0.29574012756347656,
      0.17992115020751953,
      0.6572920680046082,
      -0.7873860001564026,
      -1.3949941396713257,
      0.0533914752304554,
      -1.306563138961792,
      -1.210024356842041,
      2.145906686782837,
      -0.34719446301460266,
      -0.1786702573299408,
      -0.11924536526203156,
      -0.26979443430900574,
      -1.111531138420105
    ],
    "best_loss": 0.837058424949646
  }
}