{
  "name": "uncertainty_grid",
  "alpha": 0.0,
  "theta": 0.7478002500534058,
  "calib_risk": 0.9160263157894737,
  "calib_coverage": 0.79
}