{
  "name": "uncertainty_grid",
  "alpha": 2.7,
  "theta": 0.8654026907272638,
  "calib_risk": 0.6444210526315789,
  "calib_coverage": 0.53
}