{
  "name": "monotone_policy_net",
  "context_cols": [
    "ctx_severity",
    "ctx_corr_gaussian_noise",
    "ctx_corr_pixelate",
    "ctx_corr_frost",
    "ctx_corr_fog",
    "ctx_corr_brightness",
    "ctx_corr_glass_blur",
    "ctx_corr_gaussian_blur",
    "ctx_corr_snow",
    "ctx_corr_contrast",
    "ctx_corr_impulse_noise",
    "ctx_corr_zoom_blur",
    "ctx_corr_elastic_transform",
    "ctx_corr_saturate",
    "ctx_corr_defocus_blur",
    "ctx_corr_jpeg_compression",
    "ctx_corr_motion_blur",
    "ctx_corr_shot_noise",
    "ctx_corr_spatter",
    "ctx_corr_speckle_noise",
    "ctx_brightness",
    "ctx_contrast",
    "ctx_blur_risk",
    "ctx_saturation"
  ],
  "state_dict": {
    "b": 0.8277859091758728,
    "w_u_raw": 1.9930521249771118,
    "w_ctx": [
      1.7526085376739502,
      2.906179666519165,
      0.5310634970664978,
      0.45241692662239075,
      -0.27094122767448425,
      -1.0828850269317627,
      2.6557118892669678,
      0.5468166470527649,
      0.022540826350450516,
      0.33928820490837097,
      1.3327468633651733,
      0.2706974744796753,
      -0.38607320189476013,
      -0.7348366975784302,
      -0.16057075560092926,
      -0.02000357024371624,
      0.34266430139541626,
      1.606580376625061,
      -0.25563833117485046,
      1.2406949996948242,
      0.6201762557029724,
      0.632625937461853,
      0.7618476748466492,
      0.4431217312812805
    ],
    "best_loss": 0.6647936701774597
  }
}