{
  "name": "uncertainty_grid",
  "alpha": 0.025,
  "theta": 0.9968027708109003,
  "calib_risk": 0.6558947368421053,
  "calib_coverage": 0.41
}