{
  "name": "monotone_policy_net",
  "context_cols": [
    "ctx_severity",
    "ctx_corr_fog",
    "ctx_corr_impulse_noise",
    "ctx_corr_snow",
    "ctx_corr_elastic_transform",
    "ctx_corr_zoom_blur",
    "ctx_corr_frost",
    "ctx_corr_contrast",
    "ctx_corr_pixelate",
    "ctx_corr_defocus_blur",
    "ctx_corr_saturate",
    "ctx_corr_motion_blur",
    "ctx_corr_gaussian_blur",
    "ctx_corr_speckle_noise",
    "ctx_corr_gaussian_noise",
    "ctx_corr_jpeg_compression",
    "ctx_corr_spatter",
    "ctx_corr_brightness",
    "ctx_corr_glass_blur",
    "ctx_corr_shot_noise",
    "ctx_brightness",
    "ctx_contrast",
    "ctx_blur_risk",
    "ctx_saturation"
  ],
  "state_dict": {
    "b": 1.095352292060852,
    "w_u_raw": 1.4744306802749634,
    "w_ctx": [
      1.7084873914718628,
      -0.07729604840278625,
      1.8590757846832275,
      0.6392555236816406,
      0.1822575479745865,
      0.8234657645225525,
      0.9989222884178162,
      0.47341394424438477,
      1.0172282457351685,
      -0.03849669173359871,
      -0.6353365182876587,
      1.1613072156906128,
      0.8502886295318604,
      1.6691166162490845,
      2.624638795852661,
      0.5730650424957275,
      0.1595735400915146,
      -1.0160177946090698,
      2.3502347469329834,
      1.9822543859481812,
      1.0041810274124146,
      1.024481177330017,
      1.0354284048080444,
      0.9941486716270447
    ],
    "best_loss": 0.7200620770454407
  }
}