policy,wilds_split,coverage,risk,wrong_auto_rate,auto_error_rate,defer_rate,n
uaat_monotone,test,0.4862938468369517,0.9549204271926339,0.08824285480591713,0.1814599452160123,0.5137061531630482,42791
