policy,coverage,risk,wrong_auto_rate,auto_error_rate,defer_rate,n
uaat_monotone,0.4862938468369517,0.9549204271926339,0.08824285480591713,0.1814599452160123,0.5137061531630482,42791
fixed,0.4978616998901638,0.9876375873431329,0.09709985744665935,0.19503379647014646,0.5021383001098362,42791
uncertainty_grid,0.4978616998901638,0.9876375873431329,0.09709985744665935,0.19503379647014646,0.5021383001098362,42791
