{
  "name": "uncertainty_grid",
  "alpha": 0.0,
  "theta": 0.8610982835292813,
  "calib_risk": 0.6203171998906207,
  "calib_coverage": 0.6599671862182116
}