policy,category,coverage,risk,wrong_auto_rate,auto_error_rate,defer_rate,n
uncertainty_grid,breakfast_box,0.37727272727272726,2.122727272727273,0.15,0.39759036144578314,0.6227272727272728,220
uncertainty_grid,juice_bottle,0.2689393939393939,1.4507575757575757,0.07196969696969698,0.2676056338028169,0.7310606060606061,264
uncertainty_grid,pushpins,0.46774193548387094,2.8306451612903225,0.22983870967741934,0.49137931034482757,0.532258064516129,248
uncertainty_grid,screw_bag,0.6556776556776557,4.043956043956044,0.36996336996337,0.5642458100558659,0.3443223443223443,273
uncertainty_grid,splicing_connectors,0.46184738955823296,2.586345381526104,0.20481927710843373,0.4434782608695652,0.5381526104417671,249
