{
  "name": "uncertainty_grid",
  "alpha": 0.0,
  "theta": 0.36811460850969846,
  "calib_risk": 2.7802547770700636,
  "calib_coverage": 0.48089171974522293
}