{
  "name": "uncertainty_grid",
  "alpha": 2.825,
  "theta": -0.7286517870426178,
  "calib_risk": 3.5345911949685536,
  "calib_coverage": 0.8999179655455292
}