{
  "name": "uncertainty_grid",
  "alpha": 0.0,
  "theta": 0.011792733175999999,
  "calib_risk": 5.0144927536231885,
  "calib_coverage": 0.7391304347826086
}