policy,wilds_split,coverage,risk,wrong_auto_rate,auto_error_rate,defer_rate,n
fixed,test,0.4652380173400949,0.9141641934051552,0.07588044214905003,0.163100261201527,0.534761982659905,42791
