{
  "name": "uncertainty_grid",
  "alpha": 0.025,
  "theta": 0.8997216886579991,
  "calib_risk": 0.6819797648345638,
  "calib_coverage": 0.6400054689636314
}