policy,wilds_split,coverage,risk,wrong_auto_rate,auto_error_rate,defer_rate,n
uaat_monotone,test,0.3804772031501951,0.7632446075109253,0.028744362132224067,0.07554818500092132,0.6195227968498049,42791
