policy,coverage,risk,wrong_auto_rate,auto_error_rate,defer_rate,n
fixed,0.3391133649599215,0.7446659344254632,0.016755859877076954,0.0494107918131073,0.6608866350400785,42791
uncertainty_grid,0.3391133649599215,0.7446659344254632,0.016755859877076954,0.0494107918131073,0.6608866350400785,42791
uaat_monotone,0.3804772031501951,0.7632446075109253,0.028744362132224067,0.07554818500092132,0.6195227968498049,42791
