{
  "name": "uncertainty_grid",
  "alpha": 0.0,
  "theta": 0.9854031085968018,
  "calib_risk": 0.599945310363686,
  "calib_coverage": 0.4499589827727646
}