{
  "name": "uncertainty_grid",
  "alpha": 1.9500000000000002,
  "theta": 0.7748935169726612,
  "calib_risk": 0.6786052631578947,
  "calib_coverage": 0.6
}