policy,category,coverage,risk,wrong_auto_rate,auto_error_rate,defer_rate,n
uncertainty_grid,breakfast_box,0.9272727272727272,1.1818181818181819,0.5545454545454546,0.5980392156862745,0.07272727272727275,220
uncertainty_grid,juice_bottle,0.7045454545454546,1.1363636363636362,0.42045454545454547,0.5967741935483871,0.2954545454545454,264
uncertainty_grid,pushpins,0.9879032258064516,1.100806451612903,0.5443548387096774,0.5510204081632653,0.012096774193548376,248
uncertainty_grid,screw_bag,1.0,1.2820512820512822,0.6410256410256411,0.6410256410256411,0.0,273
uncertainty_grid,splicing_connectors,0.9317269076305221,1.1686746987951806,0.5502008032128514,0.5905172413793104,0.06827309236947787,249
