policy,category,coverage,risk,wrong_auto_rate,auto_error_rate,defer_rate,n
uaat_monotone,breakfast_box,0.8863636363636364,1.140909090909091,0.5136363636363637,0.5794871794871795,0.11363636363636365,220
uaat_monotone,juice_bottle,0.6287878787878788,1.0606060606060606,0.3446969696969697,0.5481927710843374,0.3712121212121212,264
uaat_monotone,pushpins,0.9435483870967742,1.064516129032258,0.5040322580645161,0.5341880341880342,0.056451612903225756,248
uaat_monotone,screw_bag,1.0,1.2820512820512822,0.6410256410256411,0.6410256410256411,0.0,273
uaat_monotone,splicing_connectors,0.8835341365461847,1.1204819277108435,0.5020080321285141,0.5681818181818182,0.11646586345381527,249
