policy,wilds_split,coverage,risk,wrong_auto_rate,auto_error_rate,defer_rate,n
uaat_monotone,test,0.3869505269799724,0.6940244443925124,0.016194994274496975,0.041852880782703224,0.6130494730200275,42791
