{
  "name": "uncertainty_grid",
  "alpha": 1.425,
  "theta": 0.9813777591586114,
  "calib_risk": 0.6121137544435329,
  "calib_coverage": 0.4200164068908942
}