policy,category,coverage,risk,wrong_auto_rate,auto_error_rate,defer_rate,n
fixed,breakfast_box,0.9454545454545454,5.781818181818182,0.5727272727272728,0.6057692307692307,0.054545454545454564,220
fixed,juice_bottle,0.7537878787878788,4.943181818181818,0.4696969696969697,0.6231155778894473,0.24621212121212122,264
fixed,pushpins,0.9879032258064516,5.455645161290322,0.5443548387096774,0.5510204081632653,0.012096774193548376,248
fixed,screw_bag,1.0,6.410256410256411,0.6410256410256411,0.6410256410256411,0.0,273
fixed,splicing_connectors,0.9437751004016064,5.678714859437751,0.5622489959839357,0.5957446808510638,0.05622489959839361,249
