{
  "name": "uncertainty_grid",
  "alpha": 0.0,
  "theta": 0.0010878959350132432,
  "calib_risk": 5.592356687898089,
  "calib_coverage": 0.9171974522292994
}