policy,category,coverage,risk,wrong_auto_rate,auto_error_rate,defer_rate,n
fixed,breakfast_box,0.5,2.909090909090909,0.2409090909090909,0.4818181818181818,0.5,220
fixed,juice_bottle,0.3484848484848485,1.977272727272727,0.13257575757575757,0.3804347826086957,0.6515151515151515,264
fixed,pushpins,0.5685483870967742,3.213709677419355,0.2782258064516129,0.48936170212765956,0.43145161290322576,248
fixed,screw_bag,0.7692307692307693,4.846153846153847,0.46153846153846156,0.6,0.23076923076923073,273
fixed,splicing_connectors,0.5220883534136547,2.686746987951807,0.22088353413654618,0.4230769230769231,0.47791164658634533,249
