policy,category,coverage,risk,wrong_auto_rate,auto_error_rate,defer_rate,n
uaat_monotone,breakfast_box,0.44545454545454544,2.690909090909091,0.21363636363636362,0.47959183673469385,0.5545454545454546,220
uaat_monotone,juice_bottle,0.3712121212121212,2.0681818181818183,0.14393939393939395,0.3877551020408163,0.6287878787878788,264
uaat_monotone,pushpins,0.3387096774193548,2.153225806451613,0.14919354838709678,0.44047619047619047,0.6612903225806452,248
uaat_monotone,screw_bag,0.6336996336996337,4.029304029304029,0.3663003663003663,0.5780346820809249,0.36630036630036633,273
uaat_monotone,splicing_connectors,0.5943775100401606,3.2570281124497993,0.285140562248996,0.4797297297297297,0.4056224899598394,249
