policy,category,coverage,risk,wrong_auto_rate,auto_error_rate,defer_rate,n
uaat_monotone,breakfast_box,0.759090909090909,4.331818181818182,0.4090909090909091,0.5389221556886228,0.24090909090909096,220
uaat_monotone,juice_bottle,0.4431818181818182,2.337121212121212,0.17803030303030304,0.4017094017094017,0.5568181818181819,264
uaat_monotone,pushpins,0.9637096774193549,5.237903225806451,0.5201612903225806,0.5397489539748954,0.03629032258064513,248
uaat_monotone,screw_bag,0.9523809523809523,6.018315018315018,0.5970695970695971,0.6269230769230769,0.04761904761904767,273
uaat_monotone,splicing_connectors,0.7831325301204819,4.353413654618474,0.41365461847389556,0.5282051282051282,0.2168674698795181,249
