policy,category,coverage,risk,wrong_auto_rate,auto_error_rate,defer_rate,n
uncertainty_grid,breakfast_box,0.9681818181818181,5.986363636363637,0.5954545454545455,0.6150234741784038,0.03181818181818186,220
uncertainty_grid,juice_bottle,0.7992424242424242,5.3522727272727275,0.5151515151515151,0.6445497630331753,0.2007575757575758,264
uncertainty_grid,pushpins,0.9798387096774194,5.383064516129032,0.5362903225806451,0.5473251028806584,0.020161290322580627,248
uncertainty_grid,screw_bag,1.0,6.410256410256411,0.6410256410256411,0.6410256410256411,0.0,273
uncertainty_grid,splicing_connectors,0.9799196787148594,6.004016064257028,0.5983935742971888,0.610655737704918,0.02008032128514059,249
