{
  "name": "uncertainty_grid",
  "alpha": 0.5750000000000001,
  "theta": 0.6269746882840991,
  "calib_risk": 0.8465263157894737,
  "calib_coverage": 0.75
}