{
  "name": "monotone_policy_net",
  "context_cols": [
    "ctx_severity",
    "ctx_corr_fog",
    "ctx_corr_impulse_noise",
    "ctx_corr_snow",
    "ctx_corr_elastic_transform",
    "ctx_corr_zoom_blur",
    "ctx_corr_frost",
    "ctx_corr_contrast",
    "ctx_corr_pixelate",
    "ctx_corr_defocus_blur",
    "ctx_corr_saturate",
    "ctx_corr_motion_blur",
    "ctx_corr_gaussian_blur",
    "ctx_corr_speckle_noise",
    "ctx_corr_gaussian_noise",
    "ctx_corr_jpeg_compression",
    "ctx_corr_spatter",
    "ctx_corr_brightness",
    "ctx_corr_glass_blur",
    "ctx_corr_shot_noise",
    "ctx_brightness",
    "ctx_contrast",
    "ctx_blur_risk",
    "ctx_saturation"
  ],
  "state_dict": {
    "b": 0.14238843321800232,
    "w_u_raw": 1.2990115880966187,
    "w_ctx": [
      2.319267988204956,
      -1.01809823513031,
      1.1329594850540161,
      -0.7570226788520813,
      -1.7629971504211426,
      -0.4446571171283722,
      -0.4144018292427063,
      -0.23418556153774261,
      0.09408074617385864,
      -0.4139319658279419,
      -1.5085898637771606,
      -0.5548981428146362,
      0.40694838762283325,
      0.7069694995880127,
      2.1148765087127686,
      -1.0579882860183716,
      -1.4815646409988403,
      -1.4090614318847656,
      0.9894570112228394,
      1.0124777555465698,
      0.07410334050655365,
      -0.26844093203544617,
      0.09823887795209885,
      -1.0114738941192627
    ],
    "best_loss": 0.780064046382904
  }
}