policy,category,coverage,risk,wrong_auto_rate,auto_error_rate,defer_rate,n
uaat_monotone,breakfast_box,0.2409090909090909,1.5772727272727272,0.08181818181818182,0.33962264150943394,0.759090909090909,220
uaat_monotone,juice_bottle,0.2689393939393939,1.4507575757575757,0.07196969696969698,0.2676056338028169,0.7310606060606061,264
uaat_monotone,pushpins,0.24193548387096775,1.967741935483871,0.12096774193548387,0.5,0.7580645161290323,248
uaat_monotone,screw_bag,0.2783882783882784,2.0036630036630036,0.1282051282051282,0.4605263157894737,0.7216117216117216,273
uaat_monotone,splicing_connectors,0.357429718875502,2.0883534136546187,0.14457831325301204,0.4044943820224719,0.642570281124498,249
