{
  "name": "uncertainty_grid",
  "alpha": 0.0,
  "theta": 0.4136203530896992,
  "calib_risk": 2.6401273885350323,
  "calib_coverage": 0.4299363057324841
}