policy,category,coverage,risk,wrong_auto_rate,auto_error_rate,defer_rate,n
uaat_monotone,breakfast_box,0.7227272727272728,4.05,0.37727272727272726,0.5220125786163522,0.2772727272727272,220
uaat_monotone,juice_bottle,0.5,2.659090909090909,0.2159090909090909,0.4318181818181818,0.5,264
uaat_monotone,pushpins,0.6048387096774194,3.4596774193548385,0.3064516129032258,0.5066666666666667,0.3951612903225806,248
uaat_monotone,screw_bag,0.9230769230769231,5.827838827838827,0.575091575091575,0.623015873015873,0.07692307692307687,273
uaat_monotone,splicing_connectors,0.7670682730923695,4.208835341365462,0.39759036144578314,0.518324607329843,0.23293172690763053,249
