{
  "name": "uncertainty_grid",
  "alpha": 0.0,
  "theta": 0.00047778465128756243,
  "calib_risk": 5.707006369426751,
  "calib_coverage": 0.9299363057324841
}