{
  "name": "uncertainty_grid",
  "alpha": 0.8,
  "theta": 0.9888483856916429,
  "calib_risk": 0.6565263157894737,
  "calib_coverage": 0.41
}