{
  "name": "monotone_policy_net",
  "context_cols": [
    "ctx_severity",
    "ctx_corr_motion_blur",
    "ctx_corr_shot_noise",
    "ctx_corr_elastic_transform",
    "ctx_corr_contrast",
    "ctx_corr_zoom_blur",
    "ctx_corr_saturate",
    "ctx_corr_glass_blur",
    "ctx_corr_impulse_noise",
    "ctx_corr_brightness",
    "ctx_corr_frost",
    "ctx_corr_gaussian_blur",
    "ctx_corr_speckle_noise",
    "ctx_corr_snow",
    "ctx_corr_fog",
    "ctx_corr_pixelate",
    "ctx_corr_spatter",
    "ctx_corr_jpeg_compression",
    "ctx_corr_gaussian_noise",
    "ctx_corr_defocus_blur",
    "ctx_brightness",
    "ctx_contrast",
    "ctx_blur_risk",
    "ctx_saturation"
  ],
  "state_dict": {
    "b": 1.1022531986236572,
    "w_u_raw": 1.4819886684417725,
    "w_ctx": [
      1.6693557500839233,
      1.0712238550186157,
      2.0146853923797607,
      -0.13342337310314178,
      0.48842424154281616,
      0.8487850427627563,
      -0.6844051480293274,
      2.3524508476257324,
      1.9246634244918823,
      -1.1098785400390625,
      1.079444408416748,
      0.8657617568969727,
      1.6671745777130127,
      0.699642539024353,
      -0.024229811504483223,
      1.1684108972549438,
      0.03140668943524361,
      0.6056073307991028,
      2.6565639972686768,
      0.0875709056854248,
      1.0204781293869019,
      1.0250211954116821,
      1.0425918102264404,
      0.9975498914718628
    ],
    "best_loss": 0.7197730541229248
  }
}