policy,coverage,risk,wrong_auto_rate,auto_error_rate,defer_rate,n
uaat_monotone,0.5573881578947368,0.6176776315789474,0.03501315789473684,0.0628164725045147,0.44261184210526316,760000
uncertainty_grid,0.4986565789473684,0.6388828947368421,0.027507894736842106,0.05516400644890614,0.5013434210526315,760000
fixed,0.4985934210526316,0.6393276315789473,0.02758421052631579,0.05532405635854549,0.5014065789473684,760000
