{
  "name": "monotone_policy_net",
  "context_cols": [
    "ctx_severity",
    "ctx_corr_fog",
    "ctx_corr_impulse_noise",
    "ctx_corr_snow",
    "ctx_corr_elastic_transform",
    "ctx_corr_zoom_blur",
    "ctx_corr_frost",
    "ctx_corr_contrast",
    "ctx_corr_pixelate",
    "ctx_corr_defocus_blur",
    "ctx_corr_saturate",
    "ctx_corr_motion_blur",
    "ctx_corr_gaussian_blur",
    "ctx_corr_speckle_noise",
    "ctx_corr_gaussian_noise",
    "ctx_corr_jpeg_compression",
    "ctx_corr_spatter",
    "ctx_corr_brightness",
    "ctx_corr_glass_blur",
    "ctx_corr_shot_noise",
    "ctx_brightness",
    "ctx_contrast",
    "ctx_blur_risk",
    "ctx_saturation"
  ],
  "state_dict": {
    "b": 0.901797354221344,
    "w_u_raw": 1.8299731016159058,
    "w_ctx": [
      1.7946397066116333,
      -0.24824804067611694,
      1.6257483959197998,
      0.062416814267635345,
      -0.13724979758262634,
      0.2907107472419739,
      0.5168030858039856,
      0.2504982054233551,
      0.5900957584381104,
      -0.16463235020637512,
      -0.7410163283348083,
      0.548649251461029,
      0.5851926803588867,
      1.351569414138794,
      2.9119725227355957,
      0.10055520385503769,
      -0.18361206352710724,
      -1.1507598161697388,
      2.602017641067505,
      1.7966500520706177,
      0.7030929923057556,
      0.7783864736557007,
      0.8225885629653931,
      0.577258825302124
    ],
    "best_loss": 0.6722740530967712
  }
}