policy,category,coverage,risk,wrong_auto_rate,auto_error_rate,defer_rate,n
uaat_monotone,breakfast_box,0.7045454545454546,2.1136363636363638,0.36363636363636365,0.5161290322580645,0.2954545454545454,220
uaat_monotone,juice_bottle,0.48484848484848486,1.5189393939393938,0.20075757575757575,0.4140625,0.5151515151515151,264
uaat_monotone,pushpins,0.5201612903225806,1.7701612903225805,0.25806451612903225,0.49612403100775193,0.4798387096774194,248
uaat_monotone,screw_bag,0.9194139194139194,2.9560439560439558,0.575091575091575,0.6254980079681275,0.08058608058608063,273
uaat_monotone,splicing_connectors,0.7590361445783133,2.2289156626506026,0.39759036144578314,0.5238095238095238,0.24096385542168675,249
