{
  "name": "uncertainty_grid",
  "alpha": 0.0,
  "theta": 0.06958204826431913,
  "calib_risk": 2.445859872611465,
  "calib_coverage": 0.7993630573248408
}