{
  "name": "monotone_policy_net",
  "context_cols": [
    "ctx_cat_toothbrush",
    "ctx_cat_grid",
    "ctx_cat_capsule",
    "ctx_cat_hazelnut",
    "ctx_cat_carpet",
    "ctx_cat_cable",
    "ctx_cat_leather",
    "ctx_cat_pill",
    "ctx_cat_screw",
    "ctx_cat_transistor",
    "ctx_cat_metal_nut",
    "ctx_cat_wood",
    "ctx_cat_tile",
    "ctx_cat_zipper",
    "ctx_cat_bottle",
    "ctx_brightness",
    "ctx_contrast",
    "ctx_blur_risk",
    "ctx_saturation"
  ],
  "state_dict": {
    "b": -1.0979143381118774,
    "w_u_raw": -0.6843743920326233,
    "w_ctx": [
      -0.292906254529953,
      -0.5865328311920166,
      -0.6996455788612366,
      -0.6190637350082397,
      -3.94844388961792,
      -0.6964069604873657,
      -3.8870937824249268,
      -0.5520312190055847,
      -0.8802545666694641,
      -0.35618823766708374,
      -0.6736769676208496,
      -2.290519952774048,
      -0.37692683935165405,
      -0.6139364838600159,
      -0.011664126068353653,
      -1.0887895822525024,
      -0.8591364622116089,
      -1.0593669414520264,
      -1.5883054733276367
    ],
    "best_loss": 5.889601707458496
  }
}