{
  "name": "uncertainty_grid",
  "alpha": 0.5,
  "theta": 0.9485587320290505,
  "calib_risk": 0.5579710144927537,
  "calib_coverage": 0.5500410172272354
}