policy,severity,coverage,risk,wrong_auto_rate,auto_error_rate,defer_rate,n
fixed,1,0.884671052631579,0.45733552631578944,0.06840131578947369,0.07731836097270767,0.11532894736842103,152000
fixed,2,0.8430131578947369,0.6543552631578947,0.09947368421052631,0.11799778363951365,0.15698684210526315,152000
fixed,3,0.8056842105263158,0.8694144736842107,0.13501973684210528,0.16758394303632088,0.19431578947368422,152000
fixed,4,0.7645263157894737,1.1493223684210525,0.18276973684210526,0.23906271513148836,0.23547368421052628,152000
fixed,5,0.7079868421052632,1.5504342105263156,0.2516842105263158,0.35549277974984667,0.2920131578947368,152000
