policy,severity,coverage,risk,wrong_auto_rate,auto_error_rate,defer_rate,n
uncertainty_grid,1,0.8843947368421052,0.45646052631578954,0.06817105263157895,0.07708215550331776,0.11560526315789477,152000
uncertainty_grid,2,0.8427763157894737,0.6535394736842106,0.09926315789473684,0.11778114315155111,0.15722368421052635,152000
uncertainty_grid,3,0.8053881578947368,0.8686907894736843,0.13481578947368422,0.16739231655216918,0.19461184210526317,152000
uncertainty_grid,4,0.764953947368421,1.1504078947368421,0.18307236842105262,0.2393246927489615,0.23504605263157896,152000
uncertainty_grid,5,0.7090723684210526,1.553921052631579,0.25259868421052634,0.3562382282262778,0.2909276315789474,152000
