{
  "name": "monotone_policy_net",
  "context_cols": [
    "ctx_severity",
    "ctx_corr_gaussian_noise",
    "ctx_corr_speckle_noise",
    "ctx_corr_gaussian_blur",
    "ctx_corr_elastic_transform",
    "ctx_corr_contrast",
    "ctx_corr_motion_blur",
    "ctx_corr_impulse_noise",
    "ctx_corr_snow",
    "ctx_corr_zoom_blur",
    "ctx_corr_saturate",
    "ctx_corr_frost",
    "ctx_corr_fog",
    "ctx_corr_spatter",
    "ctx_corr_defocus_blur",
    "ctx_corr_glass_blur",
    "ctx_corr_shot_noise",
    "ctx_corr_brightness",
    "ctx_corr_jpeg_compression",
    "ctx_corr_pixelate",
    "ctx_brightness",
    "ctx_contrast",
    "ctx_blur_risk",
    "ctx_saturation"
  ],
  "state_dict": {
    "b": -0.013287879526615143,
    "w_u_raw": 1.211031436920166,
    "w_ctx": [
      2.483170747756958,
      2.116547107696533,
      0.34775277972221375,
      0.3765510618686676,
      -1.8284602165222168,
      0.21307963132858276,
      -0.6145637631416321,
      1.121394157409668,
      -1.366051435470581,
      -0.3683621883392334,
      -1.6154766082763672,
      -0.36328402161598206,
      -1.3267968893051147,
      -1.9242262840270996,
      -0.7657274603843689,
      0.6943568587303162,
      0.9977155923843384,
      -2.17604923248291,
      -1.2015595436096191,
      0.13485826551914215,
      -0.05074771121144295,
      -0.07054403424263,
      -0.4511229395866394,
      -1.0620099306106567
    ],
    "best_loss": 0.852668821811676
  }
}