{
  "name": "uncertainty_grid",
  "alpha": 0.1,
  "theta": 0.6886876779794693,
  "calib_risk": 0.934921052631579,
  "calib_coverage": 0.8
}