policy,category,coverage,risk,wrong_auto_rate,auto_error_rate,defer_rate,n
fixed,breakfast_box,0.6181818181818182,3.6545454545454543,0.32727272727272727,0.5294117647058824,0.38181818181818183,220
fixed,juice_bottle,0.3977272727272727,2.041666666666667,0.14393939393939395,0.3619047619047619,0.6022727272727273,264
fixed,pushpins,0.7137096774193549,3.875,0.3588709677419355,0.5028248587570622,0.28629032258064513,248
fixed,screw_bag,0.8937728937728938,5.6007326007326,0.5494505494505495,0.6147540983606558,0.10622710622710618,273
fixed,splicing_connectors,0.6144578313253012,3.3574297188755016,0.2971887550200803,0.48366013071895425,0.3855421686746988,249
