policy,category,coverage,risk,wrong_auto_rate,auto_error_rate,defer_rate,n
uaat_monotone,breakfast_box,0.5681818181818182,3.2954545454545454,0.2863636363636364,0.504,0.43181818181818177,220
uaat_monotone,juice_bottle,0.3939393939393939,2.0454545454545454,0.14393939393939395,0.36538461538461536,0.6060606060606061,264
uaat_monotone,pushpins,0.5846774193548387,3.157258064516129,0.27419354838709675,0.4689655172413793,0.41532258064516125,248
uaat_monotone,screw_bag,0.6666666666666666,4.216117216117216,0.3882783882783883,0.5824175824175825,0.33333333333333337,273
uaat_monotone,splicing_connectors,0.4738955823293173,2.534136546184739,0.20080321285140562,0.423728813559322,0.5261044176706827,249
