{
  "name": "uncertainty_grid",
  "alpha": 0.0,
  "theta": 0.1951209368140051,
  "calib_risk": 3.5127388535031843,
  "calib_coverage": 0.60828025477707
}