policy,coverage,risk,wrong_auto_rate,auto_error_rate,defer_rate,n
uaat_monotone,0.5792592105263158,0.6264578947368421,0.04114342105263158,0.0710276510152486,0.4207407894736842,760000
uncertainty_grid,0.5396631578947368,0.6458565789473685,0.037103947368421056,0.06875390106889287,0.46033684210526316,760000
fixed,0.539446052631579,0.6465210526315789,0.03719342105263158,0.06894743389295549,0.46055394736842103,760000
