{
  "name": "uncertainty_grid",
  "alpha": 0.9,
  "theta": 0.937451787248254,
  "calib_risk": 0.6451842105263157,
  "calib_coverage": 0.54
}