{
  "name": "monotone_policy_net",
  "context_cols": [
    "ctx_severity",
    "ctx_corr_motion_blur",
    "ctx_corr_shot_noise",
    "ctx_corr_elastic_transform",
    "ctx_corr_contrast",
    "ctx_corr_zoom_blur",
    "ctx_corr_saturate",
    "ctx_corr_glass_blur",
    "ctx_corr_impulse_noise",
    "ctx_corr_brightness",
    "ctx_corr_frost",
    "ctx_corr_gaussian_blur",
    "ctx_corr_speckle_noise",
    "ctx_corr_snow",
    "ctx_corr_fog",
    "ctx_corr_pixelate",
    "ctx_corr_spatter",
    "ctx_corr_jpeg_compression",
    "ctx_corr_gaussian_noise",
    "ctx_corr_defocus_blur",
    "ctx_brightness",
    "ctx_contrast",
    "ctx_blur_risk",
    "ctx_saturation"
  ],
  "state_dict": {
    "b": 0.8062849640846252,
    "w_u_raw": 2.024723529815674,
    "w_ctx": [
      1.800023078918457,
      0.2867620587348938,
      1.5314046144485474,
      -0.43858006596565247,
      0.21988935768604279,
      0.20231103897094727,
      -0.8142749667167664,
      2.595287799835205,
      1.409643530845642,
      -1.1102975606918335,
      0.40230169892311096,
      0.5612816214561462,
      1.1270672082901,
      -0.07471862435340881,
      -0.2879972755908966,
      0.6163435578346252,
      -0.3338332772254944,
      -0.26690641045570374,
      2.9828386306762695,
      -0.09383106976747513,
      0.5977856516838074,
      0.6202069520950317,
      0.7209006547927856,
      0.3998560607433319
    ],
    "best_loss": 0.6603180170059204
  }
}