policy,wilds_split,coverage,risk,wrong_auto_rate,auto_error_rate,defer_rate,n
fixed,test,0.38171578135589257,0.7701853193428525,0.030380220139749014,0.07958858822088895,0.6182842186441074,42791
