{
  "name": "uncertainty_grid",
  "alpha": 0.225,
  "theta": 0.9526104414174332,
  "calib_risk": 0.564397046759639,
  "calib_coverage": 0.5299425758818704
}