{
  "name": "uncertainty_grid",
  "alpha": 0.0,
  "theta": 0.06152357616073297,
  "calib_risk": 3.8405797101449277,
  "calib_coverage": 0.5797101449275363
}