{
  "name": "monotone_policy_net",
  "context_cols": [
    "ctx_cat_hazelnut",
    "ctx_cat_bottle",
    "ctx_cat_toothbrush",
    "ctx_cat_pill",
    "ctx_cat_carpet",
    "ctx_cat_wood",
    "ctx_cat_grid",
    "ctx_cat_capsule",
    "ctx_cat_metal_nut",
    "ctx_cat_tile",
    "ctx_cat_transistor",
    "ctx_cat_leather",
    "ctx_cat_cable",
    "ctx_cat_screw",
    "ctx_cat_zipper",
    "ctx_brightness",
    "ctx_contrast",
    "ctx_blur_risk",
    "ctx_saturation"
  ],
  "state_dict": {
    "b": -0.9345191717147827,
    "w_u_raw": 1.3796591758728027,
    "w_ctx": [
      -1.637278437614441,
      -1.4189496040344238,
      -0.15473872423171997,
      -0.6342145800590515,
      -0.6693506836891174,
      -2.828946590423584,
      0.7419673204421997,
      -0.08279912918806076,
      -0.8236779570579529,
      -1.6197559833526611,
      -0.6296605467796326,
      -2.182243824005127,
      -0.6498901844024658,
      -1.245336651802063,
      -0.5611320734024048,
      0.11741344630718231,
      -0.2193426936864853,
      -0.8988897204399109,
      -1.3217583894729614
    ],
    "best_loss": 3.042179822921753
  }
}