policy,wilds_split,coverage,risk,wrong_auto_rate,auto_error_rate,defer_rate,n
uaat_monotone,test,0.45628753709892267,0.6279357808885045,0.04211165899371363,0.09229193341869399,0.5437124629010773,42791
