policy,coverage,risk,wrong_auto_rate,auto_error_rate,defer_rate,n
uaat_monotone,0.48478260869565215,3.022463768115942,0.25072463768115943,0.5171898355754858,0.5152173913043478,1380
fixed,0.6840579710144927,4.613043478260869,0.42971014492753623,0.628177966101695,0.3159420289855073,1380
uncertainty_grid,0.6840579710144927,4.613043478260869,0.42971014492753623,0.628177966101695,0.3159420289855073,1380
