{
  "name": "monotone_policy_net",
  "context_cols": [
    "ctx_cat_grid",
    "ctx_cat_metal_nut",
    "ctx_cat_hazelnut",
    "ctx_cat_pill",
    "ctx_cat_screw",
    "ctx_cat_toothbrush",
    "ctx_cat_capsule",
    "ctx_cat_wood",
    "ctx_cat_transistor",
    "ctx_cat_cable",
    "ctx_cat_tile",
    "ctx_cat_bottle",
    "ctx_cat_zipper",
    "ctx_cat_leather",
    "ctx_cat_carpet",
    "ctx_brightness",
    "ctx_contrast",
    "ctx_blur_risk",
    "ctx_saturation"
  ],
  "state_dict": {
    "b": -0.777332067489624,
    "w_u_raw": 0.41355815529823303,
    "w_ctx": [
      -1.2281323671340942,
      0.3005335330963135,
      -1.1543686389923096,
      -0.16916587948799133,
      -0.5978536009788513,
      0.9059558510780334,
      0.4121203124523163,
      -0.3747990131378174,
      -0.37829896807670593,
      -1.98307466506958,
      -1.0009595155715942,
      -0.9345372915267944,
      -0.37640380859375,
      -1.9192415475845337,
      -0.7792792916297913,
      -0.5622830390930176,
      -0.4664727449417114,
      -0.7422983050346375,
      -1.8911038637161255
    ],
    "best_loss": 3.674128293991089
  }
}