policy,category,coverage,risk,wrong_auto_rate,auto_error_rate,defer_rate,n
fixed,breakfast_box,0.4909090909090909,4.963636363636363,0.22272727272727272,0.4537037037037037,0.509090909090909,220
fixed,juice_bottle,0.3484848484848485,2.924242424242424,0.11363636363636363,0.32608695652173914,0.6515151515151515,264
fixed,pushpins,0.592741935483871,6.375,0.29838709677419356,0.5034013605442177,0.407258064516129,248
fixed,screw_bag,0.8095238095238095,10.08058608058608,0.4945054945054945,0.6108597285067874,0.19047619047619047,273
fixed,splicing_connectors,0.5421686746987951,5.357429718875502,0.24497991967871485,0.45185185185185184,0.45783132530120485,249
