policy,category,coverage,risk,wrong_auto_rate,auto_error_rate,defer_rate,n
uaat_monotone,breakfast_box,0.34545454545454546,3.4727272727272727,0.1409090909090909,0.40789473684210525,0.6545454545454545,220
uaat_monotone,juice_bottle,0.26515151515151514,2.0984848484848486,0.06818181818181818,0.2571428571428571,0.7348484848484849,264
uaat_monotone,pushpins,0.23790322580645162,3.100806451612903,0.11693548387096774,0.4915254237288136,0.7620967741935484,248
uaat_monotone,screw_bag,0.2783882783882784,3.2857142857142856,0.1282051282051282,0.4605263157894737,0.7216117216117216,273
uaat_monotone,splicing_connectors,0.357429718875502,3.534136546184739,0.14457831325301204,0.4044943820224719,0.642570281124498,249
