{
  "name": "monotone_policy_net",
  "context_cols": [
    "ctx_severity",
    "ctx_corr_motion_blur",
    "ctx_corr_shot_noise",
    "ctx_corr_elastic_transform",
    "ctx_corr_contrast",
    "ctx_corr_zoom_blur",
    "ctx_corr_saturate",
    "ctx_corr_glass_blur",
    "ctx_corr_impulse_noise",
    "ctx_corr_brightness",
    "ctx_corr_frost",
    "ctx_corr_gaussian_blur",
    "ctx_corr_speckle_noise",
    "ctx_corr_snow",
    "ctx_corr_fog",
    "ctx_corr_pixelate",
    "ctx_corr_spatter",
    "ctx_corr_jpeg_compression",
    "ctx_corr_gaussian_noise",
    "ctx_corr_defocus_blur",
    "ctx_brightness",
    "ctx_contrast",
    "ctx_blur_risk",
    "ctx_saturation"
  ],
  "state_dict": {
    "b": 0.14421874284744263,
    "w_u_raw": 1.2658822536468506,
    "w_ctx": [
      2.3393428325653076,
      -0.5635718703269958,
      1.1945486068725586,
      -1.2368279695510864,
      0.0197896771132946,
      -0.41823017597198486,
      -1.3411306142807007,
      0.8619969487190247,
      1.0537550449371338,
      -1.6413006782531738,
      -0.33613577485084534,
      0.22078342735767365,
      0.5254027843475342,
      -0.6186249852180481,
      -0.973366916179657,
      0.17902858555316925,
      -1.6789270639419556,
      -1.0753108263015747,
      2.114553689956665,
      -0.5932932496070862,
      0.03618622198700905,
      0.08481529355049133,
      -0.0670587345957756,
      -0.8542004823684692
    ],
    "best_loss": 0.7809445261955261
  }
}