{
  "name": "uncertainty_grid",
  "alpha": 0.0,
  "theta": 0.8064485788345337,
  "calib_risk": 0.8477894736842105,
  "calib_coverage": 0.75
}