{
  "name": "uncertainty_grid",
  "alpha": 0.0,
  "theta": 0.24868897264,
  "calib_risk": 2.5884057971014496,
  "calib_coverage": 0.4115942028985507
}