policy,category,coverage,risk,wrong_auto_rate,auto_error_rate,defer_rate,n
fixed,breakfast_box,0.4954545454545455,2.868181818181818,0.23636363636363636,0.47706422018348627,0.5045454545454545,220
fixed,juice_bottle,0.3409090909090909,1.9090909090909092,0.125,0.36666666666666664,0.6590909090909092,264
fixed,pushpins,0.5483870967741935,3.032258064516129,0.25806451612903225,0.47058823529411764,0.4516129032258065,248
fixed,screw_bag,0.7655677655677655,4.84981684981685,0.46153846153846156,0.6028708133971292,0.2344322344322345,273
fixed,splicing_connectors,0.5020080321285141,2.626506024096386,0.21285140562248997,0.424,0.4979919678714859,249
