{
  "name": "uncertainty_grid",
  "alpha": 0.0,
  "theta": 0.29337402884924113,
  "calib_risk": 2.9203821656050954,
  "calib_coverage": 0.5
}