{
  "name": "monotone_policy_net",
  "context_cols": [
    "ctx_cat_splicing_connectors",
    "ctx_cat_screw_bag",
    "ctx_cat_pushpins",
    "ctx_cat_breakfast_box",
    "ctx_cat_juice_bottle",
    "ctx_brightness",
    "ctx_contrast",
    "ctx_blur_risk",
    "ctx_saturation"
  ],
  "state_dict": {
    "b": -0.46831968426704407,
    "w_u_raw": 2.642178535461426,
    "w_ctx": [
      -1.3694558143615723,
      -0.30223751068115234,
      0.10409156233072281,
      0.42532604932785034,
      -1.451819658279419,
      -1.808746099472046,
      -1.525193214416504,
      -0.5479371547698975,
      -1.2637041807174683
    ],
    "best_loss": 2.417133092880249
  }
}