policy,category,coverage,risk,wrong_auto_rate,auto_error_rate,defer_rate,n
fixed,breakfast_box,0.8818181818181818,5.209090909090908,0.509090909090909,0.5773195876288659,0.11818181818181817,220
fixed,juice_bottle,0.6325757575757576,3.8522727272727275,0.3484848484848485,0.5508982035928144,0.36742424242424243,264
fixed,pushpins,0.9556451612903226,5.165322580645161,0.5120967741935484,0.5358649789029536,0.04435483870967738,248
fixed,screw_bag,0.9963369963369964,6.377289377289377,0.6373626373626373,0.6397058823529411,0.00366300366300365,273
fixed,splicing_connectors,0.8955823293172691,5.244979919678714,0.5140562248995983,0.5739910313901345,0.10441767068273089,249
