policy,wilds_split,coverage,risk,wrong_auto_rate,auto_error_rate,defer_rate,n
fixed,test,0.4964595358837139,0.8175083545605384,0.06279357808885046,0.12648277160610055,0.5035404641162862,42791
