{
  "name": "uncertainty_grid",
  "alpha": 0.0,
  "theta": 0.8601530587673188,
  "calib_risk": 0.5972108285479902,
  "calib_coverage": 0.689909762100082
}