policy,coverage,risk,wrong_auto_rate,auto_error_rate,defer_rate,n
uaat_monotone,0.5199362041467305,1.7719298245614037,0.2583732057416268,0.49693251533742333,0.4800637958532695,1254
fixed,0.5606060606060606,1.8309409888357258,0.2783094098883573,0.49644381223328593,0.43939393939393945,1254
uncertainty_grid,0.5606060606060606,1.8309409888357258,0.2783094098883573,0.49644381223328593,0.43939393939393945,1254
