{
  "name": "monotone_policy_net",
  "context_cols": [
    "ctx_severity",
    "ctx_corr_motion_blur",
    "ctx_corr_shot_noise",
    "ctx_corr_elastic_transform",
    "ctx_corr_contrast",
    "ctx_corr_zoom_blur",
    "ctx_corr_saturate",
    "ctx_corr_glass_blur",
    "ctx_corr_impulse_noise",
    "ctx_corr_brightness",
    "ctx_corr_frost",
    "ctx_corr_gaussian_blur",
    "ctx_corr_speckle_noise",
    "ctx_corr_snow",
    "ctx_corr_fog",
    "ctx_corr_pixelate",
    "ctx_corr_spatter",
    "ctx_corr_jpeg_compression",
    "ctx_corr_gaussian_noise",
    "ctx_corr_defocus_blur",
    "ctx_brightness",
    "ctx_contrast",
    "ctx_blur_risk",
    "ctx_saturation"
  ],
  "state_dict": {
    "b": 0.8811137676239014,
    "w_u_raw": 1.8917120695114136,
    "w_ctx": [
      1.7646414041519165,
      0.421407550573349,
      1.7628226280212402,
      -0.376646488904953,
      0.23237989842891693,
      0.2809135913848877,
      -0.7933253645896912,
      2.608954906463623,
      1.6198642253875732,
      -1.1500266790390015,
      0.4883923828601837,
      0.5747759342193604,
      1.2666521072387695,
      0.08344577252864838,
      -0.23044127225875854,
      0.6708477139472961,
      -0.25053396821022034,
      -0.030828189104795456,
      2.971463680267334,
      -0.07580339163541794,
      0.696113109588623,
      0.7243225574493408,
      0.805571973323822,
      0.5362371206283569
    ],
    "best_loss": 0.6685025691986084
  }
}