{
  "name": "uncertainty_grid",
  "alpha": 2.625,
  "theta": 0.8986423059087247,
  "calib_risk": 0.6392894736842105,
  "calib_coverage": 0.51
}