policy,category,coverage,risk,wrong_auto_rate,auto_error_rate,defer_rate,n
uaat_monotone,breakfast_box,0.6045454545454545,3.3954545454545455,0.3,0.49624060150375937,0.3954545454545455,220
uaat_monotone,juice_bottle,0.375,1.875,0.125,0.3333333333333333,0.625,264
uaat_monotone,pushpins,0.5040322580645161,2.955645161290323,0.24596774193548387,0.488,0.4959677419354839,248
uaat_monotone,screw_bag,0.9047619047619048,5.736263736263735,0.5641025641025641,0.6234817813765182,0.09523809523809523,273
uaat_monotone,splicing_connectors,0.5180722891566265,2.7309236947791167,0.2248995983935743,0.43410852713178294,0.4819277108433735,249
