policy,coverage,risk,wrong_auto_rate,auto_error_rate,defer_rate,n
uaat_monotone,0.5845295055821371,3.366028708133971,0.29505582137161085,0.504774897680764,0.4154704944178629,1254
fixed,0.7384370015948963,4.22488038277512,0.3963317384370016,0.5367170626349892,0.26156299840510366,1254
uncertainty_grid,0.7384370015948963,4.22488038277512,0.3963317384370016,0.5367170626349892,0.26156299840510366,1254
