policy,wilds_split,coverage,risk,wrong_auto_rate,auto_error_rate,defer_rate,n
uncertainty_grid,test,0.369002827697413,0.7549718398728704,0.024794933514056695,0.06719442685243825,0.630997172302587,42791
