policy,coverage,risk,wrong_auto_rate,auto_error_rate,defer_rate,n
fixed,0.369002827697413,0.7549718398728704,0.024794933514056695,0.06719442685243825,0.630997172302587,42791
uncertainty_grid,0.369002827697413,0.7549718398728704,0.024794933514056695,0.06719442685243825,0.630997172302587,42791
uaat_monotone,0.40143955504662193,0.7925264658456218,0.03879320417844874,0.09663523110955874,0.5985604449533781,42791
