{
  "name": "uncertainty_grid",
  "alpha": 0.0,
  "theta": 0.9713948249816894,
  "calib_risk": 0.5706863549357397,
  "calib_coverage": 0.5099808586272901
}