{
  "name": "uncertainty_grid",
  "alpha": 0.0,
  "theta": 0.00015839060396000002,
  "calib_risk": 6.208695652173914,
  "calib_coverage": 0.8782608695652174
}