{
  "name": "monotone_policy_net",
  "context_cols": [
    "ctx_severity",
    "ctx_corr_gaussian_noise",
    "ctx_corr_pixelate",
    "ctx_corr_frost",
    "ctx_corr_fog",
    "ctx_corr_brightness",
    "ctx_corr_glass_blur",
    "ctx_corr_gaussian_blur",
    "ctx_corr_snow",
    "ctx_corr_contrast",
    "ctx_corr_impulse_noise",
    "ctx_corr_zoom_blur",
    "ctx_corr_elastic_transform",
    "ctx_corr_saturate",
    "ctx_corr_defocus_blur",
    "ctx_corr_jpeg_compression",
    "ctx_corr_motion_blur",
    "ctx_corr_shot_noise",
    "ctx_corr_spatter",
    "ctx_corr_speckle_noise",
    "ctx_brightness",
    "ctx_contrast",
    "ctx_blur_risk",
    "ctx_saturation"
  ],
  "state_dict": {
    "b": 0.6199889779090881,
    "w_u_raw": 2.128699541091919,
    "w_ctx": [
      1.8850799798965454,
      2.4793896675109863,
      0.40430948138237,
      0.1857546716928482,
      -0.41512787342071533,
      -0.9718942642211914,
      2.211217164993286,
      0.5617940425872803,
      -0.24659137427806854,
      0.30931147933006287,
      1.1571786403656006,
      0.07918830960988998,
      -0.6906706094741821,
      -0.8078606128692627,
      -0.2604333460330963,
      -0.45007893443107605,
      0.01903774030506611,
      1.3196536302566528,
      -0.5533527135848999,
      1.0748820304870605,
      0.41332611441612244,
      0.4199356436729431,
      0.4926427900791168,
      0.14425404369831085
    ],
    "best_loss": 0.6629683375358582
  }
}