policy,wilds_split,coverage,risk,wrong_auto_rate,auto_error_rate,defer_rate,n
uaat_monotone,test,0.5429646420976374,2.240120586104555,0.0891542614101096,0.16419901867952139,0.4570353579023626,42791
