policy,coverage,risk,wrong_auto_rate,auto_error_rate,defer_rate,n
uncertainty_grid,0.9000023369400107,7.1126872473183615,0.3506344792129186,0.38959285417532197,0.09999766305998925,42791
uaat_monotone,0.8999789675399033,7.114112780724919,0.3507045874132411,0.38968087040066474,0.10002103246009675,42791
fixed,0.9000023369400107,7.120632843354911,0.3510317590147461,0.3900342750311591,0.09999766305998925,42791
