{
  "name": "uncertainty_grid",
  "alpha": 0.675,
  "theta": -0.020726484060287577,
  "calib_risk": 3.575608422203992,
  "calib_coverage": 0.8999179655455292,
  "recalibrated_on_test": true
}