policy,wilds_split,coverage,risk,wrong_auto_rate,auto_error_rate,defer_rate,n
uaat_monotone,test,0.7104531326680844,1.3604496272580682,0.21418055198523053,0.3014703463701852,0.2895468673319156,42791
