policy,category,coverage,risk,wrong_auto_rate,auto_error_rate,defer_rate,n
uncertainty_grid,breakfast_box,0.6863636363636364,3.95,0.36363636363636365,0.5298013245033113,0.3136363636363636,220
uncertainty_grid,juice_bottle,0.42424242424242425,2.204545454545454,0.16287878787878787,0.38392857142857145,0.5757575757575757,264
uncertainty_grid,pushpins,0.7741935483870968,4.137096774193548,0.3911290322580645,0.5052083333333334,0.22580645161290325,248
uncertainty_grid,screw_bag,0.9377289377289377,5.886446886446887,0.5824175824175825,0.62109375,0.06227106227106227,273
uncertainty_grid,splicing_connectors,0.678714859437751,3.654618473895582,0.3333333333333333,0.4911242603550296,0.321285140562249,249
