policy,coverage,risk,wrong_auto_rate,auto_error_rate,defer_rate,n
uaat_monotone,0.5829346092503987,3.335725677830941,0.291866028708134,0.5006839945280438,0.41706539074960125,1254
fixed,0.7017543859649122,3.982456140350877,0.3684210526315789,0.525,0.29824561403508776,1254
uncertainty_grid,0.7017543859649122,3.982456140350877,0.3684210526315789,0.525,0.29824561403508776,1254
