{
  "name": "uncertainty_grid",
  "alpha": 0.0,
  "theta": 0.1456435969174725,
  "calib_risk": 3.8757961783439487,
  "calib_coverage": 0.6592356687898089
}