policy,coverage,risk,wrong_auto_rate,auto_error_rate,defer_rate,n
uaat_monotone,0.6507246376811594,4.233333333333333,0.3884057971014493,0.5968819599109132,0.3492753623188406,1380
fixed,0.9398550724637681,6.748550724637681,0.6688405797101449,0.7116422513492675,0.06014492753623191,1380
uncertainty_grid,0.9398550724637681,6.748550724637681,0.6688405797101449,0.7116422513492675,0.06014492753623191,1380
