{
  "name": "monotone_policy_net",
  "context_cols": [
    "ctx_cat_leather",
    "ctx_cat_hazelnut",
    "ctx_cat_bottle",
    "ctx_cat_carpet",
    "ctx_cat_metal_nut",
    "ctx_cat_grid",
    "ctx_cat_transistor",
    "ctx_cat_capsule",
    "ctx_cat_cable",
    "ctx_cat_toothbrush",
    "ctx_cat_screw",
    "ctx_cat_wood",
    "ctx_cat_zipper",
    "ctx_cat_tile",
    "ctx_cat_pill",
    "ctx_brightness",
    "ctx_contrast",
    "ctx_blur_risk",
    "ctx_saturation"
  ],
  "state_dict": {
    "b": -1.0102249383926392,
    "w_u_raw": -0.6008995771408081,
    "w_ctx": [
      -4.079345226287842,
      0.6570409536361694,
      0.05537417158484459,
      -5.07465124130249,
      -0.3828519284725189,
      -0.7706224918365479,
      -0.9865471720695496,
      -2.152009963989258,
      -1.6599342823028564,
      0.05105262249708176,
      -0.4802764356136322,
      -2.9402337074279785,
      0.5422173142433167,
      -2.2321295738220215,
      0.6633291244506836,
      -1.168232798576355,
      -0.6530947685241699,
      -0.9762226343154907,
      -2.117746591567993
    ],
    "best_loss": 5.601883411407471
  }
}