{
  "name": "uncertainty_grid",
  "alpha": 0.0,
  "theta": 7.258574819281132e-07,
  "calib_risk": 6.495652173913044,
  "calib_coverage": 0.9101449275362319
}