policy,coverage,risk,wrong_auto_rate,auto_error_rate,defer_rate,n
uaat_monotone,0.66745,0.695253947368421,0.07254078947368421,0.10868348112021006,0.33255,760000
uncertainty_grid,0.6798565789473684,0.7532026315789474,0.08661184210526315,0.12739722580807483,0.3201434210526316,760000
fixed,0.6796605263157894,0.7537473684210526,0.08668157894736842,0.12753657979409225,0.32033947368421056,760000
