{
  "name": "uncertainty_grid",
  "alpha": 2.1,
  "theta": 0.4969705724120139,
  "calib_risk": 0.7502105263157894,
  "calib_coverage": 0.68
}