{
  "name": "monotone_policy_net",
  "context_cols": [
    "ctx_severity",
    "ctx_corr_fog",
    "ctx_corr_impulse_noise",
    "ctx_corr_snow",
    "ctx_corr_elastic_transform",
    "ctx_corr_zoom_blur",
    "ctx_corr_frost",
    "ctx_corr_contrast",
    "ctx_corr_pixelate",
    "ctx_corr_defocus_blur",
    "ctx_corr_saturate",
    "ctx_corr_motion_blur",
    "ctx_corr_gaussian_blur",
    "ctx_corr_speckle_noise",
    "ctx_corr_gaussian_noise",
    "ctx_corr_jpeg_compression",
    "ctx_corr_spatter",
    "ctx_corr_brightness",
    "ctx_corr_glass_blur",
    "ctx_corr_shot_noise",
    "ctx_brightness",
    "ctx_contrast",
    "ctx_blur_risk",
    "ctx_saturation"
  ],
  "state_dict": {
    "b": 0.36494460701942444,
    "w_u_raw": 1.7812107801437378,
    "w_ctx": [
      2.1473662853240967,
      -1.160751223564148,
      1.1606483459472656,
      -0.5308001637458801,
      -1.092696189880371,
      -0.16290149092674255,
      -0.0001686238101683557,
      0.2224954217672348,
      0.3103783130645752,
      -0.20082218945026398,
      -0.8308372497558594,
      -0.2359417974948883,
      0.5118635296821594,
      0.8227879405021667,
      2.0855743885040283,
      -0.7895377278327942,
      -1.2120082378387451,
      -1.270363450050354,
      1.3328118324279785,
      1.1705447435379028,
      0.18103793263435364,
      0.2029065638780594,
      0.19118909537792206,
      -0.30747321248054504
    ],
    "best_loss": 0.7025963664054871
  }
}