policy,wilds_split,coverage,risk,wrong_auto_rate,auto_error_rate,defer_rate,n
fixed,test,0.322754784884672,0.7547147764716879,0.015493912271271996,0.048005213235826516,0.677245215115328,42791
