policy,wilds_split,coverage,risk,wrong_auto_rate,auto_error_rate,defer_rate,n
uaat_monotone,test,0.37449463672267536,0.7859362950153069,0.032086186347596454,0.0856786271450858,0.6255053632773246,42791
