{
  "name": "uncertainty_grid",
  "alpha": 0.17500000000000002,
  "theta": 0.9926938564516603,
  "calib_risk": 0.6594202898550724,
  "calib_coverage": 0.4000546896363139
}