policy,category,coverage,risk,wrong_auto_rate,auto_error_rate,defer_rate,n
uncertainty_grid,breakfast_box,0.8409090909090909,4.840909090909091,0.4681818181818182,0.5567567567567567,0.15909090909090906,220
uncertainty_grid,juice_bottle,0.5606060606060606,3.204545454545454,0.2765151515151515,0.49324324324324326,0.43939393939393945,264
uncertainty_grid,pushpins,0.9354838709677419,4.983870967741936,0.49193548387096775,0.5258620689655172,0.06451612903225812,248
uncertainty_grid,screw_bag,0.9963369963369964,6.377289377289377,0.6373626373626373,0.6397058823529411,0.00366300366300365,273
uncertainty_grid,splicing_connectors,0.8353413654618473,4.7028112449799195,0.4538152610441767,0.5432692307692307,0.16465863453815266,249
