policy,coverage,risk,wrong_auto_rate,auto_error_rate,defer_rate,n
uaat_monotone,0.6507177033492823,3.7464114832535884,0.3397129186602871,0.5220588235294118,0.34928229665071775,1254
fixed,0.8333333333333334,4.831738437001595,0.4665071770334928,0.5598086124401914,0.16666666666666663,1254
uncertainty_grid,0.8333333333333334,4.831738437001595,0.4665071770334928,0.5598086124401914,0.16666666666666663,1254
