{
  "name": "uncertainty_grid",
  "alpha": 0.0,
  "theta": 0.02969116213127944,
  "calib_risk": 5.054140127388536,
  "calib_coverage": 0.8503184713375797
}