{
  "name": "uncertainty_grid",
  "alpha": 0.0,
  "theta": 0.016138925595071442,
  "calib_risk": 9.286956521739132,
  "calib_coverage": 0.6985507246376812
}