{
  "name": "uncertainty_grid",
  "alpha": 0.0,
  "theta": 0.008165328575452194,
  "calib_risk": 4.9855072463768115,
  "calib_coverage": 0.7391304347826086
}