policy,wilds_split,coverage,risk,wrong_auto_rate,auto_error_rate,defer_rate,n
uaat_monotone,test,0.5591596363721343,0.9338178588955622,0.0985954990535393,0.1763279976595478,0.4408403636278657,42791
