policy,wilds_split,coverage,risk,wrong_auto_rate,auto_error_rate,defer_rate,n
uncertainty_grid,test,0.799981304479914,1.5321913486480803,0.26643453062559885,0.3330509464828231,0.200018695520086,42791
