policy,wilds_split,coverage,risk,wrong_auto_rate,auto_error_rate,defer_rate,n
fixed,test,0.6113902456123951,1.2762964174709635,0.17753733261667173,0.29038299824172464,0.3886097543876049,42791
