policy,wilds_split,coverage,risk,wrong_auto_rate,auto_error_rate,defer_rate,n
uncertainty_grid,test,0.6109929658105676,1.275057839265266,0.17721016101516673,0.29003633581946836,0.3890070341894324,42791
