policy,wilds_split,coverage,risk,wrong_auto_rate,auto_error_rate,defer_rate,n
uaat_monotone,test,0.5747937650440513,1.1975649085087987,0.15447173471057,0.2687428850219548,0.42520623495594867,42791
