policy,coverage,risk,wrong_auto_rate,auto_error_rate,defer_rate,n
uaat_monotone,0.5747937650440513,1.1975649085087987,0.15447173471057,0.2687428850219548,0.42520623495594867,42791
uncertainty_grid,0.6109929658105676,1.275057839265266,0.17721016101516673,0.29003633581946836,0.3890070341894324,42791
fixed,0.6113902456123951,1.2762964174709635,0.17753733261667173,0.29038299824172464,0.3886097543876049,42791
