{
  "name": "uncertainty_grid",
  "alpha": 0.025,
  "theta": 0.7168407919816673,
  "calib_risk": 0.7299699207000273,
  "calib_coverage": 0.7499316379546076
}