policy,coverage,risk,wrong_auto_rate,auto_error_rate,defer_rate,n
uaat_monotone,0.4782608695652174,2.9710144927536235,0.24492753623188407,0.5121212121212121,0.5217391304347826,1380
fixed,0.741304347826087,5.04855072463768,0.4789855072463768,0.64613880742913,0.258695652173913,1380
uncertainty_grid,0.741304347826087,5.04855072463768,0.4789855072463768,0.64613880742913,0.258695652173913,1380
