{
  "name": "uncertainty_grid",
  "alpha": 0.0,
  "theta": 0.010655898972732053,
  "calib_risk": 4.918840579710145,
  "calib_coverage": 0.7188405797101449
}