policy,category,coverage,risk,wrong_auto_rate,auto_error_rate,defer_rate,n
uaat_monotone,breakfast_box,0.35,2.059090909090909,0.1409090909090909,0.4025974025974026,0.65,220
uaat_monotone,juice_bottle,0.2765151515151515,1.518939393939394,0.07954545454545454,0.2876712328767123,0.7234848484848485,264
uaat_monotone,pushpins,0.5040322580645161,2.955645161290323,0.24596774193548387,0.488,0.4959677419354839,248
uaat_monotone,screw_bag,0.7765567765567766,4.912087912087912,0.46886446886446886,0.6037735849056604,0.22344322344322343,273
uaat_monotone,splicing_connectors,0.4779116465863454,2.570281124497992,0.20481927710843373,0.42857142857142855,0.5220883534136547,249
