policy,category,coverage,risk,wrong_auto_rate,auto_error_rate,defer_rate,n
fixed,breakfast_box,0.5454545454545454,3.0454545454545454,0.2590909090909091,0.475,0.4545454545454546,220
fixed,juice_bottle,0.36363636363636365,1.8106060606060606,0.11742424242424243,0.3229166666666667,0.6363636363636364,264
fixed,pushpins,0.6129032258064516,3.491935483870968,0.31048387096774194,0.506578947368421,0.3870967741935484,248
fixed,screw_bag,0.8608058608058609,5.413919413919414,0.5274725274725275,0.6127659574468085,0.13919413919413914,273
fixed,splicing_connectors,0.5742971887550201,3.1164658634538154,0.26907630522088355,0.46853146853146854,0.4257028112449799,249
