policy,category,coverage,risk,wrong_auto_rate,auto_error_rate,defer_rate,n
uaat_monotone,breakfast_box,1.0,3.1363636363636367,0.6272727272727273,0.6272727272727273,0.0,220
uaat_monotone,juice_bottle,0.5227272727272727,1.6893939393939394,0.24242424242424243,0.463768115942029,0.4772727272727273,264
uaat_monotone,pushpins,1.0,2.782258064516129,0.5564516129032258,0.5564516129032258,0.0,248
uaat_monotone,screw_bag,1.0,3.2051282051282053,0.6410256410256411,0.6410256410256411,0.0,273
uaat_monotone,splicing_connectors,1.0,3.092369477911647,0.6184738955823293,0.6184738955823293,0.0,249
