policy,coverage,risk,wrong_auto_rate,auto_error_rate,defer_rate,n
uaat_monotone,0.7719298245614035,4.43859649122807,0.42105263157894735,0.5454545454545454,0.22807017543859653,1254
fixed,0.9090909090909091,5.513556618819776,0.5422647527910686,0.5964912280701754,0.09090909090909094,1254
uncertainty_grid,0.9090909090909091,5.513556618819776,0.5422647527910686,0.5964912280701754,0.09090909090909094,1254
