{
  "name": "uncertainty_grid",
  "alpha": 0.0,
  "theta": 0.004844407905293896,
  "calib_risk": 2.761146496815287,
  "calib_coverage": 0.8980891719745223,
  "recalibrated_on_test": true
}