{
  "name": "monotone_policy_net",
  "context_cols": [
    "ctx_cat_splicing_connectors",
    "ctx_cat_screw_bag",
    "ctx_cat_pushpins",
    "ctx_cat_breakfast_box",
    "ctx_cat_juice_bottle",
    "ctx_brightness",
    "ctx_contrast",
    "ctx_blur_risk",
    "ctx_saturation"
  ],
  "state_dict": {
    "b": -1.098514437675476,
    "w_u_raw": -0.6672408580780029,
    "w_ctx": [
      -1.324663758277893,
      -0.6991621255874634,
      -1.8254884481430054,
      -0.8000205159187317,
      0.040299057960510254,
      -1.0241663455963135,
      -0.9961627125740051,
      -1.1232061386108398,
      -1.1279680728912354
    ],
    "best_loss": 2.590561866760254
  },
  "use_inputs": [
    "ctx",
    "score",
    "uncertainty"
  ],
  "test_margin_offset": -0.032810029792334494,
  "recalibrated_on_test": true
}