{
  "name": "uncertainty_grid",
  "alpha": 2.9250000000000003,
  "theta": 0.9586791358313058,
  "calib_risk": 0.6484473684210527,
  "calib_coverage": 0.43
}