{
  "name": "monotone_policy_net",
  "context_cols": [
    "ctx_severity",
    "ctx_corr_fog",
    "ctx_corr_impulse_noise",
    "ctx_corr_snow",
    "ctx_corr_elastic_transform",
    "ctx_corr_zoom_blur",
    "ctx_corr_frost",
    "ctx_corr_contrast",
    "ctx_corr_pixelate",
    "ctx_corr_defocus_blur",
    "ctx_corr_saturate",
    "ctx_corr_motion_blur",
    "ctx_corr_gaussian_blur",
    "ctx_corr_speckle_noise",
    "ctx_corr_gaussian_noise",
    "ctx_corr_jpeg_compression",
    "ctx_corr_spatter",
    "ctx_corr_brightness",
    "ctx_corr_glass_blur",
    "ctx_corr_shot_noise",
    "ctx_brightness",
    "ctx_contrast",
    "ctx_blur_risk",
    "ctx_saturation"
  ],
  "state_dict": {
    "b": 1.0509899854660034,
    "w_u_raw": 1.5370664596557617,
    "w_ctx": [
      1.7396314144134521,
      -0.11895164847373962,
      1.8572033643722534,
      0.49088233709335327,
      0.07993855327367783,
      0.6700868010520935,
      0.8721731305122375,
      0.39053070545196533,
      0.8899651765823364,
      -0.08227628469467163,
      -0.6745890974998474,
      1.0243396759033203,
      0.7662801742553711,
      1.6482281684875488,
      2.7019989490509033,
      0.4249346852302551,
      0.07617586851119995,
      -1.0561128854751587,
      2.420391082763672,
      1.992846965789795,
      0.9388861060142517,
      0.9679632186889648,
      0.9878715872764587,
      0.9058957695960999
    ],
    "best_loss": 0.7074844241142273
  }
}