{
  "name": "monotone_policy_net",
  "context_cols": [
    "ctx_severity",
    "ctx_corr_fog",
    "ctx_corr_impulse_noise",
    "ctx_corr_snow",
    "ctx_corr_elastic_transform",
    "ctx_corr_zoom_blur",
    "ctx_corr_frost",
    "ctx_corr_contrast",
    "ctx_corr_pixelate",
    "ctx_corr_defocus_blur",
    "ctx_corr_saturate",
    "ctx_corr_motion_blur",
    "ctx_corr_gaussian_blur",
    "ctx_corr_speckle_noise",
    "ctx_corr_gaussian_noise",
    "ctx_corr_jpeg_compression",
    "ctx_corr_spatter",
    "ctx_corr_brightness",
    "ctx_corr_glass_blur",
    "ctx_corr_shot_noise",
    "ctx_brightness",
    "ctx_contrast",
    "ctx_blur_risk",
    "ctx_saturation"
  ],
  "state_dict": {
    "b": 0.45819324254989624,
    "w_u_raw": 1.963016152381897,
    "w_ctx": [
      2.0754952430725098,
      -0.5836620330810547,
      1.1961252689361572,
      -0.44786056876182556,
      -1.0118539333343506,
      -0.15197013318538666,
      0.09203103184700012,
      0.2119634747505188,
      0.4154062271118164,
      -0.17200253903865814,
      -0.6868553161621094,
      -0.1857013702392578,
      0.5361708402633667,
      0.8994504809379578,
      2.1552894115448,
      -0.7504892349243164,
      -1.1077502965927124,
      -1.1574504375457764,
      1.6408072710037231,
      1.2256280183792114,
      0.2508259415626526,
      0.27454906702041626,
      0.30732691287994385,
      -0.14850926399230957
    ],
    "best_loss": 0.6809964179992676
  }
}