{
  "name": "uncertainty_grid",
  "alpha": 0.30000000000000004,
  "theta": 0.8797813110798597,
  "calib_risk": 0.718657894736842,
  "calib_coverage": 0.65
}