policy,wilds_split,coverage,risk,wrong_auto_rate,auto_error_rate,defer_rate,n
fixed,test,0.755649552475988,1.6544600500105164,0.28202192049730085,0.3732178753672491,0.24435044752401203,42791
