{
  "name": "uncertainty_grid",
  "alpha": 0.17500000000000002,
  "theta": 0.6417666866183278,
  "calib_risk": 0.9488157894736842,
  "calib_coverage": 0.81
}