{
  "name": "monotone_policy_net",
  "context_cols": [
    "ctx_severity",
    "ctx_corr_fog",
    "ctx_corr_impulse_noise",
    "ctx_corr_snow",
    "ctx_corr_elastic_transform",
    "ctx_corr_zoom_blur",
    "ctx_corr_frost",
    "ctx_corr_contrast",
    "ctx_corr_pixelate",
    "ctx_corr_defocus_blur",
    "ctx_corr_saturate",
    "ctx_corr_motion_blur",
    "ctx_corr_gaussian_blur",
    "ctx_corr_speckle_noise",
    "ctx_corr_gaussian_noise",
    "ctx_corr_jpeg_compression",
    "ctx_corr_spatter",
    "ctx_corr_brightness",
    "ctx_corr_glass_blur",
    "ctx_corr_shot_noise",
    "ctx_brightness",
    "ctx_contrast",
    "ctx_blur_risk",
    "ctx_saturation"
  ],
  "state_dict": {
    "b": -0.05334591120481491,
    "w_u_raw": 0.6666761636734009,
    "w_ctx": [
      2.796666145324707,
      -1.4097899198532104,
      0.8042827844619751,
      -0.683736264705658,
      -1.9551335573196411,
      -0.5135930180549622,
      -0.47276976704597473,
      -0.18750374019145966,
      0.10410556942224503,
      -0.6999174356460571,
      -2.479914426803589,
      -0.45849505066871643,
      0.033524978905916214,
      0.639670193195343,
      2.123708486557007,
      -1.506774663925171,
      -1.4900972843170166,
      -1.3799824714660645,
      0.848293662071228,
      0.8243200182914734,
      -0.25848114490509033,
      -0.21737220883369446,
      -0.34318941831588745,
      -1.2893916368484497
    ],
    "best_loss": 0.8689433932304382
  }
}