policy,coverage,risk,wrong_auto_rate,auto_error_rate,defer_rate,n
uaat_monotone,0.5738710526315789,0.6240697368421053,0.03958815789473684,0.0689844133332722,0.4261289473684211,760000
uncertainty_grid,0.5293236842105263,0.6429921052631579,0.03446315789473684,0.0651079083040424,0.47067631578947366,760000
fixed,0.5292315789473684,0.6435907894736843,0.03456447368421053,0.06531067883923067,0.4707684210526316,760000
