{
  "name": "monotone_policy_net",
  "context_cols": [
    "ctx_severity",
    "ctx_corr_motion_blur",
    "ctx_corr_shot_noise",
    "ctx_corr_elastic_transform",
    "ctx_corr_contrast",
    "ctx_corr_zoom_blur",
    "ctx_corr_saturate",
    "ctx_corr_glass_blur",
    "ctx_corr_impulse_noise",
    "ctx_corr_brightness",
    "ctx_corr_frost",
    "ctx_corr_gaussian_blur",
    "ctx_corr_speckle_noise",
    "ctx_corr_snow",
    "ctx_corr_fog",
    "ctx_corr_pixelate",
    "ctx_corr_spatter",
    "ctx_corr_jpeg_compression",
    "ctx_corr_gaussian_noise",
    "ctx_corr_defocus_blur",
    "ctx_brightness",
    "ctx_contrast",
    "ctx_blur_risk",
    "ctx_saturation"
  ],
  "state_dict": {
    "b": 0.8318467140197754,
    "w_u_raw": 1.9815369844436646,
    "w_ctx": [
      1.787721872329712,
      0.3324156701564789,
      1.6072782278060913,
      -0.41918519139289856,
      0.22350311279296875,
      0.2297557294368744,
      -0.8080074191093445,
      2.6095762252807617,
      1.476047396659851,
      -1.122038722038269,
      0.43121716380119324,
      0.5652191638946533,
      1.1680814027786255,
      -0.02636854350566864,
      -0.2683257460594177,
      0.6344917416572571,
      -0.30723103880882263,
      -0.1913958191871643,
      2.98819899559021,
      -0.08812811970710754,
      0.6302356719970703,
      0.6552934646606445,
      0.750522792339325,
      0.4450519382953644
    ],
    "best_loss": 0.6625499725341797
  }
}