{
  "name": "uncertainty_grid",
  "alpha": 2.45,
  "theta": 0.8785558892171832,
  "calib_risk": 0.6427368421052632,
  "calib_coverage": 0.53
}