policy,coverage,risk,wrong_auto_rate,auto_error_rate,defer_rate,n
uaat_monotone,0.6760869565217391,4.4253623188405795,0.4101449275362319,0.6066452304394426,0.3239130434782609,1380
fixed,0.9456521739130435,6.800724637681158,0.6746376811594202,0.7134099616858237,0.05434782608695654,1380
uncertainty_grid,0.9456521739130435,6.800724637681158,0.6746376811594202,0.7134099616858237,0.05434782608695654,1380
