{
  "name": "uncertainty_grid",
  "alpha": 0.0,
  "theta": 0.9921279430389406,
  "calib_risk": 0.6341263330598851,
  "calib_coverage": 0.4000546896363139
}