{
  "name": "uncertainty_grid",
  "alpha": 2.8000000000000003,
  "theta": -0.7967296540737152,
  "calib_risk": 0.7612797374897456,
  "calib_coverage": 0.799972655181843,
  "recalibrated_on_test": true
}