{
  "name": "uncertainty_grid",
  "alpha": 0.0,
  "theta": 0.012704074719654764,
  "calib_risk": 4.965217391304348,
  "calib_coverage": 0.7304347826086957
}