policy,coverage,risk,wrong_auto_rate,auto_error_rate,defer_rate,n
uaat_monotone,0.6888921052631579,0.720107894736842,0.0818,0.1187413810886282,0.3111078947368421,760000
fixed,0.7096,0.7917355263157895,0.1002671052631579,0.14130088114875688,0.2904,760000
uncertainty_grid,0.7099039473684211,0.7917736842105263,0.10033552631578947,0.14133676349839766,0.2900960526315789,760000
