{
  "name": "uncertainty_grid",
  "alpha": 0.925,
  "theta": 0.6400588917322457,
  "calib_risk": 0.7878947368421053,
  "calib_coverage": 0.71
}