{
  "name": "monotone_policy_net",
  "context_cols": [
    "ctx_severity",
    "ctx_corr_fog",
    "ctx_corr_impulse_noise",
    "ctx_corr_snow",
    "ctx_corr_elastic_transform",
    "ctx_corr_zoom_blur",
    "ctx_corr_frost",
    "ctx_corr_contrast",
    "ctx_corr_pixelate",
    "ctx_corr_defocus_blur",
    "ctx_corr_saturate",
    "ctx_corr_motion_blur",
    "ctx_corr_gaussian_blur",
    "ctx_corr_speckle_noise",
    "ctx_corr_gaussian_noise",
    "ctx_corr_jpeg_compression",
    "ctx_corr_spatter",
    "ctx_corr_brightness",
    "ctx_corr_glass_blur",
    "ctx_corr_shot_noise",
    "ctx_brightness",
    "ctx_contrast",
    "ctx_blur_risk",
    "ctx_saturation"
  ],
  "state_dict": {
    "b": 0.2913171052932739,
    "w_u_raw": 1.7001093626022339,
    "w_ctx": [
      2.0976386070251465,
      -1.0716373920440674,
      1.1703325510025024,
      -0.8510680794715881,
      -1.218422532081604,
      -0.11153482645750046,
      -0.025582710281014442,
      0.19507521390914917,
      0.2528038024902344,
      -0.24202431738376617,
      -1.4491993188858032,
      -0.3486503064632416,
      0.4868353307247162,
      0.7881481051445007,
      2.0602316856384277,
      -0.75851970911026,
      -1.1330015659332275,
      -1.4482957124710083,
      1.0473912954330444,
      1.1208741664886475,
      0.12521548569202423,
      0.09163595736026764,
      0.1484018862247467,
      -0.6348412036895752
    ],
    "best_loss": 0.7317731380462646
  }
}