policy,wilds_split,coverage,risk,wrong_auto_rate,auto_error_rate,defer_rate,n
fixed,test,0.7933210254492767,1.520156107592718,0.26269542660839895,0.33113382625857957,0.20667897455072326,42791
