{
  "name": "uncertainty_grid",
  "alpha": 2.5,
  "theta": -0.5724925135076044,
  "calib_risk": 1.0448455017774132,
  "calib_coverage": 0.9299972655181843
}