policy,coverage,risk,wrong_auto_rate,auto_error_rate,defer_rate,n
uaat_monotone,0.336231884057971,2.0985507246376813,0.14347826086956522,0.4267241379310345,0.663768115942029,1380
fixed,0.47101449275362317,2.992753623188406,0.2463768115942029,0.5230769230769231,0.5289855072463768,1380
uncertainty_grid,0.47101449275362317,2.992753623188406,0.2463768115942029,0.5230769230769231,0.5289855072463768,1380
