{
  "name": "uncertainty_grid",
  "alpha": 0.0,
  "theta": 0.1748599680986431,
  "calib_risk": 2.8115942028985508,
  "calib_coverage": 0.4492753623188406
}