policy,category,coverage,risk,wrong_auto_rate,auto_error_rate,defer_rate,n
uaat_monotone,breakfast_box,0.5909090909090909,3.454545454545455,0.30454545454545456,0.5153846153846153,0.40909090909090906,220
uaat_monotone,juice_bottle,0.4128787878787879,2.140151515151515,0.1553030303030303,0.3761467889908257,0.5871212121212122,264
uaat_monotone,pushpins,0.9475806451612904,5.092741935483871,0.5040322580645161,0.5319148936170213,0.05241935483870963,248
uaat_monotone,screw_bag,0.8168498168498168,5.201465201465202,0.5018315018315018,0.6143497757847534,0.18315018315018317,273
uaat_monotone,splicing_connectors,0.7108433734939759,3.9036144578313254,0.3614457831325301,0.5084745762711864,0.28915662650602414,249
