policy,category,coverage,risk,wrong_auto_rate,auto_error_rate,defer_rate,n
fixed,breakfast_box,0.85,4.922727272727274,0.4772727272727273,0.5614973262032086,0.15000000000000002,220
fixed,juice_bottle,0.5681818181818182,3.272727272727273,0.2840909090909091,0.5,0.43181818181818177,264
fixed,pushpins,0.9354838709677419,5.024193548387097,0.4959677419354839,0.5301724137931034,0.06451612903225812,248
fixed,screw_bag,0.9963369963369964,6.377289377289377,0.6373626373626373,0.6397058823529411,0.00366300366300365,273
fixed,splicing_connectors,0.8152610441767069,4.602409638554216,0.44176706827309237,0.541871921182266,0.18473895582329314,249
