policy,coverage,risk,wrong_auto_rate,auto_error_rate,defer_rate,n
uaat_monotone,0.696969696969697,3.971291866028708,0.3668261562998405,0.5263157894736842,0.303030303030303,1254
fixed,0.8325358851674641,4.848484848484849,0.46810207336523124,0.5622605363984674,0.16746411483253587,1254
uncertainty_grid,0.8325358851674641,4.848484848484849,0.46810207336523124,0.5622605363984674,0.16746411483253587,1254
