policy,category,coverage,risk,wrong_auto_rate,auto_error_rate,defer_rate,n
fixed,breakfast_box,0.8136363636363636,4.595454545454546,0.4409090909090909,0.5418994413407822,0.1863636363636364,220
fixed,juice_bottle,0.5151515151515151,2.7954545454545454,0.23106060606060605,0.4485294117647059,0.48484848484848486,264
fixed,pushpins,0.8951612903225806,4.701612903225806,0.4596774193548387,0.5135135135135135,0.10483870967741937,248
fixed,screw_bag,0.9926739926739927,6.344322344322344,0.6336996336996337,0.6383763837638377,0.0073260073260073,273
fixed,splicing_connectors,0.8032128514056225,4.5341365461847385,0.43373493975903615,0.54,0.19678714859437751,249
