policy,coverage,risk,wrong_auto_rate,auto_error_rate,defer_rate,n
uaat_monotone,0.6196172248803827,3.594098883572568,0.32137161084529503,0.5186615186615187,0.38038277511961727,1254
fixed,0.8038277511961722,4.606060606060606,0.4409888357256778,0.5486111111111112,0.19617224880382778,1254
uncertainty_grid,0.8038277511961722,4.606060606060606,0.4409888357256778,0.5486111111111112,0.19617224880382778,1254
