{
  "name": "uncertainty_grid",
  "alpha": 0.0,
  "theta": 0.048445944727524996,
  "calib_risk": 4.8312101910828025,
  "calib_coverage": 0.8184713375796179
}