policy,category,coverage,risk,wrong_auto_rate,auto_error_rate,defer_rate,n
fixed,breakfast_box,0.5636363636363636,3.3000000000000003,0.2863636363636364,0.5080645161290323,0.4363636363636364,220
fixed,juice_bottle,0.375,1.9507575757575757,0.13257575757575757,0.35353535353535354,0.625,264
fixed,pushpins,0.6653225806451613,3.641129032258064,0.33064516129032256,0.49696969696969695,0.33467741935483875,248
fixed,screw_bag,0.8424908424908425,5.285714285714286,0.5128205128205128,0.6086956521739131,0.1575091575091575,273
fixed,splicing_connectors,0.5662650602409639,3.0843373493975905,0.26506024096385544,0.46808510638297873,0.4337349397590361,249
