policy,category,coverage,risk,wrong_auto_rate,auto_error_rate,defer_rate,n
uaat_monotone,breakfast_box,0.4727272727272727,2.6636363636363636,0.21363636363636362,0.4519230769230769,0.5272727272727273,220
uaat_monotone,juice_bottle,0.39015151515151514,2.0113636363636362,0.14015151515151514,0.3592233009708738,0.6098484848484849,264
uaat_monotone,pushpins,0.5685483870967742,3.05241935483871,0.2620967741935484,0.46099290780141844,0.43145161290322576,248
uaat_monotone,screw_bag,0.6666666666666666,4.216117216117216,0.3882783882783883,0.5824175824175825,0.33333333333333337,273
uaat_monotone,splicing_connectors,0.4738955823293173,2.534136546184739,0.20080321285140562,0.423728813559322,0.5261044176706827,249
