policy,coverage,risk,wrong_auto_rate,auto_error_rate,defer_rate,n
uaat_monotone,0.5167464114832536,2.9154704944178627,0.24322169059011164,0.470679012345679,0.4832535885167464,1254
fixed,0.6052631578947368,3.4728867623604462,0.3078149920255183,0.5085638998682477,0.39473684210526316,1254
uncertainty_grid,0.6052631578947368,3.4728867623604462,0.3078149920255183,0.5085638998682477,0.39473684210526316,1254
