policy,category,coverage,risk,wrong_auto_rate,auto_error_rate,defer_rate,n
fixed,breakfast_box,0.4090909090909091,2.3181818181818183,0.17272727272727273,0.4222222222222222,0.5909090909090908,220
fixed,juice_bottle,0.2689393939393939,1.4886363636363638,0.07575757575757576,0.28169014084507044,0.7310606060606061,264
fixed,pushpins,0.4959677419354839,2.8427419354838706,0.23387096774193547,0.4715447154471545,0.5040322580645161,248
fixed,screw_bag,0.6410256410256411,3.9853479853479854,0.3626373626373626,0.5657142857142857,0.3589743589743589,273
fixed,splicing_connectors,0.4457831325301205,2.4417670682730925,0.18875502008032127,0.42342342342342343,0.5542168674698795,249
