policy,category,coverage,risk,wrong_auto_rate,auto_error_rate,defer_rate,n
uaat_monotone,breakfast_box,0.5772727272727273,3.3772727272727274,0.29545454545454547,0.5118110236220472,0.42272727272727273,220
uaat_monotone,juice_bottle,0.22727272727272727,1.3409090909090908,0.056818181818181816,0.25,0.7727272727272727,264
uaat_monotone,pushpins,0.36693548387096775,2.2056451612903225,0.15725806451612903,0.42857142857142855,0.6330645161290323,248
uaat_monotone,screw_bag,0.10989010989010989,1.2564102564102564,0.03663003663003663,0.3333333333333333,0.8901098901098901,273
uaat_monotone,splicing_connectors,0.37349397590361444,2.1124497991967868,0.14859437751004015,0.3978494623655914,0.6265060240963856,249
