policy,coverage,risk,wrong_auto_rate,auto_error_rate,defer_rate,n
uaat_monotone,0.3197767145135566,2.003987240829346,0.13237639553429026,0.4139650872817955,0.6802232854864434,1254
fixed,0.45454545454545453,2.6347687400318978,0.20893141945773525,0.45964912280701753,0.5454545454545454,1254
uncertainty_grid,0.45454545454545453,2.6347687400318978,0.20893141945773525,0.45964912280701753,0.5454545454545454,1254
