{
  "name": "uncertainty_grid",
  "alpha": 0.0,
  "theta": 0.3760593546183444,
  "calib_risk": 2.6496815286624207,
  "calib_coverage": 0.42038216560509556
}