policy,wilds_split,coverage,risk,wrong_auto_rate,auto_error_rate,defer_rate,n
uaat_monotone,test,0.49440302867425395,0.9734523614778807,0.09357107803042695,0.1892607298166005,0.505596971325746,42791
