policy,wilds_split,coverage,risk,wrong_auto_rate,auto_error_rate,defer_rate,n
uncertainty_grid,test,0.509850202145311,1.0145591362669721,0.1048818676824566,0.20571114268689555,0.49014979785468904,42791
