{
  "name": "uncertainty_grid",
  "alpha": 0.025,
  "theta": 0.8437107593268155,
  "calib_risk": 0.6274268526114302,
  "calib_coverage": 0.6699480448455017
}