policy,category,coverage,risk,wrong_auto_rate,auto_error_rate,defer_rate,n
uaat_monotone,breakfast_box,0.5954545454545455,3.495454545454545,0.3090909090909091,0.5190839694656488,0.40454545454545454,220
uaat_monotone,juice_bottle,0.4128787878787879,2.140151515151515,0.1553030303030303,0.3761467889908257,0.5871212121212122,264
uaat_monotone,pushpins,0.9516129032258065,5.129032258064516,0.5080645161290323,0.5338983050847458,0.048387096774193505,248
uaat_monotone,screw_bag,0.8205128205128205,5.2344322344322345,0.5054945054945055,0.6160714285714286,0.17948717948717952,273
uaat_monotone,splicing_connectors,0.7269076305220884,4.048192771084337,0.37751004016064255,0.5193370165745856,0.2730923694779116,249
