policy,category,coverage,risk,wrong_auto_rate,auto_error_rate,defer_rate,n
fixed,breakfast_box,0.85,4.922727272727274,0.4772727272727273,0.5614973262032086,0.15000000000000002,220
fixed,juice_bottle,0.5795454545454546,3.375,0.29545454545454547,0.5098039215686274,0.4204545454545454,264
fixed,pushpins,0.9435483870967742,5.096774193548387,0.5040322580645161,0.5341880341880342,0.056451612903225756,248
fixed,screw_bag,0.9963369963369964,6.377289377289377,0.6373626373626373,0.6397058823529411,0.00366300366300365,273
fixed,splicing_connectors,0.8353413654618473,4.7028112449799195,0.4538152610441767,0.5432692307692307,0.16465863453815266,249
