policy,coverage,risk,wrong_auto_rate,auto_error_rate,defer_rate,n
uaat_monotone,0.7025518341307815,4.021531100478469,0.372408293460925,0.5300794551645857,0.2974481658692185,1254
fixed,0.8405103668261563,4.904306220095694,0.474481658692185,0.5645161290322581,0.15948963317384368,1254
uncertainty_grid,0.8405103668261563,4.904306220095694,0.474481658692185,0.5645161290322581,0.15948963317384368,1254
