{
  "name": "uncertainty_grid",
  "alpha": 0.0,
  "theta": 0.027993717619424006,
  "calib_risk": 4.907643312101911,
  "calib_coverage": 0.8375796178343949
}