{
  "name": "monotone_policy_net",
  "context_cols": [
    "ctx_severity",
    "ctx_corr_motion_blur",
    "ctx_corr_shot_noise",
    "ctx_corr_elastic_transform",
    "ctx_corr_contrast",
    "ctx_corr_zoom_blur",
    "ctx_corr_saturate",
    "ctx_corr_glass_blur",
    "ctx_corr_impulse_noise",
    "ctx_corr_brightness",
    "ctx_corr_frost",
    "ctx_corr_gaussian_blur",
    "ctx_corr_speckle_noise",
    "ctx_corr_snow",
    "ctx_corr_fog",
    "ctx_corr_pixelate",
    "ctx_corr_spatter",
    "ctx_corr_jpeg_compression",
    "ctx_corr_gaussian_noise",
    "ctx_corr_defocus_blur",
    "ctx_brightness",
    "ctx_contrast",
    "ctx_blur_risk",
    "ctx_saturation"
  ],
  "state_dict": {
    "b": 0.3885788917541504,
    "w_u_raw": 3.8172848224639893,
    "w_ctx": [
      2.5735418796539307,
      -0.40648984909057617,
      1.2928874492645264,
      -1.053008794784546,
      0.10668401420116425,
      -0.3102870583534241,
      -1.8463183641433716,
      1.4127519130706787,
      1.1337381601333618,
      -1.8153800964355469,
      -0.13623671233654022,
      0.39792683720588684,
      0.7469874620437622,
      -0.5969875454902649,
      -0.9339697360992432,
      0.1442340612411499,
      -1.291425108909607,
      -1.0641148090362549,
      2.2861971855163574,
      -0.5568026304244995,
      -0.10578826069831848,
      -0.1564105749130249,
      0.15005610883235931,
      -0.8348811864852905
    ],
    "best_loss": 2.1370818614959717
  }
}