policy,coverage,risk,wrong_auto_rate,auto_error_rate,defer_rate,n
uaat_monotone,0.8486552631578947,0.9861671052631579,0.16696447368421052,0.19674004384645677,0.15134473684210525,760000
fixed,0.8991986842105263,1.1349460526315789,0.20682894736842106,0.23001473534184677,0.10080131578947371,760000
uncertainty_grid,0.8992355263157895,1.1357578947368419,0.2069986842105263,0.23019406835338205,0.10076447368421049,760000
