policy,category,coverage,risk,wrong_auto_rate,auto_error_rate,defer_rate,n
uaat_monotone,breakfast_box,0.75,1.05,0.4,0.5333333333333333,0.25,220
uaat_monotone,juice_bottle,0.42045454545454547,0.8977272727272727,0.1590909090909091,0.3783783783783784,0.5795454545454546,264
uaat_monotone,pushpins,0.9354838709677419,1.056451612903226,0.4959677419354839,0.5301724137931034,0.06451612903225812,248
uaat_monotone,screw_bag,0.7106227106227107,1.1465201465201464,0.42857142857142855,0.6030927835051546,0.28937728937728935,273
uaat_monotone,splicing_connectors,0.6746987951807228,1.0080321285140563,0.3413654618473896,0.5059523809523809,0.32530120481927716,249
