{
  "name": "uncertainty_grid",
  "alpha": 0.0,
  "theta": 0.136696668337367,
  "calib_risk": 1.0445859872611465,
  "calib_coverage": 0.7006369426751592
}