policy,coverage,risk,wrong_auto_rate,auto_error_rate,defer_rate,n
fixed,0.3297656049169218,0.7451333224276133,0.014979785468907013,0.04542555453192545,0.6702343950830782,42791
uncertainty_grid,0.3297656049169218,0.7451333224276133,0.014979785468907013,0.04542555453192545,0.6702343950830782,42791
uaat_monotone,0.3742142039213853,0.7559533546773853,0.026033511719754154,0.06956847561356398,0.6257857960786146,42791
