{
  "name": "uncertainty_grid",
  "alpha": 0.0,
  "theta": 0.9885985755920411,
  "calib_risk": 0.6117035821711786,
  "calib_coverage": 0.4299972655181843
}