{
  "name": "uncertainty_grid",
  "alpha": 0.0,
  "theta": 0.9612210988998413,
  "calib_risk": 0.6488925348646432,
  "calib_coverage": 0.5500410172272354
}