policy,category,coverage,risk,wrong_auto_rate,auto_error_rate,defer_rate,n
fixed,breakfast_box,0.35454545454545455,2.0545454545454547,0.1409090909090909,0.3974358974358974,0.6454545454545455,220
fixed,juice_bottle,0.25,1.393939393939394,0.06439393939393939,0.25757575757575757,0.75,264
fixed,pushpins,0.43951612903225806,2.6975806451612905,0.21370967741935484,0.48623853211009177,0.560483870967742,248
fixed,screw_bag,0.6227106227106227,3.9304029304029307,0.3553113553113553,0.5705882352941176,0.3772893772893773,273
fixed,splicing_connectors,0.44176706827309237,2.566265060240964,0.20080321285140562,0.45454545454545453,0.5582329317269077,249
