policy,coverage,risk,wrong_auto_rate,auto_error_rate,defer_rate,n
uaat_monotone,0.29505582137161085,1.8931419457735248,0.11881977671451356,0.4027027027027027,0.7049441786283892,1254
fixed,0.42503987240829344,2.552631578947368,0.19776714513556617,0.4652908067542214,0.5749601275917066,1254
uncertainty_grid,0.42503987240829344,2.552631578947368,0.19776714513556617,0.4652908067542214,0.5749601275917066,1254
