{
  "name": "uncertainty_grid",
  "alpha": 0.0,
  "theta": 0.3888719293804017,
  "calib_risk": 2.6847133757961785,
  "calib_coverage": 0.44904458598726116
}