{
  "name": "uncertainty_grid",
  "alpha": 2.975,
  "theta": -0.09511498309671862,
  "calib_risk": 0.5008203445447088,
  "calib_coverage": 0.799972655181843
}