{
  "name": "uncertainty_grid",
  "alpha": 0.05,
  "theta": 0.6164163950085638,
  "calib_risk": 1.4319114027891717,
  "calib_coverage": 0.799972655181843
}