policy,category,coverage,risk,wrong_auto_rate,auto_error_rate,defer_rate,n
uaat_monotone,breakfast_box,0.7363636363636363,4.127272727272727,0.38636363636363635,0.5246913580246914,0.26363636363636367,220
uaat_monotone,juice_bottle,0.5075757575757576,2.7272727272727275,0.22348484848484848,0.44029850746268656,0.49242424242424243,264
uaat_monotone,pushpins,0.6169354838709677,3.528225806451613,0.31451612903225806,0.5098039215686274,0.38306451612903225,248
uaat_monotone,screw_bag,0.9340659340659341,5.926739926739927,0.5860805860805861,0.6274509803921569,0.06593406593406592,273
uaat_monotone,splicing_connectors,0.7751004016064257,4.281124497991968,0.40562248995983935,0.5233160621761658,0.22489959839357432,249
