policy,category,coverage,risk,wrong_auto_rate,auto_error_rate,defer_rate,n
uncertainty_grid,breakfast_box,0.9681818181818181,5.986363636363637,0.5954545454545455,0.6150234741784038,0.03181818181818186,220
uncertainty_grid,juice_bottle,0.8143939393939394,5.488636363636363,0.5303030303030303,0.6511627906976745,0.18560606060606055,264
uncertainty_grid,pushpins,0.9879032258064516,5.455645161290322,0.5443548387096774,0.5510204081632653,0.012096774193548376,248
uncertainty_grid,screw_bag,1.0,6.410256410256411,0.6410256410256411,0.6410256410256411,0.0,273
uncertainty_grid,splicing_connectors,0.9759036144578314,5.967871485943775,0.5943775100401606,0.6090534979423868,0.02409638554216864,249
