policy,category,coverage,risk,wrong_auto_rate,auto_error_rate,defer_rate,n
uaat_monotone,breakfast_box,0.4590909090909091,2.7227272727272727,0.21818181818181817,0.4752475247524752,0.5409090909090909,220
uaat_monotone,juice_bottle,0.3712121212121212,2.0681818181818183,0.14393939393939395,0.3877551020408163,0.6287878787878788,264
uaat_monotone,pushpins,0.532258064516129,2.8870967741935485,0.24193548387096775,0.45454545454545453,0.467741935483871,248
uaat_monotone,screw_bag,0.673992673992674,4.208791208791209,0.3882783882783883,0.5760869565217391,0.32600732600732596,273
uaat_monotone,splicing_connectors,0.6907630522088354,3.8032128514056223,0.3493975903614458,0.5058139534883721,0.3092369477911646,249
