policy,coverage,risk,wrong_auto_rate,auto_error_rate,defer_rate,n
uaat_monotone,0.5478468899521531,3.155502392344498,0.2703349282296651,0.49344978165938863,0.45215311004784686,1254
fixed,0.6347687400318979,3.626794258373206,0.32615629984051037,0.5138190954773869,0.36523125996810213,1254
uncertainty_grid,0.6347687400318979,3.626794258373206,0.32615629984051037,0.5138190954773869,0.36523125996810213,1254
