{
  "name": "uncertainty_grid",
  "alpha": 0.0,
  "theta": 0.2075476608293854,
  "calib_risk": 3.449044585987261,
  "calib_coverage": 0.60828025477707
}