seed,target_coverage,cost_ratio,c_wrong,c_defer,policy,coverage,risk,wrong_auto_rate,auto_error_rate,defer_rate,n
3,0.6,10:1,10,1,uaat_monotone,0.4481658692185008,2.67304625199362,0.2121212121212121,0.4733096085409252,0.5518341307814991,1254
3,0.6,10:1,10,1,fixed,0.5606060606060606,3.222488038277512,0.2783094098883573,0.4964438122332859,0.4393939393939394,1254
3,0.6,10:1,10,1,uncertainty_grid,0.5606060606060606,3.222488038277512,0.2783094098883573,0.4964438122332859,0.4393939393939394,1254
3,0.7,10:1,10,1,uaat_monotone,0.5406698564593302,3.1387559808612444,0.2679425837320574,0.495575221238938,0.4593301435406698,1254
3,0.7,10:1,10,1,fixed,0.6842105263157895,3.888357256778309,0.3572567783094099,0.5221445221445221,0.3157894736842105,1254
3,0.7,10:1,10,1,uncertainty_grid,0.6842105263157895,3.888357256778309,0.3572567783094099,0.5221445221445221,0.3157894736842105,1254
3,0.8,10:1,10,1,uaat_monotone,0.5996810207336523,3.4625199362041466,0.3062200956937799,0.5106382978723404,0.4003189792663477,1254
3,0.8,10:1,10,1,fixed,0.7807017543859649,4.445773524720893,0.4226475279106858,0.5413687436159347,0.2192982456140351,1254
3,0.8,10:1,10,1,uncertainty_grid,0.7807017543859649,4.445773524720893,0.4226475279106858,0.5413687436159347,0.2192982456140351,1254
3,0.9,10:1,10,1,uaat_monotone,0.6834130781499203,3.960925039872408,0.3644338118022328,0.5332555425904317,0.3165869218500797,1254
3,0.9,10:1,10,1,fixed,0.9106858054226477,5.527910685805423,0.543859649122807,0.5971978984238179,0.0893141945773524,1254
3,0.9,10:1,10,1,uncertainty_grid,0.9106858054226477,5.527910685805423,0.543859649122807,0.5971978984238179,0.0893141945773524,1254
