{
  "name": "uncertainty_grid",
  "alpha": 0.0,
  "theta": 0.0015897993623003235,
  "calib_risk": 5.379710144927536,
  "calib_coverage": 0.7797101449275362
}