{
  "name": "monotone_policy_net",
  "context_cols": [
    "ctx_cat_leather",
    "ctx_cat_hazelnut",
    "ctx_cat_bottle",
    "ctx_cat_carpet",
    "ctx_cat_metal_nut",
    "ctx_cat_grid",
    "ctx_cat_transistor",
    "ctx_cat_capsule",
    "ctx_cat_cable",
    "ctx_cat_toothbrush",
    "ctx_cat_screw",
    "ctx_cat_wood",
    "ctx_cat_zipper",
    "ctx_cat_tile",
    "ctx_cat_pill",
    "ctx_brightness",
    "ctx_contrast",
    "ctx_blur_risk",
    "ctx_saturation"
  ],
  "state_dict": {
    "b": -0.8039971590042114,
    "w_u_raw": -0.26327091455459595,
    "w_ctx": [
      -4.826594352722168,
      0.15839533507823944,
      -0.6656056642532349,
      0.7831642031669617,
      -0.27835994958877563,
      -1.089910864830017,
      -1.4932801723480225,
      1.171566128730774,
      -2.1184794902801514,
      -0.32206788659095764,
      -0.18590430915355682,
      -3.677295446395874,
      -0.10602806508541107,
      -2.5259759426116943,
      0.884588897228241,
      -0.747138261795044,
      -0.46637311577796936,
      -0.7857044339179993,
      -2.388747215270996
    ],
    "best_loss": 4.53570032119751
  }
}