policy,wilds_split,coverage,risk,wrong_auto_rate,auto_error_rate,defer_rate,n
uncertainty_grid,test,0.801897595288729,1.5719894370311516,0.2747774064639761,0.34265897301393017,0.19810240471127105,42791
