policy,wilds_split,coverage,risk,wrong_auto_rate,auto_error_rate,defer_rate,n
fixed,test,0.8012198826856115,1.5711481386272812,0.27447360426257855,0.34256963686743475,0.1987801173143885,42791
