policy,coverage,risk,wrong_auto_rate,auto_error_rate,defer_rate,n
uaat_monotone,0.6993292982169148,1.337454137552289,0.20735668715384076,0.2965079365079365,0.3006707017830852,42791
fixed,0.8012198826856115,1.5711481386272812,0.27447360426257855,0.34256963686743475,0.1987801173143885,42791
uncertainty_grid,0.801897595288729,1.5719894370311516,0.2747774064639761,0.34265897301393017,0.19810240471127105,42791
