{
  "name": "uncertainty_grid",
  "alpha": 1.3,
  "theta": -0.0407893509566784,
  "calib_risk": 0.9331419196062346,
  "calib_coverage": 0.889937106918239
}