policy,coverage,risk,wrong_auto_rate,auto_error_rate,defer_rate,n
uaat_monotone,0.7292657894736843,0.7743921052631578,0.10073157894736842,0.13812738839712616,0.27073421052631574,760000
fixed,0.7598263157894737,0.8667394736842106,0.12531315789473685,0.16492342432827448,0.24017368421052632,760000
uncertainty_grid,0.7598315789473684,0.8667736842105263,0.12532105263157894,0.16493267206029036,0.2401684210526316,760000
