{
  "name": "uncertainty_grid",
  "alpha": 0.15000000000000002,
  "theta": 0.7419139323234557,
  "calib_risk": 0.862,
  "calib_coverage": 0.76
}