{
  "name": "monotone_policy_net",
  "context_cols": [
    "ctx_severity",
    "ctx_corr_fog",
    "ctx_corr_impulse_noise",
    "ctx_corr_snow",
    "ctx_corr_elastic_transform",
    "ctx_corr_zoom_blur",
    "ctx_corr_frost",
    "ctx_corr_contrast",
    "ctx_corr_pixelate",
    "ctx_corr_defocus_blur",
    "ctx_corr_saturate",
    "ctx_corr_motion_blur",
    "ctx_corr_gaussian_blur",
    "ctx_corr_speckle_noise",
    "ctx_corr_gaussian_noise",
    "ctx_corr_jpeg_compression",
    "ctx_corr_spatter",
    "ctx_corr_brightness",
    "ctx_corr_glass_blur",
    "ctx_corr_shot_noise",
    "ctx_brightness",
    "ctx_contrast",
    "ctx_blur_risk",
    "ctx_saturation"
  ],
  "state_dict": {
    "b": 0.12186714261770248,
    "w_u_raw": 1.2082579135894775,
    "w_ctx": [
      2.3665530681610107,
      -0.9497816562652588,
      1.1165614128112793,
      -0.703829824924469,
      -1.694139838218689,
      -0.5199211239814758,
      -0.5455862879753113,
      -0.4099544882774353,
      0.03560762107372284,
      -0.49560242891311646,
      -1.447858452796936,
      -0.7128491401672363,
      0.42230114340782166,
      0.7066959738731384,
      2.136746406555176,
      -0.993559718132019,
      -1.4405951499938965,
      -1.3389116525650024,
      1.0094821453094482,
      0.9644399881362915,
      0.048473019152879715,
      -0.2527317404747009,
      0.027077671140432358,
      -1.1772798299789429
    ],
    "best_loss": 0.7936119437217712
  }
}