policy,wilds_split,coverage,risk,wrong_auto_rate,auto_error_rate,defer_rate,n
uaat_monotone,test,0.4450935944474305,0.7436143114206257,0.037741581173611274,0.08479470755014176,0.5549064055525694,42791
