{
  "name": "uncertainty_grid",
  "alpha": 0.0,
  "theta": 0.9567031729221345,
  "calib_risk": 0.5505879135903746,
  "calib_coverage": 0.5799835931091059
}