{
  "name": "uncertainty_grid",
  "alpha": 0.0,
  "theta": 0.046422292270515725,
  "calib_risk": 4.659235668789809,
  "calib_coverage": 0.7993630573248408
}