policy,coverage,risk,wrong_auto_rate,auto_error_rate,defer_rate,n
uaat_monotone,0.7894092105263157,0.8710578947368421,0.13209342105263158,0.16733199877990035,0.21059078947368426,760000
fixed,0.8303565789473685,0.9911171052631579,0.16429473684210527,0.19786046261038773,0.16964342105263153,760000
uncertainty_grid,0.830425,0.9915486842105263,0.16439473684210526,0.1979645805968092,0.16957500000000003,760000
