{
  "name": "uncertainty_grid",
  "alpha": 0.275,
  "theta": 0.5567647616118193,
  "calib_risk": 0.9888157894736842,
  "calib_coverage": 0.83
}