{
  "name": "monotone_policy_net",
  "context_cols": [
    "ctx_severity",
    "ctx_corr_motion_blur",
    "ctx_corr_shot_noise",
    "ctx_corr_elastic_transform",
    "ctx_corr_contrast",
    "ctx_corr_zoom_blur",
    "ctx_corr_saturate",
    "ctx_corr_glass_blur",
    "ctx_corr_impulse_noise",
    "ctx_corr_brightness",
    "ctx_corr_frost",
    "ctx_corr_gaussian_blur",
    "ctx_corr_speckle_noise",
    "ctx_corr_snow",
    "ctx_corr_fog",
    "ctx_corr_pixelate",
    "ctx_corr_spatter",
    "ctx_corr_jpeg_compression",
    "ctx_corr_gaussian_noise",
    "ctx_corr_defocus_blur",
    "ctx_brightness",
    "ctx_contrast",
    "ctx_blur_risk",
    "ctx_saturation"
  ],
  "state_dict": {
    "b": -0.18031717836856842,
    "w_u_raw": 0.6274582147598267,
    "w_ctx": [
      2.805708885192871,
      -0.8551977872848511,
      1.0865064859390259,
      -2.3447868824005127,
      -0.26206302642822266,
      -0.9468751549720764,
      -1.358105182647705,
      0.7203755378723145,
      1.1047418117523193,
      -2.3731682300567627,
      -0.43725666403770447,
      0.09686102718114853,
      0.7746471762657166,
      -1.3682657480239868,
      -1.7097750902175903,
      -0.010407515801489353,
      -1.8603137731552124,
      -1.5531412363052368,
      2.087383508682251,
      -1.1392464637756348,
      -0.08955739438533783,
      -0.5705744624137878,
      -0.3404037654399872,
      -1.424708604812622
    ],
    "best_loss": 0.902052104473114
  }
}