{
  "name": "uncertainty_grid",
  "alpha": 0.0,
  "theta": 0.023230478133570792,
  "calib_risk": 4.628985507246377,
  "calib_coverage": 0.6898550724637681
}