{
  "name": "monotone_policy_net",
  "context_cols": [
    "ctx_severity",
    "ctx_corr_motion_blur",
    "ctx_corr_shot_noise",
    "ctx_corr_elastic_transform",
    "ctx_corr_contrast",
    "ctx_corr_zoom_blur",
    "ctx_corr_saturate",
    "ctx_corr_glass_blur",
    "ctx_corr_impulse_noise",
    "ctx_corr_brightness",
    "ctx_corr_frost",
    "ctx_corr_gaussian_blur",
    "ctx_corr_speckle_noise",
    "ctx_corr_snow",
    "ctx_corr_fog",
    "ctx_corr_pixelate",
    "ctx_corr_spatter",
    "ctx_corr_jpeg_compression",
    "ctx_corr_gaussian_noise",
    "ctx_corr_defocus_blur",
    "ctx_brightness",
    "ctx_contrast",
    "ctx_blur_risk",
    "ctx_saturation"
  ],
  "state_dict": {
    "b": 0.09074606001377106,
    "w_u_raw": 2.995727300643921,
    "w_ctx": [
      3.053567886352539,
      -0.9736130237579346,
      1.253077745437622,
      -1.447445273399353,
      -0.13006456196308136,
      -0.8118317127227783,
      -2.0179762840270996,
      0.922421395778656,
      1.0081688165664673,
      -1.6111998558044434,
      -0.6312109231948853,
      0.03657756373286247,
      0.34798699617385864,
      -1.1302634477615356,
      -1.4935640096664429,
      -0.06225207448005676,
      -1.7706184387207031,
      -1.4925256967544556,
      2.323587656021118,
      -1.0583689212799072,
      -0.2278686910867691,
      -0.261343389749527,
      -0.1102643683552742,
      -1.6332662105560303
    ],
    "best_loss": 2.8400845527648926
  }
}