{
  "name": "monotone_policy_net",
  "context_cols": [
    "ctx_severity",
    "ctx_corr_fog",
    "ctx_corr_impulse_noise",
    "ctx_corr_snow",
    "ctx_corr_elastic_transform",
    "ctx_corr_zoom_blur",
    "ctx_corr_frost",
    "ctx_corr_contrast",
    "ctx_corr_pixelate",
    "ctx_corr_defocus_blur",
    "ctx_corr_saturate",
    "ctx_corr_motion_blur",
    "ctx_corr_gaussian_blur",
    "ctx_corr_speckle_noise",
    "ctx_corr_gaussian_noise",
    "ctx_corr_jpeg_compression",
    "ctx_corr_spatter",
    "ctx_corr_brightness",
    "ctx_corr_glass_blur",
    "ctx_corr_shot_noise",
    "ctx_brightness",
    "ctx_contrast",
    "ctx_blur_risk",
    "ctx_saturation"
  ],
  "state_dict": {
    "b": 0.8576050996780396,
    "w_u_raw": 1.92920982837677,
    "w_ctx": [
      1.7981353998184204,
      -0.27434223890304565,
      1.499881625175476,
      -0.034412432461977005,
      -0.23533345758914948,
      0.2274405062198639,
      0.458082377910614,
      0.24060484766960144,
      0.5498110055923462,
      -0.17161190509796143,
      -0.739557683467865,
      0.466551810503006,
      0.5719685554504395,
      1.2353870868682861,
      2.939484119415283,
      0.0181979238986969,
      -0.24984271824359894,
      -1.1253244876861572,
      2.618406295776367,
      1.6570343971252441,
      0.6359210014343262,
      0.7245800495147705,
      0.7701753377914429,
      0.47641029953956604
    ],
    "best_loss": 0.6654742956161499
  }
}