{
  "name": "uncertainty_grid",
  "alpha": 1.375,
  "theta": 0.9332210143469274,
  "calib_risk": 0.6390526315789473,
  "calib_coverage": 0.52
}