policy,coverage,risk,wrong_auto_rate,auto_error_rate,defer_rate,n
uaat_monotone,0.3352807833422916,0.7338926409759061,0.01383468486363955,0.04126298180804349,0.6647192166577084,42791
fixed,0.2684209296347363,0.7554158584749129,0.004767357621929845,0.017760752220094028,0.7315790703652637,42791
uncertainty_grid,0.2684209296347363,0.7554158584749129,0.004767357621929845,0.017760752220094028,0.7315790703652637,42791
