{
  "name": "uncertainty_grid",
  "alpha": 0.0,
  "theta": 0.9936088800430297,
  "calib_risk": 0.6614711512168444,
  "calib_coverage": 0.4000546896363139
}