{
  "name": "uncertainty_grid",
  "alpha": 1.3,
  "theta": 0.7048089497983453,
  "calib_risk": 0.7283157894736841,
  "calib_coverage": 0.66
}