{
  "name": "monotone_policy_net",
  "context_cols": [
    "ctx_severity",
    "ctx_corr_motion_blur",
    "ctx_corr_shot_noise",
    "ctx_corr_elastic_transform",
    "ctx_corr_contrast",
    "ctx_corr_zoom_blur",
    "ctx_corr_saturate",
    "ctx_corr_glass_blur",
    "ctx_corr_impulse_noise",
    "ctx_corr_brightness",
    "ctx_corr_frost",
    "ctx_corr_gaussian_blur",
    "ctx_corr_speckle_noise",
    "ctx_corr_snow",
    "ctx_corr_fog",
    "ctx_corr_pixelate",
    "ctx_corr_spatter",
    "ctx_corr_jpeg_compression",
    "ctx_corr_gaussian_noise",
    "ctx_corr_defocus_blur",
    "ctx_brightness",
    "ctx_contrast",
    "ctx_blur_risk",
    "ctx_saturation"
  ],
  "state_dict": {
    "b": 0.4500688314437866,
    "w_u_raw": 2.016279935836792,
    "w_ctx": [
      1.984433889389038,
      -0.13131099939346313,
      1.2556734085083008,
      -0.6559984683990479,
      0.24887323379516602,
      -0.09335358440876007,
      -1.3503154516220093,
      1.4583452939987183,
      1.1379318237304688,
      -1.3634884357452393,
      0.08954217284917831,
      0.5112521052360535,
      0.8225072026252747,
      -0.348931223154068,
      -0.46788087487220764,
      0.32068514823913574,
      -0.7994719743728638,
      -0.6362417936325073,
      2.1503007411956787,
      -0.21204648911952972,
      0.18398673832416534,
      0.2268572896718979,
      0.2752874791622162,
      -0.08391128480434418
    ],
    "best_loss": 0.6887611150741577
  }
}