{
  "name": "uncertainty_grid",
  "alpha": 0.0,
  "theta": 0.016809439740000008,
  "calib_risk": 4.860869565217391,
  "calib_coverage": 0.7188405797101449
}