{
  "name": "monotone_policy_net",
  "context_cols": [
    "ctx_cat_toothbrush",
    "ctx_cat_grid",
    "ctx_cat_capsule",
    "ctx_cat_hazelnut",
    "ctx_cat_carpet",
    "ctx_cat_cable",
    "ctx_cat_leather",
    "ctx_cat_pill",
    "ctx_cat_screw",
    "ctx_cat_transistor",
    "ctx_cat_metal_nut",
    "ctx_cat_wood",
    "ctx_cat_tile",
    "ctx_cat_zipper",
    "ctx_cat_bottle",
    "ctx_brightness",
    "ctx_contrast",
    "ctx_blur_risk",
    "ctx_saturation"
  ],
  "state_dict": {
    "b": -0.7831571698188782,
    "w_u_raw": 0.2633974552154541,
    "w_ctx": [
      0.6789494752883911,
      -1.1478945016860962,
      0.8757460117340088,
      -0.9729267954826355,
      -3.8226585388183594,
      -0.7467803359031677,
      -2.8885929584503174,
      -0.23533637821674347,
      -0.08327193558216095,
      -0.4655326008796692,
      -0.5408453345298767,
      -1.8724991083145142,
      -0.9396591186523438,
      -0.06814420223236084,
      -0.3203567564487457,
      -0.5287259817123413,
      -0.36152470111846924,
      -0.7208479046821594,
      -1.380914330482483
    ],
    "best_loss": 3.8817901611328125
  }
}