{
  "name": "uncertainty_grid",
  "alpha": 2.975,
  "theta": 0.2166464394330985,
  "calib_risk": 0.4896631578947369,
  "calib_coverage": 0.7
}