{
  "name": "monotone_policy_net",
  "context_cols": [
    "ctx_severity",
    "ctx_corr_fog",
    "ctx_corr_impulse_noise",
    "ctx_corr_snow",
    "ctx_corr_elastic_transform",
    "ctx_corr_zoom_blur",
    "ctx_corr_frost",
    "ctx_corr_contrast",
    "ctx_corr_pixelate",
    "ctx_corr_defocus_blur",
    "ctx_corr_saturate",
    "ctx_corr_motion_blur",
    "ctx_corr_gaussian_blur",
    "ctx_corr_speckle_noise",
    "ctx_corr_gaussian_noise",
    "ctx_corr_jpeg_compression",
    "ctx_corr_spatter",
    "ctx_corr_brightness",
    "ctx_corr_glass_blur",
    "ctx_corr_shot_noise",
    "ctx_brightness",
    "ctx_contrast",
    "ctx_blur_risk",
    "ctx_saturation"
  ],
  "state_dict": {
    "b": 0.2753458321094513,
    "w_u_raw": 0.973286509513855,
    "w_ctx": [
      1.6511725187301636,
      -0.8449676036834717,
      1.1699687242507935,
      -0.6795740127563477,
      -1.362100601196289,
      -0.02358042076230049,
      -0.010614736936986446,
      0.2690574526786804,
      0.3326028883457184,
      -0.4616791009902954,
      -1.4044990539550781,
      -0.41104552149772644,
      0.5388304591178894,
      0.8008372187614441,
      1.9570103883743286,
      -0.608475387096405,
      -0.9847808480262756,
      -1.1766968965530396,
      0.9906070828437805,
      1.0565403699874878,
      0.2104819416999817,
      0.12996931374073029,
      0.15298514068126678,
      -0.10124801099300385
    ],
    "best_loss": 0.4755391478538513
  }
}