policy,wilds_split,coverage,risk,wrong_auto_rate,auto_error_rate,defer_rate,n
uaat_monotone,test,0.4390175504194807,1.065761491902503,0.05047790423219836,0.11497923985946981,0.5609824495805193,42791
