policy,wilds_split,coverage,risk,wrong_auto_rate,auto_error_rate,defer_rate,n
fixed,test,0.5036105723166087,1.3302096235189642,0.08338201958355729,0.16556844547563804,0.49638942768339134,42791
