policy,category,coverage,risk,wrong_auto_rate,auto_error_rate,defer_rate,n
uaat_monotone,breakfast_box,0.4772727272727273,2.75,0.22272727272727272,0.4666666666666667,0.5227272727272727,220
uaat_monotone,juice_bottle,0.22348484848484848,1.3446969696969697,0.056818181818181816,0.2542372881355932,0.7765151515151515,264
uaat_monotone,pushpins,0.532258064516129,3.008064516129032,0.2540322580645161,0.4772727272727273,0.467741935483871,248
uaat_monotone,screw_bag,0.27472527472527475,2.043956043956044,0.13186813186813187,0.48,0.7252747252747253,273
uaat_monotone,splicing_connectors,0.357429718875502,2.0080321285140563,0.13654618473895583,0.38202247191011235,0.642570281124498,249
