{
  "name": "monotone_policy_net",
  "context_cols": [
    "ctx_severity",
    "ctx_corr_motion_blur",
    "ctx_corr_shot_noise",
    "ctx_corr_elastic_transform",
    "ctx_corr_contrast",
    "ctx_corr_zoom_blur",
    "ctx_corr_saturate",
    "ctx_corr_glass_blur",
    "ctx_corr_impulse_noise",
    "ctx_corr_brightness",
    "ctx_corr_frost",
    "ctx_corr_gaussian_blur",
    "ctx_corr_speckle_noise",
    "ctx_corr_snow",
    "ctx_corr_fog",
    "ctx_corr_pixelate",
    "ctx_corr_spatter",
    "ctx_corr_jpeg_compression",
    "ctx_corr_gaussian_noise",
    "ctx_corr_defocus_blur",
    "ctx_brightness",
    "ctx_contrast",
    "ctx_blur_risk",
    "ctx_saturation"
  ],
  "state_dict": {
    "b": 0.37534964084625244,
    "w_u_raw": 1.8339581489562988,
    "w_ctx": [
      2.065890073776245,
      -0.13219517469406128,
      1.2280433177947998,
      -0.7197303175926208,
      0.27098071575164795,
      -0.12277120351791382,
      -1.2613120079040527,
      1.3172712326049805,
      1.1121399402618408,
      -1.3062372207641602,
      -0.03505571931600571,
      0.41351160407066345,
      0.7450865507125854,
      -0.3643191456794739,
      -0.5713347792625427,
      0.2616369426250458,
      -1.0599281787872314,
      -1.0724656581878662,
      2.1125686168670654,
      -0.3170391321182251,
      0.18048590421676636,
      0.16958411037921906,
      0.17903771996498108,
      -0.16315072774887085
    ],
    "best_loss": 0.7044939398765564
  }
}