{
  "name": "uncertainty_grid",
  "alpha": 1.675,
  "theta": 0.5766903805434702,
  "calib_risk": 0.7500789473684211,
  "calib_coverage": 0.68
}