policy,wilds_split,coverage,risk,wrong_auto_rate,auto_error_rate,defer_rate,n
uaat_monotone,test,0.45039844827183284,0.6848169007501578,0.06760767451099531,0.15010636641934313,0.5496015517281672,42791
