policy,wilds_split,coverage,risk,wrong_auto_rate,auto_error_rate,defer_rate,n
fixed,test,0.431025215582716,0.6851207029515552,0.05807295926713561,0.1347321622207764,0.568974784417284,42791
