{
  "name": "uncertainty_grid",
  "alpha": 0.0,
  "theta": 0.5250513744354247,
  "calib_risk": 1.2022631578947367,
  "calib_coverage": 0.93
}