{
  "name": "monotone_policy_net",
  "context_cols": [
    "ctx_severity",
    "ctx_corr_gaussian_noise",
    "ctx_corr_pixelate",
    "ctx_corr_frost",
    "ctx_corr_fog",
    "ctx_corr_brightness",
    "ctx_corr_glass_blur",
    "ctx_corr_gaussian_blur",
    "ctx_corr_snow",
    "ctx_corr_contrast",
    "ctx_corr_impulse_noise",
    "ctx_corr_zoom_blur",
    "ctx_corr_elastic_transform",
    "ctx_corr_saturate",
    "ctx_corr_defocus_blur",
    "ctx_corr_jpeg_compression",
    "ctx_corr_motion_blur",
    "ctx_corr_shot_noise",
    "ctx_corr_spatter",
    "ctx_corr_speckle_noise",
    "ctx_brightness",
    "ctx_contrast",
    "ctx_blur_risk",
    "ctx_saturation"
  ],
  "state_dict": {
    "b": -1.3923887014389038,
    "w_u_raw": -1.0668210983276367,
    "w_ctx": [
      3.8925251960754395,
      2.6354353427886963,
      0.168199360370636,
      -1.189405918121338,
      -2.6250510215759277,
      -1.9941680431365967,
      0.5203155279159546,
      0.26583826541900635,
      -1.999722957611084,
      -0.10316610336303711,
      1.3960773944854736,
      -1.2438793182373047,
      -1.9305516481399536,
      -1.2994276285171509,
      -0.7991536259651184,
      -1.7724405527114868,
      -1.6537834405899048,
      1.3128637075424194,
      -2.137033700942993,
      1.4669513702392578,
      -0.15520915389060974,
      -1.7101552486419678,
      -0.45121973752975464,
      -2.649287700653076
    ],
    "best_loss": 1.1034337282180786
  }
}