policy,wilds_split,coverage,risk,wrong_auto_rate,auto_error_rate,defer_rate,n
fixed,test,0.7922927718445467,1.7996307634783015,0.31838470706456967,0.40185234345043214,0.20770722815545328,42791
