policy,wilds_split,coverage,risk,wrong_auto_rate,auto_error_rate,defer_rate,n
uaat_monotone,test,0.6986983244140123,1.5390619522796851,0.24755205533873945,0.3543046357615894,0.30130167558598775,42791
