{
  "name": "uncertainty_grid",
  "alpha": 0.05,
  "theta": 0.48786962509155274,
  "calib_risk": 0.9684167350287121,
  "calib_coverage": 0.8799562482909489
}