{
  "name": "uncertainty_grid",
  "alpha": 1.6500000000000001,
  "theta": -0.9842274934053421,
  "calib_risk": 1.8769841269841268,
  "calib_coverage": 0.7996031746031746
}