policy,wilds_split,coverage,risk,wrong_auto_rate,auto_error_rate,defer_rate,n
uaat_monotone,test,0.3841461989670725,0.7575892126849104,0.028347082330396577,0.07379243216936367,0.6158538010329275,42791
