policy,coverage,risk,wrong_auto_rate,auto_error_rate,defer_rate,n
uncertainty_grid,0.3641887312752682,0.7444789792246033,0.021733542099974294,0.05967659137577002,0.6358112687247318,42791
fixed,0.36470285807763314,0.7446659344254634,0.02187375850061929,0.05997693194925029,0.6352971419223669,42791
uaat_monotone,0.3841461989670725,0.7575892126849104,0.028347082330396577,0.07379243216936367,0.6158538010329275,42791
