{
  "name": "uncertainty_grid",
  "alpha": 0.1,
  "theta": 0.9582503128424287,
  "calib_risk": 0.6078753076292043,
  "calib_coverage": 0.5500410172272354
}