policy,coverage,risk,wrong_auto_rate,auto_error_rate,defer_rate,n
uaat_monotone,0.6203842105263158,0.6522671052631579,0.054530263157894734,0.08789756772119145,0.37961578947368424,760000
uncertainty_grid,0.6098118421052632,0.6830565789473684,0.05857368421052631,0.09605206092474598,0.3901881578947368,760000
fixed,0.6098197368421052,0.6840684210526315,0.058777631578947366,0.09638525621247003,0.3901802631578948,760000
