{
  "name": "monotone_policy_net",
  "context_cols": [
    "ctx_severity",
    "ctx_corr_motion_blur",
    "ctx_corr_shot_noise",
    "ctx_corr_elastic_transform",
    "ctx_corr_contrast",
    "ctx_corr_zoom_blur",
    "ctx_corr_saturate",
    "ctx_corr_glass_blur",
    "ctx_corr_impulse_noise",
    "ctx_corr_brightness",
    "ctx_corr_frost",
    "ctx_corr_gaussian_blur",
    "ctx_corr_speckle_noise",
    "ctx_corr_snow",
    "ctx_corr_fog",
    "ctx_corr_pixelate",
    "ctx_corr_spatter",
    "ctx_corr_jpeg_compression",
    "ctx_corr_gaussian_noise",
    "ctx_corr_defocus_blur",
    "ctx_brightness",
    "ctx_contrast",
    "ctx_blur_risk",
    "ctx_saturation"
  ],
  "state_dict": {
    "b": 0.6045532822608948,
    "w_u_raw": 2.1888349056243896,
    "w_ctx": [
      1.8639096021652222,
      0.025481920689344406,
      1.281982183456421,
      -0.6491876244544983,
      0.22662568092346191,
      -0.014999519102275372,
      -0.9578244090080261,
      2.0049171447753906,
      1.1819894313812256,
      -1.1955748796463013,
      0.20347033441066742,
      0.563346266746521,
      0.9466697573661804,
      -0.24350517988204956,
      -0.32942959666252136,
      0.46259990334510803,
      -0.4561292827129364,
      -0.5122124552726746,
      2.4777510166168213,
      -0.10744329541921616,
      0.35926908254623413,
      0.36331361532211304,
      0.47576630115509033,
      0.1548195332288742
    ],
    "best_loss": 0.6635674238204956
  }
}