{
  "name": "uncertainty_grid",
  "alpha": 2.6750000000000003,
  "theta": 0.6802030982859434,
  "calib_risk": 0.6824473684210526,
  "calib_coverage": 0.61
}