policy,category,coverage,risk,wrong_auto_rate,auto_error_rate,defer_rate,n
uaat_monotone,breakfast_box,0.7545454545454545,4.29090909090909,0.40454545454545454,0.536144578313253,0.24545454545454548,220
uaat_monotone,juice_bottle,0.4393939393939394,2.303030303030303,0.17424242424242425,0.39655172413793105,0.5606060606060606,264
uaat_monotone,pushpins,0.9637096774193549,5.237903225806451,0.5201612903225806,0.5397489539748954,0.03629032258064513,248
uaat_monotone,screw_bag,0.8095238095238095,5.172161172161172,0.4981684981684982,0.6153846153846154,0.19047619047619047,273
uaat_monotone,splicing_connectors,0.6867469879518072,3.7670682730923697,0.3453815261044177,0.5029239766081871,0.3132530120481928,249
