policy,coverage,risk,wrong_auto_rate,auto_error_rate,defer_rate,n
uaat_monotone,0.7280701754385965,4.147527910685805,0.3875598086124402,0.5323110624315444,0.27192982456140347,1254
fixed,0.919457735247209,5.606858054226476,0.5526315789473685,0.601040763226366,0.08054226475279103,1254
uncertainty_grid,0.919457735247209,5.606858054226476,0.5526315789473685,0.601040763226366,0.08054226475279103,1254
