{
  "name": "monotone_policy_net",
  "context_cols": [
    "ctx_cat_screw_bag",
    "ctx_cat_pushpins",
    "ctx_cat_splicing_connectors",
    "ctx_cat_juice_bottle",
    "ctx_cat_breakfast_box",
    "ctx_brightness",
    "ctx_contrast",
    "ctx_blur_risk",
    "ctx_saturation"
  ],
  "state_dict": {
    "b": -0.8099784851074219,
    "w_u_raw": -0.29735493659973145,
    "w_ctx": [
      0.3253993093967438,
      -3.2023160457611084,
      -0.3848595917224884,
      -0.5433995127677917,
      -0.5116652846336365,
      -0.47804442048072815,
      -0.3325979709625244,
      -0.8503506183624268,
      -0.8147105574607849
    ],
    "best_loss": 4.624886512756348
  }
}