policy,category,coverage,risk,wrong_auto_rate,auto_error_rate,defer_rate,n
uaat_monotone,breakfast_box,0.7136363636363636,4.013636363636364,0.37272727272727274,0.5222929936305732,0.2863636363636364,220
uaat_monotone,juice_bottle,0.49242424242424243,2.590909090909091,0.20833333333333334,0.4230769230769231,0.5075757575757576,264
uaat_monotone,pushpins,0.5201612903225806,3.060483870967742,0.25806451612903225,0.49612403100775193,0.4798387096774194,248
uaat_monotone,screw_bag,0.9230769230769231,5.827838827838827,0.575091575091575,0.623015873015873,0.07692307692307687,273
uaat_monotone,splicing_connectors,0.7590361445783133,4.216867469879518,0.39759036144578314,0.5238095238095238,0.24096385542168675,249
