policy,coverage,risk,wrong_auto_rate,auto_error_rate,defer_rate,n
uaat_monotone,0.6834130781499203,3.960925039872408,0.36443381180223283,0.5332555425904317,0.31658692185007975,1254
fixed,0.9106858054226475,5.5279106858054226,0.543859649122807,0.5971978984238179,0.08931419457735246,1254
uncertainty_grid,0.9106858054226475,5.5279106858054226,0.543859649122807,0.5971978984238179,0.08931419457735246,1254
