policy,category,coverage,risk,wrong_auto_rate,auto_error_rate,defer_rate,n
fixed,breakfast_box,0.9772727272727273,6.0681818181818175,0.6045454545454545,0.6186046511627907,0.022727272727272707,220
fixed,juice_bottle,0.8143939393939394,5.488636363636363,0.5303030303030303,0.6511627906976745,0.18560606060606055,264
fixed,pushpins,0.9879032258064516,5.455645161290322,0.5443548387096774,0.5510204081632653,0.012096774193548376,248
fixed,screw_bag,1.0,6.410256410256411,0.6410256410256411,0.6410256410256411,0.0,273
fixed,splicing_connectors,0.9799196787148594,6.004016064257028,0.5983935742971888,0.610655737704918,0.02008032128514059,249
