{
  "name": "uncertainty_grid",
  "alpha": 0.0,
  "theta": 0.17515810961157874,
  "calib_risk": 2.802898550724638,
  "calib_coverage": 0.4289855072463768
}