{
  "name": "uncertainty_grid",
  "alpha": 0.1,
  "theta": 0.8621500478237868,
  "calib_risk": 0.7661842105263159,
  "calib_coverage": 0.69
}