{
  "name": "monotone_policy_net",
  "context_cols": [
    "ctx_severity",
    "ctx_corr_gaussian_noise",
    "ctx_corr_pixelate",
    "ctx_corr_frost",
    "ctx_corr_fog",
    "ctx_corr_brightness",
    "ctx_corr_glass_blur",
    "ctx_corr_gaussian_blur",
    "ctx_corr_snow",
    "ctx_corr_contrast",
    "ctx_corr_impulse_noise",
    "ctx_corr_zoom_blur",
    "ctx_corr_elastic_transform",
    "ctx_corr_saturate",
    "ctx_corr_defocus_blur",
    "ctx_corr_jpeg_compression",
    "ctx_corr_motion_blur",
    "ctx_corr_shot_noise",
    "ctx_corr_spatter",
    "ctx_corr_speckle_noise",
    "ctx_brightness",
    "ctx_contrast",
    "ctx_blur_risk",
    "ctx_saturation"
  ],
  "state_dict": {
    "b": 0.3401575982570648,
    "w_u_raw": 1.679686188697815,
    "w_ctx": [
      2.13741135597229,
      2.096738576889038,
      0.18526995182037354,
      -0.24866053462028503,
      -0.6606799960136414,
      -1.6258115768432617,
      1.3048726320266724,
      0.5587537288665771,
      -0.5502926707267761,
      0.2676452696323395,
      1.0919222831726074,
      -0.18743687868118286,
      -1.3134865760803223,
      -0.9196901917457581,
      -0.40761953592300415,
      -0.700172483921051,
      -0.10266544669866562,
      1.1954894065856934,
      -0.9647722840309143,
      0.8211877346038818,
      0.16475006937980652,
      0.25535672903060913,
      0.0718299150466919,
      -0.3140542209148407
    ],
    "best_loss": 0.71455317735672
  }
}