policy,category,coverage,risk,wrong_auto_rate,auto_error_rate,defer_rate,n
uaat_monotone,breakfast_box,0.29545454545454547,1.8863636363636365,0.11818181818181818,0.4,0.7045454545454546,220
uaat_monotone,juice_bottle,0.23863636363636365,1.4053030303030303,0.06439393939393939,0.2698412698412698,0.7613636363636364,264
uaat_monotone,pushpins,0.21370967741935484,1.592741935483871,0.08064516129032258,0.37735849056603776,0.7862903225806451,248
uaat_monotone,screw_bag,0.6666666666666666,4.216117216117216,0.3882783882783883,0.5824175824175825,0.33333333333333337,273
uaat_monotone,splicing_connectors,0.3654618473895582,2.0803212851405624,0.14457831325301204,0.3956043956043956,0.6345381526104418,249
