policy,category,coverage,risk,wrong_auto_rate,auto_error_rate,defer_rate,n
uncertainty_grid,breakfast_box,0.4318181818181818,2.4318181818181817,0.18636363636363637,0.43157894736842106,0.5681818181818181,220
uncertainty_grid,juice_bottle,0.3068181818181818,1.7159090909090908,0.10227272727272728,0.3333333333333333,0.6931818181818181,264
uncertainty_grid,pushpins,0.5403225806451613,2.919354838709678,0.24596774193548387,0.4552238805970149,0.45967741935483875,248
uncertainty_grid,screw_bag,0.673992673992674,4.245421245421245,0.39194139194139194,0.5815217391304348,0.32600732600732596,273
uncertainty_grid,splicing_connectors,0.46184738955823296,2.465863453815261,0.1927710843373494,0.41739130434782606,0.5381526104417671,249
