policy,coverage,risk,wrong_auto_rate,auto_error_rate,defer_rate,n
uaat_monotone,0.3620414673046252,2.2727272727272725,0.1634768740031898,0.45154185022026433,0.6379585326953747,1254
fixed,0.48564593301435405,2.7791068580542264,0.22647527910685805,0.4663382594417077,0.5143540669856459,1254
uncertainty_grid,0.48564593301435405,2.7791068580542264,0.22647527910685805,0.4663382594417077,0.5143540669856459,1254
