{
  "name": "uncertainty_grid",
  "alpha": 0.0,
  "theta": 0.339698881509283,
  "calib_risk": 2.748407643312102,
  "calib_coverage": 0.44904458598726116
}