{
  "name": "monotone_policy_net",
  "context_cols": [
    "ctx_cat_leather",
    "ctx_cat_hazelnut",
    "ctx_cat_bottle",
    "ctx_cat_carpet",
    "ctx_cat_metal_nut",
    "ctx_cat_grid",
    "ctx_cat_transistor",
    "ctx_cat_capsule",
    "ctx_cat_cable",
    "ctx_cat_toothbrush",
    "ctx_cat_screw",
    "ctx_cat_wood",
    "ctx_cat_zipper",
    "ctx_cat_tile",
    "ctx_cat_pill",
    "ctx_brightness",
    "ctx_contrast",
    "ctx_blur_risk",
    "ctx_saturation"
  ],
  "state_dict": {
    "b": -0.6838454604148865,
    "w_u_raw": 0.42322495579719543,
    "w_ctx": [
      -4.4017791748046875,
      -0.34029388427734375,
      -1.1745835542678833,
      0.31686192750930786,
      -0.672663152217865,
      -1.606637954711914,
      -0.12354893982410431,
      0.6865529417991638,
      -0.011808994226157665,
      1.055972695350647,
      -0.660027801990509,
      -1.7871981859207153,
      -0.5362878441810608,
      -2.0184953212738037,
      0.4366986155509949,
      -0.6555395722389221,
      -0.4785376787185669,
      -0.6679579615592957,
      -1.668375849723816
    ],
    "best_loss": 3.745260715484619
  }
}