{
  "name": "uncertainty_grid",
  "alpha": 0.0,
  "theta": 0.021173887515458224,
  "calib_risk": 4.6405797101449275,
  "calib_coverage": 0.6782608695652174
}