policy,wilds_split,coverage,risk,wrong_auto_rate,auto_error_rate,defer_rate,n
uaat_monotone,test,0.39819120843167954,0.7885302984272394,0.03734430137178379,0.09378484652855215,0.6018087915683205,42791
