policy,wilds_split,coverage,risk,wrong_auto_rate,auto_error_rate,defer_rate,n
fixed,test,0.36393166787408565,0.7515131686569607,0.02308896730620925,0.06344313876581262,0.6360683321259144,42791
