{
  "name": "uncertainty_grid",
  "alpha": 0.025,
  "theta": 0.9733213919680566,
  "calib_risk": 0.5758818703855619,
  "calib_coverage": 0.5
}