{
  "name": "uncertainty_grid",
  "alpha": 0.0,
  "theta": 0.16590343517785094,
  "calib_risk": 3.681528662420382,
  "calib_coverage": 0.6305732484076433
}