policy,category,coverage,risk,wrong_auto_rate,auto_error_rate,defer_rate,n
uaat_monotone,breakfast_box,0.4318181818181818,2.6136363636363633,0.20454545454545456,0.47368421052631576,0.5681818181818181,220
uaat_monotone,juice_bottle,0.35984848484848486,2.0416666666666665,0.14015151515151514,0.3894736842105263,0.6401515151515151,264
uaat_monotone,pushpins,0.8911290322580645,4.745967741935484,0.4637096774193548,0.5203619909502263,0.1088709677419355,248
uaat_monotone,screw_bag,0.8681318681318682,5.47985347985348,0.5347985347985348,0.6160337552742616,0.13186813186813184,273
uaat_monotone,splicing_connectors,0.5863453815261044,3.2248995983935744,0.28112449799196787,0.4794520547945205,0.4136546184738956,249
