policy,category,coverage,risk,wrong_auto_rate,auto_error_rate,defer_rate,n
fixed,breakfast_box,0.6909090909090909,2.1045454545454545,0.35909090909090907,0.5197368421052632,0.3090909090909091,220
fixed,juice_bottle,0.42045454545454547,1.4128787878787878,0.16666666666666666,0.3963963963963964,0.5795454545454546,264
fixed,pushpins,0.7379032258064516,2.1370967741935485,0.375,0.5081967213114754,0.2620967741935484,248
fixed,screw_bag,0.9413919413919414,3.0073260073260073,0.5897435897435898,0.6264591439688716,0.05860805860805862,273
fixed,splicing_connectors,0.7028112449799196,2.0843373493975905,0.357429718875502,0.5085714285714286,0.29718875502008035,249
