policy,category,coverage,risk,wrong_auto_rate,auto_error_rate,defer_rate,n
uaat_monotone,breakfast_box,0.4727272727272727,1.6181818181818182,0.21818181818181817,0.46153846153846156,0.5272727272727273,220
uaat_monotone,juice_bottle,0.38257575757575757,1.356060606060606,0.14772727272727273,0.38613861386138615,0.6174242424242424,264
uaat_monotone,pushpins,0.9516129032258065,2.5887096774193545,0.5080645161290323,0.5338983050847458,0.048387096774193505,248
uaat_monotone,screw_bag,0.9560439560439561,3.0476190476190474,0.6007326007326007,0.6283524904214559,0.04395604395604391,273
uaat_monotone,splicing_connectors,0.7068273092369478,2.1004016064257027,0.3614457831325301,0.5113636363636364,0.2931726907630522,249
