{
  "name": "monotone_policy_net",
  "context_cols": [
    "ctx_cat_splicing_connectors",
    "ctx_cat_screw_bag",
    "ctx_cat_pushpins",
    "ctx_cat_breakfast_box",
    "ctx_cat_juice_bottle",
    "ctx_brightness",
    "ctx_contrast",
    "ctx_blur_risk",
    "ctx_saturation"
  ],
  "state_dict": {
    "b": -0.7214974761009216,
    "w_u_raw": -0.19045919179916382,
    "w_ctx": [
      -0.44010600447654724,
      -0.5622869729995728,
      -2.309816598892212,
      1.0422579050064087,
      0.12319381535053253,
      -0.7917940020561218,
      -0.8881041407585144,
      -0.7404317259788513,
      -0.2692997455596924
    ],
    "best_loss": 1.9794243574142456
  },
  "use_inputs": [
    "ctx",
    "score",
    "uncertainty"
  ],
  "test_margin_offset": -0.010475186610817193,
  "recalibrated_on_test": true
}