policy,wilds_split,coverage,risk,wrong_auto_rate,auto_error_rate,defer_rate,n
uaat_monotone,test,0.4027949802528569,0.8186300857656983,0.04428501320371106,0.1099443026224182,0.597205019747143,42791
