policy,wilds_split,coverage,risk,wrong_auto_rate,auto_error_rate,defer_rate,n
uncertainty_grid,test,0.3711294431071954,0.785094996611437,0.031244887943726485,0.08418865310748694,0.6288705568928046,42791
