{
  "name": "uncertainty_grid",
  "alpha": 0.0,
  "theta": 0.97974755525589,
  "calib_risk": 0.6426032266885425,
  "calib_coverage": 0.49001914137270985
}