policy,wilds_split,coverage,risk,wrong_auto_rate,auto_error_rate,defer_rate,n
fixed,test,0.4545815708910752,0.8917529387020635,0.06926690191862775,0.15237507711289328,0.5454184291089248,42791
