policy,coverage,risk,wrong_auto_rate,auto_error_rate,defer_rate,n
uaat_monotone,0.4554462386950527,0.8906545768970111,0.06922016311841275,0.15198316999332956,0.5445537613049474,42791
fixed,0.4545815708910752,0.8917529387020635,0.06926690191862775,0.15237507711289328,0.5454184291089248,42791
uncertainty_grid,0.4545815708910752,0.8917529387020635,0.06926690191862775,0.15237507711289328,0.5454184291089248,42791
