{
  "name": "uncertainty_grid",
  "alpha": 0.0,
  "theta": 0.9037488377094268,
  "calib_risk": 0.595980311730927,
  "calib_coverage": 0.6200437517090511
}