policy,coverage,risk,wrong_auto_rate,auto_error_rate,defer_rate,n
uaat_monotone,0.8573407894736842,1.0051986842105265,0.1725078947368421,0.2012127462671449,0.1426592105263158,760000
uncertainty_grid,0.908478947368421,1.155863157894737,0.21286842105263157,0.2343129927988367,0.09152105263157895,760000
fixed,0.9088986842105263,1.156075,0.21299473684210526,0.23434376189807501,0.09110131578947367,760000
