{
  "name": "uncertainty_grid",
  "alpha": 0.15000000000000002,
  "theta": 0.47391020825505253,
  "calib_risk": 1.1542894736842104,
  "calib_coverage": 0.91
}