{
  "name": "monotone_policy_net",
  "context_cols": [
    "ctx_severity",
    "ctx_corr_fog",
    "ctx_corr_impulse_noise",
    "ctx_corr_snow",
    "ctx_corr_elastic_transform",
    "ctx_corr_zoom_blur",
    "ctx_corr_frost",
    "ctx_corr_contrast",
    "ctx_corr_pixelate",
    "ctx_corr_defocus_blur",
    "ctx_corr_saturate",
    "ctx_corr_motion_blur",
    "ctx_corr_gaussian_blur",
    "ctx_corr_speckle_noise",
    "ctx_corr_gaussian_noise",
    "ctx_corr_jpeg_compression",
    "ctx_corr_spatter",
    "ctx_corr_brightness",
    "ctx_corr_glass_blur",
    "ctx_corr_shot_noise",
    "ctx_brightness",
    "ctx_contrast",
    "ctx_blur_risk",
    "ctx_saturation"
  ],
  "state_dict": {
    "b": -0.6309875845909119,
    "w_u_raw": 0.36173349618911743,
    "w_ctx": [
      3.5904340744018555,
      -1.6313295364379883,
      1.2291561365127563,
      -2.579834222793579,
      -1.8991628885269165,
      -0.5220555067062378,
      -0.7004536986351013,
      0.06979084759950638,
      0.5299316048622131,
      -1.2247778177261353,
      -1.3759441375732422,
      -0.5229091048240662,
      0.8545305132865906,
      0.8064501881599426,
      2.354886531829834,
      -2.3014752864837646,
      -2.375366449356079,
      -1.5663928985595703,
      0.969735860824585,
      1.3261752128601074,
      -0.07229375839233398,
      -0.9153738617897034,
      -1.9039355516433716,
      -2.718221664428711
    ],
    "best_loss": 1.0582484006881714
  }
}