policy,category,coverage,risk,wrong_auto_rate,auto_error_rate,defer_rate,n
uaat_monotone,breakfast_box,0.43636363636363634,0.9818181818181819,0.20909090909090908,0.4791666666666667,0.5636363636363637,220
uaat_monotone,juice_bottle,0.36363636363636365,0.9166666666666666,0.14015151515151514,0.3854166666666667,0.6363636363636364,264
uaat_monotone,pushpins,0.8548387096774194,1.032258064516129,0.4435483870967742,0.5188679245283019,0.14516129032258063,248
uaat_monotone,screw_bag,0.8754578754578755,1.2014652014652014,0.5384615384615384,0.6150627615062761,0.12454212454212454,273
uaat_monotone,splicing_connectors,0.6506024096385542,0.9919678714859438,0.321285140562249,0.49382716049382713,0.3493975903614458,249
