{
  "name": "monotone_policy_net",
  "context_cols": [
    "ctx_severity",
    "ctx_corr_fog",
    "ctx_corr_impulse_noise",
    "ctx_corr_snow",
    "ctx_corr_elastic_transform",
    "ctx_corr_zoom_blur",
    "ctx_corr_frost",
    "ctx_corr_contrast",
    "ctx_corr_pixelate",
    "ctx_corr_defocus_blur",
    "ctx_corr_saturate",
    "ctx_corr_motion_blur",
    "ctx_corr_gaussian_blur",
    "ctx_corr_speckle_noise",
    "ctx_corr_gaussian_noise",
    "ctx_corr_jpeg_compression",
    "ctx_corr_spatter",
    "ctx_corr_brightness",
    "ctx_corr_glass_blur",
    "ctx_corr_shot_noise",
    "ctx_brightness",
    "ctx_contrast",
    "ctx_blur_risk",
    "ctx_saturation"
  ],
  "state_dict": {
    "b": -0.25299501419067383,
    "w_u_raw": 1.3187589645385742,
    "w_ctx": [
      3.1655163764953613,
      -1.4994570016860962,
      0.8682504892349243,
      -2.040466547012329,
      -2.090052604675293,
      -0.9223697185516357,
      -0.724281907081604,
      -0.10829178988933563,
      0.16005446016788483,
      -1.014710783958435,
      -2.5150146484375,
      -0.39693310856819153,
      0.13057738542556763,
      0.6908323168754578,
      2.3372411727905273,
      -1.5674430131912231,
      -2.821139335632324,
      -2.4963552951812744,
      0.8892260193824768,
      0.9839180707931519,
      -0.28823286294937134,
      -0.48924461007118225,
      -0.6137877106666565,
      -1.958793044090271
    ],
    "best_loss": 1.772216558456421
  }
}