policy,wilds_split,coverage,risk,wrong_auto_rate,auto_error_rate,defer_rate,n
uaat_monotone,test,0.3996868500385595,0.814493701946671,0.04283611039704611,0.1071741799684266,0.6003131499614405,42791
