policy,wilds_split,coverage,risk,wrong_auto_rate,auto_error_rate,defer_rate,n
fixed,test,0.36400177607440815,0.7774999415764998,0.02830034353018158,0.07774781715459682,0.6359982239255919,42791
