{
  "name": "uncertainty_grid",
  "alpha": 1.3,
  "theta": 0.9499085923433304,
  "calib_risk": 0.640962537599125,
  "calib_coverage": 0.48003828274541976
}