policy,wilds_split,coverage,risk,wrong_auto_rate,auto_error_rate,defer_rate,n
fixed,test,0.4340632375966909,1.6998200556191723,0.056694164660793155,0.13061268439754495,0.5659367624033091,42791
