policy,wilds_split,coverage,risk,wrong_auto_rate,auto_error_rate,defer_rate,n
uaat_monotone,test,0.41445631090649904,1.5105045453483208,0.046248042812740996,0.11158725683676346,0.585543689093501,42791
