{
  "name": "uncertainty_grid",
  "alpha": 0.0,
  "theta": 0.9215409398078919,
  "calib_risk": 1.1465682253213016,
  "calib_coverage": 0.599945310363686
}