policy,wilds_split,coverage,risk,wrong_auto_rate,auto_error_rate,defer_rate,n
fixed,test,0.6430090439578416,1.3607066906592507,0.20074314692341846,0.3121933490823187,0.35699095604215836,42791
