policy,coverage,risk,wrong_auto_rate,auto_error_rate,defer_rate,n
uaat_monotone,0.5964104601434881,1.2597275127947465,0.17122759458764694,0.2870969005916696,0.4035895398565119,42791
uncertainty_grid,0.6189853006473324,1.2904349045360006,0.18188404103666658,0.2938422622418545,0.38101469935266763,42791
fixed,0.6430090439578416,1.3607066906592507,0.20074314692341846,0.3121933490823187,0.35699095604215836,42791
