{
  "name": "uncertainty_grid",
  "alpha": 2.1750000000000003,
  "theta": 0.12410541710630046,
  "calib_risk": 0.7659283565764288,
  "calib_coverage": 0.7700300792999727
}