{
  "name": "monotone_policy_net",
  "context_cols": [
    "ctx_severity",
    "ctx_corr_motion_blur",
    "ctx_corr_shot_noise",
    "ctx_corr_elastic_transform",
    "ctx_corr_contrast",
    "ctx_corr_zoom_blur",
    "ctx_corr_saturate",
    "ctx_corr_glass_blur",
    "ctx_corr_impulse_noise",
    "ctx_corr_brightness",
    "ctx_corr_frost",
    "ctx_corr_gaussian_blur",
    "ctx_corr_speckle_noise",
    "ctx_corr_snow",
    "ctx_corr_fog",
    "ctx_corr_pixelate",
    "ctx_corr_spatter",
    "ctx_corr_jpeg_compression",
    "ctx_corr_gaussian_noise",
    "ctx_corr_defocus_blur",
    "ctx_brightness",
    "ctx_contrast",
    "ctx_blur_risk",
    "ctx_saturation"
  ],
  "state_dict": {
    "b": 1.0795210599899292,
    "w_u_raw": 1.5132538080215454,
    "w_ctx": [
      1.6834092140197754,
      1.0000478029251099,
      2.023256540298462,
      -0.1812838464975357,
      0.43717271089553833,
      0.7703734636306763,
      -0.7116842865943909,
      2.3878090381622314,
      1.927858591079712,
      -1.1276230812072754,
      1.0146918296813965,
      0.8204457759857178,
      1.6572736501693726,
      0.6258262991905212,
      -0.04619312286376953,
      1.1057279109954834,
      -0.0013941193465143442,
      0.5273987054824829,
      2.6967945098876953,
      0.05471833050251007,
      0.989160418510437,
      0.9951682090759277,
      1.0183440446853638,
      0.95411616563797
    ],
    "best_loss": 0.7133812308311462
  }
}