{
  "name": "uncertainty_grid",
  "alpha": 0.025,
  "theta": 0.9962446894240565,
  "calib_risk": 0.6527894736842106,
  "calib_coverage": 0.42
}