policy,coverage,risk,wrong_auto_rate,auto_error_rate,defer_rate,n
uaat_monotone,0.3695652173913043,2.347826086956522,0.17173913043478262,0.4647058823529412,0.6304347826086957,1380
fixed,0.518840579710145,3.292753623188406,0.2811594202898551,0.5418994413407822,0.48115942028985503,1380
uncertainty_grid,0.518840579710145,3.292753623188406,0.2811594202898551,0.5418994413407822,0.48115942028985503,1380
