{
  "name": "uncertainty_grid",
  "alpha": 0.0,
  "theta": 0.12815717117297085,
  "calib_risk": 3.234782608695652,
  "calib_coverage": 0.518840579710145
}