policy,wilds_split,coverage,risk,wrong_auto_rate,auto_error_rate,defer_rate,n
fixed,test,0.5153420111705732,0.9367390339089996,0.09041620901591456,0.17544893887175766,0.4846579888294268,42791
