policy,wilds_split,coverage,risk,wrong_auto_rate,auto_error_rate,defer_rate,n
uaat_monotone,test,0.508027388936926,0.9265266060620224,0.08691079899978968,0.1710750264501587,0.491972611063074,42791
