{
  "name": "uncertainty_grid",
  "alpha": 0.0,
  "theta": 0.8105849885940553,
  "calib_risk": 0.6755537325676784,
  "calib_coverage": 0.7100082034454471
}