{
  "name": "monotone_policy_net",
  "context_cols": [
    "ctx_severity",
    "ctx_corr_gaussian_noise",
    "ctx_corr_pixelate",
    "ctx_corr_frost",
    "ctx_corr_fog",
    "ctx_corr_brightness",
    "ctx_corr_glass_blur",
    "ctx_corr_gaussian_blur",
    "ctx_corr_snow",
    "ctx_corr_contrast",
    "ctx_corr_impulse_noise",
    "ctx_corr_zoom_blur",
    "ctx_corr_elastic_transform",
    "ctx_corr_saturate",
    "ctx_corr_defocus_blur",
    "ctx_corr_jpeg_compression",
    "ctx_corr_motion_blur",
    "ctx_corr_shot_noise",
    "ctx_corr_spatter",
    "ctx_corr_speckle_noise",
    "ctx_brightness",
    "ctx_contrast",
    "ctx_blur_risk",
    "ctx_saturation"
  ],
  "state_dict": {
    "b": 0.5673012137413025,
    "w_u_raw": 3.917905330657959,
    "w_ctx": [
      2.4168598651885986,
      2.308854341506958,
      0.26222309470176697,
      -0.013246262446045876,
      -0.7055003046989441,
      -1.274954915046692,
      2.2749648094177246,
      0.4891597032546997,
      -0.5036361813545227,
      0.13675422966480255,
      1.1265188455581665,
      -0.11236631870269775,
      -1.0186245441436768,
      -1.063462734222412,
      -0.5105128288269043,
      -0.8013492822647095,
      -0.1954236477613449,
      1.3557358980178833,
      -0.8811405301094055,
      1.0800349712371826,
      0.23831753432750702,
      0.0553656704723835,
      0.425908625125885,
      -0.4951913356781006
    ],
    "best_loss": 1.63534677028656
  }
}