policy,category,coverage,risk,wrong_auto_rate,auto_error_rate,defer_rate,n
uaat_monotone,breakfast_box,0.4681818181818182,2.7136363636363634,0.21818181818181817,0.46601941747572817,0.5318181818181817,220
uaat_monotone,juice_bottle,0.375,2.1022727272727275,0.14772727272727273,0.3939393939393939,0.625,264
uaat_monotone,pushpins,0.9435483870967742,5.096774193548387,0.5040322580645161,0.5341880341880342,0.056451612903225756,248
uaat_monotone,screw_bag,0.945054945054945,5.9523809523809526,0.5897435897435898,0.624031007751938,0.05494505494505497,273
uaat_monotone,splicing_connectors,0.7028112449799196,3.8714859437751006,0.357429718875502,0.5085714285714286,0.29718875502008035,249
