{
  "name": "uncertainty_grid",
  "alpha": 0.0,
  "theta": 0.044979605244363195,
  "calib_risk": 4.509554140127389,
  "calib_coverage": 0.7898089171974523
}