policy,coverage,risk,wrong_auto_rate,auto_error_rate,defer_rate,n
uaat_monotone,0.38913043478260867,2.4079710144927535,0.17971014492753623,0.4618249534450652,0.6108695652173913,1380
fixed,0.5442028985507247,3.4702898550724637,0.30144927536231886,0.5539280958721704,0.4557971014492753,1380
uncertainty_grid,0.5442028985507247,3.4702898550724637,0.30144927536231886,0.5539280958721704,0.4557971014492753,1380
