{
  "name": "monotone_policy_net",
  "context_cols": [
    "ctx_cat_leather",
    "ctx_cat_hazelnut",
    "ctx_cat_bottle",
    "ctx_cat_carpet",
    "ctx_cat_metal_nut",
    "ctx_cat_grid",
    "ctx_cat_transistor",
    "ctx_cat_capsule",
    "ctx_cat_cable",
    "ctx_cat_toothbrush",
    "ctx_cat_screw",
    "ctx_cat_wood",
    "ctx_cat_zipper",
    "ctx_cat_tile",
    "ctx_cat_pill",
    "ctx_brightness",
    "ctx_contrast",
    "ctx_blur_risk",
    "ctx_saturation"
  ],
  "state_dict": {
    "b": -0.9067378044128418,
    "w_u_raw": 2.4036850929260254,
    "w_ctx": [
      -1.6415963172912598,
      -0.8536506295204163,
      -1.9207191467285156,
      -0.18512658774852753,
      -1.182381510734558,
      -0.3216380774974823,
      -0.5777514576911926,
      0.39296990633010864,
      -0.44600528478622437,
      0.8953079581260681,
      -1.5146303176879883,
      -1.6892390251159668,
      -1.0934706926345825,
      -1.9276171922683716,
      0.6700655221939087,
      -0.2009943425655365,
      -1.088111162185669,
      -0.918171763420105,
      -3.1787405014038086
    ],
    "best_loss": 2.7313482761383057
  }
}