{
  "name": "uncertainty_grid",
  "alpha": 0.0,
  "theta": 0.10987570268401693,
  "calib_risk": 3.455072463768116,
  "calib_coverage": 0.5304347826086957
}