{
  "name": "uncertainty_grid",
  "alpha": 0.0,
  "theta": 0.2624036287572183,
  "calib_risk": 3.4904458598726116,
  "calib_coverage": 0.5987261146496815
}