{
  "name": "uncertainty_grid",
  "alpha": 0.0,
  "theta": 0.7022916245460511,
  "calib_risk": 0.971421052631579,
  "calib_coverage": 0.82
}