{
  "name": "monotone_policy_net",
  "context_cols": [
    "ctx_severity",
    "ctx_corr_gaussian_noise",
    "ctx_corr_pixelate",
    "ctx_corr_frost",
    "ctx_corr_fog",
    "ctx_corr_brightness",
    "ctx_corr_glass_blur",
    "ctx_corr_gaussian_blur",
    "ctx_corr_snow",
    "ctx_corr_contrast",
    "ctx_corr_impulse_noise",
    "ctx_corr_zoom_blur",
    "ctx_corr_elastic_transform",
    "ctx_corr_saturate",
    "ctx_corr_defocus_blur",
    "ctx_corr_jpeg_compression",
    "ctx_corr_motion_blur",
    "ctx_corr_shot_noise",
    "ctx_corr_spatter",
    "ctx_corr_speckle_noise",
    "ctx_brightness",
    "ctx_contrast",
    "ctx_blur_risk",
    "ctx_saturation"
  ],
  "state_dict": {
    "b": -0.1431020349264145,
    "w_u_raw": 0.7043460607528687,
    "w_ctx": [
      2.6270699501037598,
      2.180615186691284,
      -0.17063429951667786,
      -0.30885952711105347,
      -1.9007823467254639,
      -2.3137969970703125,
      0.715553879737854,
      0.1061251163482666,
      -1.942715048789978,
      0.17794813215732574,
      1.006258249282837,
      -0.6890615224838257,
      -1.6452802419662476,
      -1.2223172187805176,
      -1.2433897256851196,
      -1.3092188835144043,
      -0.5766595602035522,
      1.038415789604187,
      -1.9406826496124268,
      0.5546391010284424,
      0.17457857728004456,
      -0.024379722774028778,
      -0.5206292867660522,
      -1.3782882690429688
    ],
    "best_loss": 0.8877942562103271
  }
}