{
  "name": "monotone_policy_net",
  "context_cols": [
    "ctx_severity",
    "ctx_corr_fog",
    "ctx_corr_impulse_noise",
    "ctx_corr_snow",
    "ctx_corr_elastic_transform",
    "ctx_corr_zoom_blur",
    "ctx_corr_frost",
    "ctx_corr_contrast",
    "ctx_corr_pixelate",
    "ctx_corr_defocus_blur",
    "ctx_corr_saturate",
    "ctx_corr_motion_blur",
    "ctx_corr_gaussian_blur",
    "ctx_corr_speckle_noise",
    "ctx_corr_gaussian_noise",
    "ctx_corr_jpeg_compression",
    "ctx_corr_spatter",
    "ctx_corr_brightness",
    "ctx_corr_glass_blur",
    "ctx_corr_shot_noise",
    "ctx_brightness",
    "ctx_contrast",
    "ctx_blur_risk",
    "ctx_saturation"
  ],
  "state_dict": {
    "b": -0.22734291851520538,
    "w_u_raw": 0.5225602984428406,
    "w_ctx": [
      2.9325952529907227,
      -1.5265222787857056,
      0.8759256601333618,
      -1.7825579643249512,
      -1.7748942375183105,
      -0.7187528610229492,
      -0.6281195878982544,
      -0.11531658470630646,
      -0.10883794724941254,
      -1.0366554260253906,
      -2.064941644668579,
      -0.4968174397945404,
      0.2695947289466858,
      0.6895568370819092,
      2.174271821975708,
      -1.3494815826416016,
      -2.627932548522949,
      -2.1166796684265137,
      0.9320226311683655,
      1.0130884647369385,
      -0.1792515218257904,
      -0.24024522304534912,
      -0.6971174478530884,
      -1.8089617490768433
    ],
    "best_loss": 0.938551664352417
  }
}