{
  "name": "uncertainty_grid",
  "alpha": 0.17500000000000002,
  "theta": 0.5702590032666922,
  "calib_risk": 1.0261842105263157,
  "calib_coverage": 0.85
}