policy,category,coverage,risk,wrong_auto_rate,auto_error_rate,defer_rate,n
uncertainty_grid,breakfast_box,0.8590909090909091,5.004545454545455,0.4863636363636364,0.5661375661375662,0.14090909090909087,220
uncertainty_grid,juice_bottle,0.6022727272727273,3.579545454545454,0.3181818181818182,0.5283018867924528,0.3977272727272727,264
uncertainty_grid,pushpins,0.9435483870967742,5.096774193548387,0.5040322580645161,0.5341880341880342,0.056451612903225756,248
uncertainty_grid,screw_bag,1.0,6.410256410256411,0.6410256410256411,0.6410256410256411,0.0,273
uncertainty_grid,splicing_connectors,0.8594377510040161,4.919678714859438,0.4779116465863454,0.5560747663551402,0.1405622489959839,249
