{
  "name": "uncertainty_grid",
  "alpha": 0.0,
  "theta": 0.023384742428732046,
  "calib_risk": 4.875796178343949,
  "calib_coverage": 0.8375796178343949
}