policy,coverage,risk,wrong_auto_rate,auto_error_rate,defer_rate,n
uaat_monotone,0.4652173913043478,2.9043478260869566,0.23695652173913043,0.5093457943925234,0.5347826086956522,1380
fixed,0.6623188405797101,4.424637681159421,0.40869565217391307,0.6170678336980306,0.33768115942028987,1380
uncertainty_grid,0.6623188405797101,4.424637681159421,0.40869565217391307,0.6170678336980306,0.33768115942028987,1380
