{
  "name": "monotone_policy_net",
  "context_cols": [
    "ctx_cat_grid",
    "ctx_cat_metal_nut",
    "ctx_cat_hazelnut",
    "ctx_cat_pill",
    "ctx_cat_screw",
    "ctx_cat_toothbrush",
    "ctx_cat_capsule",
    "ctx_cat_wood",
    "ctx_cat_transistor",
    "ctx_cat_cable",
    "ctx_cat_tile",
    "ctx_cat_bottle",
    "ctx_cat_zipper",
    "ctx_cat_leather",
    "ctx_cat_carpet",
    "ctx_brightness",
    "ctx_contrast",
    "ctx_blur_risk",
    "ctx_saturation"
  ],
  "state_dict": {
    "b": -0.7666336297988892,
    "w_u_raw": 0.7436231970787048,
    "w_ctx": [
      -1.4259241819381714,
      0.09706491976976395,
      -0.24853281676769257,
      -0.4029587209224701,
      -0.833166778087616,
      1.174425482749939,
      0.14351406693458557,
      -0.6743670701980591,
      -0.614368736743927,
      -1.4083068370819092,
      -1.2315150499343872,
      -1.21738862991333,
      -0.608980119228363,
      -2.004152536392212,
      -0.8091740608215332,
      -0.4377376139163971,
      -0.38508060574531555,
      -0.7294369339942932,
      -1.7405030727386475
    ],
    "best_loss": 3.380500555038452
  }
}