policy,wilds_split,coverage,risk,wrong_auto_rate,auto_error_rate,defer_rate,n
fixed,test,0.6588768666308336,1.4039634502582319,0.2125680633778131,0.3226218344328581,0.34112313336916644,42791
