policy,coverage,risk,wrong_auto_rate,auto_error_rate,defer_rate,n
uaat_monotone,0.6093103690028276,1.3011614591853429,0.1820943656376341,0.2988532198059295,0.39068963099717235,42791
uncertainty_grid,0.6444579467645065,1.3598420228552732,0.20085999392395598,0.31167277078725025,0.3555420532354935,42791
fixed,0.6588768666308336,1.4039634502582319,0.2125680633778131,0.3226218344328581,0.34112313336916644,42791
