{
  "name": "uncertainty_grid",
  "alpha": 0.7250000000000001,
  "theta": 0.46883446174859994,
  "calib_risk": 0.7819250751982498,
  "calib_coverage": 0.7800109379272628
}