policy,category,coverage,risk,wrong_auto_rate,auto_error_rate,defer_rate,n
fixed,breakfast_box,0.5045454545454545,2.95,0.24545454545454545,0.4864864864864865,0.4954545454545455,220
fixed,juice_bottle,0.3484848484848485,1.977272727272727,0.13257575757575757,0.3804347826086957,0.6515151515151515,264
fixed,pushpins,0.5846774193548387,3.278225806451613,0.2862903225806452,0.4896551724137931,0.41532258064516125,248
fixed,screw_bag,0.7838827838827839,4.904761904761905,0.46886446886446886,0.5981308411214953,0.21611721611721613,273
fixed,splicing_connectors,0.5341365461847389,2.7951807228915664,0.23293172690763053,0.43609022556390975,0.46586345381526106,249
