{
  "name": "uncertainty_grid",
  "alpha": 0.0,
  "theta": 0.27326315567973497,
  "calib_risk": 3.0700636942675157,
  "calib_coverage": 0.5414012738853503
}