{
  "name": "monotone_policy_net",
  "context_cols": [
    "ctx_cat_toothbrush",
    "ctx_cat_grid",
    "ctx_cat_capsule",
    "ctx_cat_hazelnut",
    "ctx_cat_carpet",
    "ctx_cat_cable",
    "ctx_cat_leather",
    "ctx_cat_pill",
    "ctx_cat_screw",
    "ctx_cat_transistor",
    "ctx_cat_metal_nut",
    "ctx_cat_wood",
    "ctx_cat_tile",
    "ctx_cat_zipper",
    "ctx_cat_bottle",
    "ctx_brightness",
    "ctx_contrast",
    "ctx_blur_risk",
    "ctx_saturation"
  ],
  "state_dict": {
    "b": -0.7561033368110657,
    "w_u_raw": -0.3095361292362213,
    "w_ctx": [
      0.581666111946106,
      -0.8691635727882385,
      -0.0545479953289032,
      -0.9250898957252502,
      -3.5312235355377197,
      -0.7083197832107544,
      -3.8426673412323,
      -0.15451958775520325,
      -0.05698077380657196,
      -0.3649783730506897,
      -0.5233548879623413,
      -2.5518364906311035,
      -0.8105695843696594,
      -0.1395731419324875,
      -0.17451991140842438,
      -0.6268773078918457,
      -0.49802863597869873,
      -0.7234594821929932,
      -1.2235761880874634
    ],
    "best_loss": 1.0607267618179321
  }
}