{
  "name": "uncertainty_grid",
  "alpha": 2.9000000000000004,
  "theta": 0.5848880973309282,
  "calib_risk": 0.6994210526315789,
  "calib_coverage": 0.63
}