{
  "name": "monotone_policy_net",
  "context_cols": [
    "ctx_severity",
    "ctx_corr_fog",
    "ctx_corr_impulse_noise",
    "ctx_corr_snow",
    "ctx_corr_elastic_transform",
    "ctx_corr_zoom_blur",
    "ctx_corr_frost",
    "ctx_corr_contrast",
    "ctx_corr_pixelate",
    "ctx_corr_defocus_blur",
    "ctx_corr_saturate",
    "ctx_corr_motion_blur",
    "ctx_corr_gaussian_blur",
    "ctx_corr_speckle_noise",
    "ctx_corr_gaussian_noise",
    "ctx_corr_jpeg_compression",
    "ctx_corr_spatter",
    "ctx_corr_brightness",
    "ctx_corr_glass_blur",
    "ctx_corr_shot_noise",
    "ctx_brightness",
    "ctx_contrast",
    "ctx_blur_risk",
    "ctx_saturation"
  ],
  "state_dict": {
    "b": 0.5365301370620728,
    "w_u_raw": 2.150264263153076,
    "w_ctx": [
      1.929843544960022,
      -0.5186602473258972,
      1.204349160194397,
      -0.2436327189207077,
      -0.7778379917144775,
      -0.03693670034408569,
      0.1086990162730217,
      0.22456437349319458,
      0.4305681884288788,
      -0.14701120555400848,
      -0.7494968175888062,
      -0.042405083775520325,
      0.5565811395645142,
      0.916839599609375,
      2.225851058959961,
      -0.5811164975166321,
      -0.7103272080421448,
      -1.0644804239273071,
      1.7890604734420776,
      1.2329155206680298,
      0.3221118152141571,
      0.35192441940307617,
      0.38790953159332275,
      -0.0390176996588707
    ],
    "best_loss": 0.6707429885864258
  }
}