{
  "name": "monotone_policy_net",
  "context_cols": [
    "ctx_severity",
    "ctx_corr_fog",
    "ctx_corr_impulse_noise",
    "ctx_corr_snow",
    "ctx_corr_elastic_transform",
    "ctx_corr_zoom_blur",
    "ctx_corr_frost",
    "ctx_corr_contrast",
    "ctx_corr_pixelate",
    "ctx_corr_defocus_blur",
    "ctx_corr_saturate",
    "ctx_corr_motion_blur",
    "ctx_corr_gaussian_blur",
    "ctx_corr_speckle_noise",
    "ctx_corr_gaussian_noise",
    "ctx_corr_jpeg_compression",
    "ctx_corr_spatter",
    "ctx_corr_brightness",
    "ctx_corr_glass_blur",
    "ctx_corr_shot_noise",
    "ctx_brightness",
    "ctx_contrast",
    "ctx_blur_risk",
    "ctx_saturation"
  ],
  "state_dict": {
    "b": 0.33774229884147644,
    "w_u_raw": 1.7288402318954468,
    "w_ctx": [
      2.160183906555176,
      -1.117768406867981,
      1.1509650945663452,
      -0.6220017671585083,
      -1.143926978111267,
      -0.14686402678489685,
      -0.016940230503678322,
      0.2159329503774643,
      0.26251792907714844,
      -0.21913783252239227,
      -0.8604905605316162,
      -0.24982620775699615,
      0.4988427758216858,
      0.7965246438980103,
      2.0673539638519287,
      -0.8088050484657288,
      -1.1913890838623047,
      -1.2963615655899048,
      1.2127711772918701,
      1.145880937576294,
      0.15984869003295898,
      0.1536368578672409,
      0.15985150635242462,
      -0.3749808967113495
    ],
    "best_loss": 0.7114664316177368
  }
}