{
  "name": "monotone_policy_net",
  "context_cols": [
    "ctx_severity",
    "ctx_corr_gaussian_noise",
    "ctx_corr_pixelate",
    "ctx_corr_frost",
    "ctx_corr_fog",
    "ctx_corr_brightness",
    "ctx_corr_glass_blur",
    "ctx_corr_gaussian_blur",
    "ctx_corr_snow",
    "ctx_corr_contrast",
    "ctx_corr_impulse_noise",
    "ctx_corr_zoom_blur",
    "ctx_corr_elastic_transform",
    "ctx_corr_saturate",
    "ctx_corr_defocus_blur",
    "ctx_corr_jpeg_compression",
    "ctx_corr_motion_blur",
    "ctx_corr_shot_noise",
    "ctx_corr_spatter",
    "ctx_corr_speckle_noise",
    "ctx_brightness",
    "ctx_contrast",
    "ctx_blur_risk",
    "ctx_saturation"
  ],
  "state_dict": {
    "b": 0.4975546598434448,
    "w_u_raw": 2.0807135105133057,
    "w_ctx": [
      1.9408085346221924,
      2.1658337116241455,
      0.34453630447387695,
      0.042606648057699203,
      -0.4802173376083374,
      -0.915915310382843,
      1.676775336265564,
      0.5779389142990112,
      -0.3224784731864929,
      0.34703800082206726,
      1.1267871856689453,
      -0.0546504370868206,
      -0.6840318441390991,
      -0.889952540397644,
      -0.2904011607170105,
      -0.7352294921875,
      -0.0050158328376710415,
      1.2745157480239868,
      -0.8743100762367249,
      1.0141582489013672,
      0.3236416280269623,
      0.33136412501335144,
      0.29739055037498474,
      -0.06536650657653809
    ],
    "best_loss": 0.677950918674469
  }
}