{
  "name": "uncertainty_grid",
  "alpha": 2.95,
  "theta": 0.5269876745045188,
  "calib_risk": 0.7103157894736842,
  "calib_coverage": 0.64
}