{
  "name": "monotone_policy_net",
  "context_cols": [
    "ctx_severity",
    "ctx_corr_gaussian_noise",
    "ctx_corr_pixelate",
    "ctx_corr_frost",
    "ctx_corr_fog",
    "ctx_corr_brightness",
    "ctx_corr_glass_blur",
    "ctx_corr_gaussian_blur",
    "ctx_corr_snow",
    "ctx_corr_contrast",
    "ctx_corr_impulse_noise",
    "ctx_corr_zoom_blur",
    "ctx_corr_elastic_transform",
    "ctx_corr_saturate",
    "ctx_corr_defocus_blur",
    "ctx_corr_jpeg_compression",
    "ctx_corr_motion_blur",
    "ctx_corr_shot_noise",
    "ctx_corr_spatter",
    "ctx_corr_speckle_noise",
    "ctx_brightness",
    "ctx_contrast",
    "ctx_blur_risk",
    "ctx_saturation"
  ],
  "state_dict": {
    "b": 0.5973734855651855,
    "w_u_raw": 1.494593620300293,
    "w_ctx": [
      1.4827147722244263,
      2.278938055038452,
      0.4667125940322876,
      0.2257317304611206,
      -0.28726470470428467,
      -0.7968307137489319,
      1.760284185409546,
      0.6158808469772339,
      -0.1412225216627121,
      0.4240165054798126,
      1.176843523979187,
      0.1354893147945404,
      -0.5574180483818054,
      -0.651939868927002,
      -0.12975604832172394,
      -0.3744557499885559,
      0.10539844632148743,
      1.2828294038772583,
      -0.43315595388412476,
      1.0411815643310547,
      0.4745423197746277,
      0.5238115787506104,
      0.45987704396247864,
      0.3655645549297333
    ],
    "best_loss": 0.5040105581283569
  }
}