policy,coverage,risk,wrong_auto_rate,auto_error_rate,defer_rate,n
uaat_monotone,0.6644927536231884,4.342753623188406,0.4007246376811594,0.6030534351145038,0.3355072463768116,1380
fixed,0.9347826086956522,6.702898550724638,0.663768115942029,0.710077519379845,0.06521739130434778,1380
uncertainty_grid,0.9347826086956522,6.702898550724638,0.663768115942029,0.710077519379845,0.06521739130434778,1380
