{
  "name": "uncertainty_grid",
  "alpha": 0.0,
  "theta": 1.3279896263537975e-06,
  "calib_risk": 6.57391304347826,
  "calib_coverage": 0.9188405797101449
}