{
  "name": "monotone_policy_net",
  "context_cols": [
    "ctx_cat_grid",
    "ctx_cat_metal_nut",
    "ctx_cat_hazelnut",
    "ctx_cat_pill",
    "ctx_cat_screw",
    "ctx_cat_toothbrush",
    "ctx_cat_capsule",
    "ctx_cat_wood",
    "ctx_cat_transistor",
    "ctx_cat_cable",
    "ctx_cat_tile",
    "ctx_cat_bottle",
    "ctx_cat_zipper",
    "ctx_cat_leather",
    "ctx_cat_carpet",
    "ctx_brightness",
    "ctx_contrast",
    "ctx_blur_risk",
    "ctx_saturation"
  ],
  "state_dict": {
    "b": -1.1579649448394775,
    "w_u_raw": -0.7204699516296387,
    "w_ctx": [
      -2.5461199283599854,
      0.31416812539100647,
      -0.39338719844818115,
      -0.2864311635494232,
      -0.6254836916923523,
      -0.16639114916324615,
      0.1443522721529007,
      -2.574374198913574,
      -0.010758515447378159,
      -1.6648902893066406,
      -2.395383596420288,
      0.3782009780406952,
      0.8715968132019043,
      -3.5269150733947754,
      -3.145535469055176,
      -1.1796684265136719,
      -0.7186518311500549,
      -1.112586498260498,
      -1.73240327835083
    ],
    "best_loss": 5.649495601654053
  }
}