policy,category,coverage,risk,wrong_auto_rate,auto_error_rate,defer_rate,n
fixed,breakfast_box,0.8909090909090909,5.290909090909091,0.5181818181818182,0.5816326530612245,0.10909090909090913,220
fixed,juice_bottle,0.6704545454545454,4.193181818181818,0.38636363636363635,0.576271186440678,0.3295454545454546,264
fixed,pushpins,0.9717741935483871,5.310483870967742,0.5282258064516129,0.5435684647302904,0.028225806451612878,248
fixed,screw_bag,1.0,6.410256410256411,0.6410256410256411,0.6410256410256411,0.0,273
fixed,splicing_connectors,0.8875502008032129,5.172690763052208,0.5060240963855421,0.5701357466063348,0.1124497991967871,249
