policy,wilds_split,coverage,risk,wrong_auto_rate,auto_error_rate,defer_rate,n
uncertainty_grid,test,0.33584164894487156,0.738239349395901,0.014816199668154518,0.04411662375617563,0.6641583510551284,42791
