policy,wilds_split,coverage,risk,wrong_auto_rate,auto_error_rate,defer_rate,n
fixed,test,0.33677642494917154,0.7371877263910636,0.014792830268047018,0.04392477968218722,0.6632235750508284,42791
