{
  "name": "uncertainty_grid",
  "alpha": 0.75,
  "theta": 0.9526208573952317,
  "calib_risk": 0.6257861635220126,
  "calib_coverage": 0.5
}