{
  "name": "uncertainty_grid",
  "alpha": 1.2000000000000002,
  "theta": 0.9676516776233911,
  "calib_risk": 0.6403947368421052,
  "calib_coverage": 0.47
}