{
  "name": "monotone_policy_net",
  "context_cols": [
    "ctx_severity",
    "ctx_corr_motion_blur",
    "ctx_corr_shot_noise",
    "ctx_corr_elastic_transform",
    "ctx_corr_contrast",
    "ctx_corr_zoom_blur",
    "ctx_corr_saturate",
    "ctx_corr_glass_blur",
    "ctx_corr_impulse_noise",
    "ctx_corr_brightness",
    "ctx_corr_frost",
    "ctx_corr_gaussian_blur",
    "ctx_corr_speckle_noise",
    "ctx_corr_snow",
    "ctx_corr_fog",
    "ctx_corr_pixelate",
    "ctx_corr_spatter",
    "ctx_corr_jpeg_compression",
    "ctx_corr_gaussian_noise",
    "ctx_corr_defocus_blur",
    "ctx_brightness",
    "ctx_contrast",
    "ctx_blur_risk",
    "ctx_saturation"
  ],
  "state_dict": {
    "b": 0.9706937074661255,
    "w_u_raw": 1.70851731300354,
    "w_ctx": [
      1.736234426498413,
      0.6290509104728699,
      1.9734638929367065,
      -0.29228827357292175,
      0.279327929019928,
      0.4237387180328369,
      -0.7593584060668945,
      2.5399391651153564,
      1.8457911014556885,
      -1.1706914901733398,
      0.6616635918617249,
      0.6338189840316772,
      1.4980053901672363,
      0.307233065366745,
      -0.1495715081691742,
      0.7950759530067444,
      -0.13078700006008148,
      0.22526761889457703,
      2.8751144409179688,
      -0.03785723075270653,
      0.828174889087677,
      0.8496490716934204,
      0.902242124080658,
      0.7241030931472778
    ],
    "best_loss": 0.6852170825004578
  }
}