{
  "name": "monotone_policy_net",
  "context_cols": [
    "ctx_cat_leather",
    "ctx_cat_hazelnut",
    "ctx_cat_bottle",
    "ctx_cat_carpet",
    "ctx_cat_metal_nut",
    "ctx_cat_grid",
    "ctx_cat_transistor",
    "ctx_cat_capsule",
    "ctx_cat_cable",
    "ctx_cat_toothbrush",
    "ctx_cat_screw",
    "ctx_cat_wood",
    "ctx_cat_zipper",
    "ctx_cat_tile",
    "ctx_cat_pill",
    "ctx_brightness",
    "ctx_contrast",
    "ctx_blur_risk",
    "ctx_saturation"
  ],
  "state_dict": {
    "b": -0.9399072527885437,
    "w_u_raw": -0.5272476077079773,
    "w_ctx": [
      -2.9433629512786865,
      -0.10379321128129959,
      -0.08840418606996536,
      -3.9242568016052246,
      -0.6905027031898499,
      -0.7263007760047913,
      -0.943418562412262,
      -1.1903455257415771,
      -1.170824646949768,
      -0.2876921594142914,
      -0.685649037361145,
      -2.0455474853515625,
      0.05234493687748909,
      -1.4526718854904175,
      -0.2754580080509186,
      -0.9943212270736694,
      -0.7322525978088379,
      -0.9210294485092163,
      -1.5492581129074097
    ],
    "best_loss": 1.178581953048706
  }
}