policy,coverage,risk,wrong_auto_rate,auto_error_rate,defer_rate,n
uaat_monotone,0.44855072463768114,2.7688405797101447,0.2217391304347826,0.49434571890145396,0.5514492753623188,1380
fixed,0.6,3.9144927536231884,0.35144927536231885,0.5857487922705314,0.4,1380
uncertainty_grid,0.6,3.9144927536231884,0.35144927536231885,0.5857487922705314,0.4,1380
