{
  "name": "uncertainty_grid",
  "alpha": 0.0,
  "theta": 0.07044913062110449,
  "calib_risk": 3.76231884057971,
  "calib_coverage": 0.5710144927536231
}