policy,wilds_split,coverage,risk,wrong_auto_rate,auto_error_rate,defer_rate,n
fixed,test,0.4435278446402281,0.8671683297889743,0.06213923488584048,0.14010221824121397,0.5564721553597719,42791
