policy,coverage,risk,wrong_auto_rate,auto_error_rate,defer_rate,n
uncertainty_grid,0.4433408894393681,0.8671215909887593,0.06209249608562548,0.14005587475620684,0.5566591105606319,42791
fixed,0.4435278446402281,0.8671683297889743,0.06213923488584048,0.14010221824121397,0.5564721553597719,42791
uaat_monotone,0.44946367226753287,0.8766563062326189,0.06522399570003037,0.14511516664066967,0.5505363277324671,42791
