{
  "name": "uncertainty_grid",
  "alpha": 0.07500000000000001,
  "theta": 0.905677273210138,
  "calib_risk": 0.5910582444626744,
  "calib_coverage": 0.6099261689909762
}