{
  "name": "monotone_policy_net",
  "context_cols": [
    "ctx_cat_toothbrush",
    "ctx_cat_grid",
    "ctx_cat_capsule",
    "ctx_cat_hazelnut",
    "ctx_cat_carpet",
    "ctx_cat_cable",
    "ctx_cat_leather",
    "ctx_cat_pill",
    "ctx_cat_screw",
    "ctx_cat_transistor",
    "ctx_cat_metal_nut",
    "ctx_cat_wood",
    "ctx_cat_tile",
    "ctx_cat_zipper",
    "ctx_cat_bottle",
    "ctx_brightness",
    "ctx_contrast",
    "ctx_blur_risk",
    "ctx_saturation"
  ],
  "state_dict": {
    "b": -0.9520768523216248,
    "w_u_raw": -0.6193059086799622,
    "w_ctx": [
      -0.3283035159111023,
      -0.5712351202964783,
      -0.6888583302497864,
      -0.6443297266960144,
      -3.627534866333008,
      -0.694943368434906,
      -3.718327522277832,
      -0.5249657034873962,
      -0.882241427898407,
      -0.34163153171539307,
      -0.7132490277290344,
      -2.2454636096954346,
      -0.4274580478668213,
      -0.614683210849762,
      -0.12812218070030212,
      -1.0357327461242676,
      -0.8278554081916809,
      -0.9959841370582581,
      -1.4495118856430054
    ],
    "best_loss": 2.6773736476898193
  },
  "use_inputs": [
    "ctx",
    "score",
    "uncertainty"
  ],
  "test_margin_offset": -0.036572243522041636,
  "recalibrated_on_test": true
}