policy,coverage,risk,wrong_auto_rate,auto_error_rate,defer_rate,n
uaat_monotone,0.6086907894736842,0.6428750000000001,0.050313157894736844,0.08265799115876396,0.39130921052631584,760000
uncertainty_grid,0.5914828947368421,0.6697802631578947,0.05225263157894737,0.08834174587955784,0.4085171052631579,760000
fixed,0.5915986842105263,0.6710855263157895,0.05253684210526316,0.08880486638568554,0.4084013157894737,760000
