{
  "name": "monotone_policy_net",
  "context_cols": [
    "ctx_severity",
    "ctx_corr_gaussian_noise",
    "ctx_corr_pixelate",
    "ctx_corr_frost",
    "ctx_corr_fog",
    "ctx_corr_brightness",
    "ctx_corr_glass_blur",
    "ctx_corr_gaussian_blur",
    "ctx_corr_snow",
    "ctx_corr_contrast",
    "ctx_corr_impulse_noise",
    "ctx_corr_zoom_blur",
    "ctx_corr_elastic_transform",
    "ctx_corr_saturate",
    "ctx_corr_defocus_blur",
    "ctx_corr_jpeg_compression",
    "ctx_corr_motion_blur",
    "ctx_corr_shot_noise",
    "ctx_corr_spatter",
    "ctx_corr_speckle_noise",
    "ctx_brightness",
    "ctx_contrast",
    "ctx_blur_risk",
    "ctx_saturation"
  ],
  "state_dict": {
    "b": 0.6535136699676514,
    "w_u_raw": 2.12713623046875,
    "w_ctx": [
      1.8625589609146118,
      2.5927629470825195,
      0.42366480827331543,
      0.23064865171909332,
      -0.3968754708766937,
      -0.9859374165534973,
      2.3336291313171387,
      0.5571770071983337,
      -0.2238655388355255,
      0.30678480863571167,
      1.168841004371643,
      0.10196395218372345,
      -0.6471747159957886,
      -0.8163859248161316,
      -0.2441079318523407,
      -0.3840855062007904,
      0.048658013343811035,
      1.3362927436828613,
      -0.5340088605880737,
      1.0874067544937134,
      0.43891066312789917,
      0.4500592052936554,
      0.5386227369308472,
      0.19312624633312225
    ],
    "best_loss": 0.6612128019332886
  }
}