{
  "name": "uncertainty_grid",
  "alpha": 2.725,
  "theta": 0.7323626070208848,
  "calib_risk": 0.6708684210526317,
  "calib_coverage": 0.59
}