policy,wilds_split,coverage,risk,wrong_auto_rate,auto_error_rate,defer_rate,n
uncertainty_grid,test,0.7944193872543291,1.7735505129583324,0.3135939800425323,0.39474613167029476,0.20558061274567085,42791
