policy,wilds_split,coverage,risk,wrong_auto_rate,auto_error_rate,defer_rate,n
fixed,test,0.8023883526909864,1.8018041176882988,0.3208384940758571,0.39985437600116497,0.1976116473090136,42791
