{
  "name": "uncertainty_grid",
  "alpha": 0.225,
  "theta": 0.3923430397212504,
  "calib_risk": 1.2649712879409352,
  "calib_coverage": 0.9299972655181843
}