policy,wilds_split,coverage,risk,wrong_auto_rate,auto_error_rate,defer_rate,n
uaat_monotone,test,0.46586899114299735,0.9143511486060152,0.07604402794980253,0.163230499122147,0.5341310088570026,42791
