{
  "name": "uncertainty_grid",
  "alpha": 0.0,
  "theta": 0.8899257838726043,
  "calib_risk": 0.693874760732841,
  "calib_coverage": 0.6499863275909216
}