policy,category,coverage,risk,wrong_auto_rate,auto_error_rate,defer_rate,n
fixed,breakfast_box,0.6954545454545454,3.8954545454545455,0.35909090909090907,0.5163398692810458,0.30454545454545456,220
fixed,juice_bottle,0.42045454545454547,2.0946969696969697,0.15151515151515152,0.36036036036036034,0.5795454545454546,264
fixed,pushpins,0.7580645161290323,4.153225806451613,0.3911290322580645,0.5159574468085106,0.24193548387096775,248
fixed,screw_bag,0.9597069597069597,6.084249084249084,0.6043956043956044,0.6297709923664122,0.04029304029304026,273
fixed,splicing_connectors,0.6947791164658634,3.759036144578314,0.3453815261044177,0.49710982658959535,0.30522088353413657,249
