policy,coverage,risk,wrong_auto_rate,auto_error_rate,defer_rate,n
uaat_monotone,0.5701754385964912,3.3245614035087723,0.2894736842105263,0.5076923076923077,0.4298245614035088,1254
fixed,0.7073365231259968,4.016746411483253,0.372408293460925,0.5264937993235626,0.2926634768740032,1254
uncertainty_grid,0.7073365231259968,4.016746411483253,0.372408293460925,0.5264937993235626,0.2926634768740032,1254
