{
  "name": "uncertainty_grid",
  "alpha": 0.0,
  "theta": 0.13412838556636508,
  "calib_risk": 4.315286624203822,
  "calib_coverage": 0.7292993630573248
}