{
  "name": "uncertainty_grid",
  "alpha": 1.4500000000000002,
  "theta": 0.9099430306814612,
  "calib_risk": 0.6466842105263158,
  "calib_coverage": 0.54
}