{
  "name": "monotone_policy_net",
  "context_cols": [
    "ctx_severity",
    "ctx_corr_gaussian_noise",
    "ctx_corr_pixelate",
    "ctx_corr_frost",
    "ctx_corr_fog",
    "ctx_corr_brightness",
    "ctx_corr_glass_blur",
    "ctx_corr_gaussian_blur",
    "ctx_corr_snow",
    "ctx_corr_contrast",
    "ctx_corr_impulse_noise",
    "ctx_corr_zoom_blur",
    "ctx_corr_elastic_transform",
    "ctx_corr_saturate",
    "ctx_corr_defocus_blur",
    "ctx_corr_jpeg_compression",
    "ctx_corr_motion_blur",
    "ctx_corr_shot_noise",
    "ctx_corr_spatter",
    "ctx_corr_speckle_noise",
    "ctx_brightness",
    "ctx_contrast",
    "ctx_blur_risk",
    "ctx_saturation"
  ],
  "state_dict": {
    "b": 0.8033602237701416,
    "w_u_raw": 2.0352768898010254,
    "w_ctx": [
      1.7601596117019653,
      2.894752264022827,
      0.5124739408493042,
      0.42130807042121887,
      -0.2872754633426666,
      -1.0750126838684082,
      2.6413464546203613,
      0.5454063415527344,
      -0.025591477751731873,
      0.33161744475364685,
      1.2883493900299072,
      0.23669591546058655,
      -0.4078823924064636,
      -0.7394750118255615,
      -0.176137313246727,
      -0.057803936302661896,
      0.29343897104263306,
      1.5345431566238403,
      -0.2954048812389374,
      1.1996665000915527,
      0.5882200598716736,
      0.6044808030128479,
      0.7308692336082458,
      0.39796093106269836
    ],
    "best_loss": 0.6626901030540466
  }
}