policy,category,coverage,risk,wrong_auto_rate,auto_error_rate,defer_rate,n
uncertainty_grid,breakfast_box,0.9636363636363636,5.945454545454545,0.5909090909090909,0.6132075471698113,0.036363636363636376,220
uncertainty_grid,juice_bottle,0.7840909090909091,5.215909090909091,0.5,0.6376811594202898,0.21590909090909094,264
uncertainty_grid,pushpins,0.9879032258064516,5.455645161290322,0.5443548387096774,0.5510204081632653,0.012096774193548376,248
uncertainty_grid,screw_bag,1.0,6.410256410256411,0.6410256410256411,0.6410256410256411,0.0,273
uncertainty_grid,splicing_connectors,0.963855421686747,5.859437751004016,0.5823293172690763,0.6041666666666666,0.03614457831325302,249
