policy,category,coverage,risk,wrong_auto_rate,auto_error_rate,defer_rate,n
uaat_monotone,breakfast_box,0.8136363636363636,4.640909090909091,0.44545454545454544,0.547486033519553,0.1863636363636364,220
uaat_monotone,juice_bottle,0.44696969696969696,2.4469696969696972,0.1893939393939394,0.423728813559322,0.553030303030303,264
uaat_monotone,pushpins,0.9475806451612904,5.092741935483871,0.5040322580645161,0.5319148936170213,0.05241935483870963,248
uaat_monotone,screw_bag,0.9633699633699634,6.117216117216117,0.608058608058608,0.6311787072243346,0.03663003663003661,273
uaat_monotone,splicing_connectors,0.7871485943775101,4.389558232931726,0.41767068273092367,0.5306122448979592,0.21285140562248994,249
