policy,coverage,risk,wrong_auto_rate,auto_error_rate,defer_rate,n
uaat_monotone,0.7902711323763956,4.53987240829346,0.43301435406698563,0.5479313824419778,0.20972886762360443,1254
fixed,0.9385964912280702,5.779106858054227,0.5717703349282297,0.6091758708581139,0.06140350877192979,1254
uncertainty_grid,0.9385964912280702,5.779106858054227,0.5717703349282297,0.6091758708581139,0.06140350877192979,1254
