policy,wilds_split,coverage,risk,wrong_auto_rate,auto_error_rate,defer_rate,n
fixed,test,0.5343647028580776,1.058283283868103,0.11852959734523615,0.2218140470567655,0.4656352971419224,42791
