policy,coverage,risk,wrong_auto_rate,auto_error_rate,defer_rate,n
uaat_monotone,0.49304760346801896,0.9628893926292913,0.09118739921946203,0.18494644042089298,0.5069523965319811,42791
uncertainty_grid,0.5331494940524877,1.0544740716505807,0.11752471314061368,0.22043482072411677,0.4668505059475123,42791
fixed,0.5343647028580776,1.058283283868103,0.11852959734523615,0.2218140470567655,0.4656352971419224,42791
