{
  "name": "uncertainty_grid",
  "alpha": 0.17500000000000002,
  "theta": 0.7758483533523977,
  "calib_risk": 0.7692097347552639,
  "calib_coverage": 0.7100082034454471
}