{
  "name": "monotone_policy_net",
  "context_cols": [
    "ctx_cat_hazelnut",
    "ctx_cat_bottle",
    "ctx_cat_toothbrush",
    "ctx_cat_pill",
    "ctx_cat_carpet",
    "ctx_cat_wood",
    "ctx_cat_grid",
    "ctx_cat_capsule",
    "ctx_cat_metal_nut",
    "ctx_cat_tile",
    "ctx_cat_transistor",
    "ctx_cat_leather",
    "ctx_cat_cable",
    "ctx_cat_screw",
    "ctx_cat_zipper",
    "ctx_brightness",
    "ctx_contrast",
    "ctx_blur_risk",
    "ctx_saturation"
  ],
  "state_dict": {
    "b": -0.8079150319099426,
    "w_u_raw": -0.3568774163722992,
    "w_ctx": [
      -1.0010617971420288,
      -0.460342139005661,
      -0.056536607444286346,
      0.22926868498325348,
      -2.658005952835083,
      -4.561071872711182,
      -1.2942599058151245,
      0.6159958243370056,
      -0.05833091959357262,
      -0.6858341693878174,
      -0.22459493577480316,
      -2.5892465114593506,
      -0.9403454661369324,
      -0.16391637921333313,
      -1.9884542226791382,
      -0.7169779539108276,
      -0.680624783039093,
      -0.7708325386047363,
      -1.0293184518814087
    ],
    "best_loss": 1.0806330442428589
  }
}