{
  "name": "uncertainty_grid",
  "alpha": 0.0,
  "theta": 0.1307561685296742,
  "calib_risk": 3.040579710144927,
  "calib_coverage": 0.4811594202898551
}