policy,wilds_split,coverage,risk,wrong_auto_rate,auto_error_rate,defer_rate,n
uaat_monotone,test,0.41361501250262905,0.8099132995256012,0.044705662405646045,0.1080852025538166,0.586384987497371,42791
