policy,coverage,risk,wrong_auto_rate,auto_error_rate,defer_rate,n
fixed,0.3891005117898624,0.7789254749830572,0.03360519735458391,0.08636636636636637,0.6108994882101376,42791
uncertainty_grid,0.3891005117898624,0.7789254749830572,0.03360519735458391,0.08636636636636637,0.6108994882101376,42791
uaat_monotone,0.41361501250262905,0.8099132995256012,0.044705662405646045,0.1080852025538166,0.586384987497371,42791
