{
  "name": "uncertainty_grid",
  "alpha": 0.0,
  "theta": 0.9586684679985046,
  "calib_risk": 0.5693191140278917,
  "calib_coverage": 0.5400601585999453
}