{
  "name": "monotone_policy_net",
  "context_cols": [
    "ctx_meta_location",
    "ctx_meta_sequence",
    "ctx_meta_year",
    "ctx_meta_month",
    "ctx_meta_day",
    "ctx_meta_hour"
  ],
  "state_dict": {
    "b": 0.8860347270965576,
    "w_u_raw": 2.7626845836639404,
    "w_ctx": [
      0.2807937264442444,
      -0.5157766342163086,
      0.8820629715919495,
      0.923547089099884,
      0.47373878955841064,
      -0.08820360898971558
    ],
    "best_loss": 0.5964341163635254
  }
}