policy,wilds_split,coverage,risk,wrong_auto_rate,auto_error_rate,defer_rate,n
uaat_monotone,test,0.799981304479914,1.53686522866958,0.26736930662989883,0.3342194437952793,0.200018695520086,42791
