{
  "name": "monotone_policy_net",
  "context_cols": [
    "ctx_cat_leather",
    "ctx_cat_hazelnut",
    "ctx_cat_bottle",
    "ctx_cat_carpet",
    "ctx_cat_metal_nut",
    "ctx_cat_grid",
    "ctx_cat_transistor",
    "ctx_cat_capsule",
    "ctx_cat_cable",
    "ctx_cat_toothbrush",
    "ctx_cat_screw",
    "ctx_cat_wood",
    "ctx_cat_zipper",
    "ctx_cat_tile",
    "ctx_cat_pill",
    "ctx_brightness",
    "ctx_contrast",
    "ctx_blur_risk",
    "ctx_saturation"
  ],
  "state_dict": {
    "b": -0.7343919277191162,
    "w_u_raw": 1.3365387916564941,
    "w_ctx": [
      -1.3284746408462524,
      -0.5685856342315674,
      -1.4387171268463135,
      0.10723204910755157,
      -0.8836778402328491,
      -1.9147297143936157,
      -0.29658228158950806,
      0.6795594692230225,
      -0.15647533535957336,
      0.9542337656021118,
      -0.956723690032959,
      -1.4587725400924683,
      -0.7420257329940796,
      -1.5171674489974976,
      0.28719913959503174,
      -0.6429016590118408,
      -0.7640147805213928,
      -0.716564416885376,
      -2.5121335983276367
    ],
    "best_loss": 3.1598384380340576
  }
}