policy,coverage,risk,wrong_auto_rate,auto_error_rate,defer_rate,n
fixed,0.3485078638031362,0.7380757635951485,0.017316725479656937,0.049688191510762425,0.6514921361968637,42791
uncertainty_grid,0.3485078638031362,0.7380757635951485,0.017316725479656937,0.049688191510762425,0.6514921361968637,42791
uaat_monotone,0.3743777897221378,0.7500642658502956,0.02488841111448669,0.06647940074906367,0.6256222102778621,42791
