{
  "name": "uncertainty_grid",
  "alpha": 0.0,
  "theta": 0.972060556411743,
  "calib_risk": 0.6188132348919879,
  "calib_coverage": 0.5199617172545803
}