policy,category,coverage,risk,wrong_auto_rate,auto_error_rate,defer_rate,n
fixed,breakfast_box,0.7272727272727273,4.181818181818182,0.39090909090909093,0.5375,0.2727272727272727,220
fixed,juice_bottle,0.4393939393939394,2.303030303030303,0.17424242424242425,0.39655172413793105,0.5606060606060606,264
fixed,pushpins,0.7943548387096774,4.278225806451614,0.40725806451612906,0.5126903553299492,0.20564516129032262,248
fixed,screw_bag,0.945054945054945,5.9523809523809526,0.5897435897435898,0.624031007751938,0.05494505494505497,273
fixed,splicing_connectors,0.6907630522088354,3.7630522088353415,0.3453815261044177,0.5,0.3092369477911646,249
