{
  "name": "uncertainty_grid",
  "alpha": 0.0,
  "theta": 0.13407896976321027,
  "calib_risk": 3.952229299363057,
  "calib_coverage": 0.678343949044586
}