{
  "name": "monotone_policy_net",
  "context_cols": [
    "ctx_severity",
    "ctx_corr_motion_blur",
    "ctx_corr_shot_noise",
    "ctx_corr_elastic_transform",
    "ctx_corr_contrast",
    "ctx_corr_zoom_blur",
    "ctx_corr_saturate",
    "ctx_corr_glass_blur",
    "ctx_corr_impulse_noise",
    "ctx_corr_brightness",
    "ctx_corr_frost",
    "ctx_corr_gaussian_blur",
    "ctx_corr_speckle_noise",
    "ctx_corr_snow",
    "ctx_corr_fog",
    "ctx_corr_pixelate",
    "ctx_corr_spatter",
    "ctx_corr_jpeg_compression",
    "ctx_corr_gaussian_noise",
    "ctx_corr_defocus_blur",
    "ctx_brightness",
    "ctx_contrast",
    "ctx_blur_risk",
    "ctx_saturation"
  ],
  "state_dict": {
    "b": 0.11341730505228043,
    "w_u_raw": 2.0775842666625977,
    "w_ctx": [
      2.6830363273620605,
      -0.742817223072052,
      1.2140347957611084,
      -1.1919595003128052,
      -0.04240289330482483,
      -0.5549101233482361,
      -1.5825749635696411,
      0.8409695029258728,
      1.0231181383132935,
      -2.2478973865509033,
      -0.47585949301719666,
      0.1360277384519577,
      0.44646453857421875,
      -0.8476690053939819,
      -1.1590245962142944,
      0.08317910134792328,
      -1.394498586654663,
      -1.2869830131530762,
      2.207751750946045,
      -0.7924261093139648,
      -0.06918496638536453,
      -0.034088291227817535,
      -0.12535230815410614,
      -1.303519368171692
    ],
    "best_loss": 1.3693699836730957
  }
}