{
  "name": "monotone_policy_net",
  "context_cols": [
    "ctx_severity",
    "ctx_corr_fog",
    "ctx_corr_impulse_noise",
    "ctx_corr_snow",
    "ctx_corr_elastic_transform",
    "ctx_corr_zoom_blur",
    "ctx_corr_frost",
    "ctx_corr_contrast",
    "ctx_corr_pixelate",
    "ctx_corr_defocus_blur",
    "ctx_corr_saturate",
    "ctx_corr_motion_blur",
    "ctx_corr_gaussian_blur",
    "ctx_corr_speckle_noise",
    "ctx_corr_gaussian_noise",
    "ctx_corr_jpeg_compression",
    "ctx_corr_spatter",
    "ctx_corr_brightness",
    "ctx_corr_glass_blur",
    "ctx_corr_shot_noise",
    "ctx_brightness",
    "ctx_contrast",
    "ctx_blur_risk",
    "ctx_saturation"
  ],
  "state_dict": {
    "b": 0.7885149121284485,
    "w_u_raw": 2.0719735622406006,
    "w_ctx": [
      1.8062163591384888,
      -0.30927062034606934,
      1.3421597480773926,
      -0.13407112658023834,
      -0.46007198095321655,
      0.14964132010936737,
      0.3729385435581207,
      0.2396451234817505,
      0.5025806427001953,
      -0.16976383328437805,
      -0.7469781041145325,
      0.34636807441711426,
      0.5670574307441711,
      1.1027026176452637,
      2.9191300868988037,
      -0.1342940628528595,
      -0.3208736479282379,
      -1.0682752132415771,
      2.577636957168579,
      1.4549142122268677,
      0.5369837880134583,
      0.6403535008430481,
      0.6814655661582947,
      0.3236452341079712
    ],
    "best_loss": 0.6588822603225708
  }
}