{
  "name": "uncertainty_grid",
  "alpha": 2.7750000000000004,
  "theta": 0.8305731666460633,
  "calib_risk": 0.6468157894736841,
  "calib_coverage": 0.55
}