policy,wilds_split,coverage,risk,wrong_auto_rate,auto_error_rate,defer_rate,n
uaat_monotone,test,0.49428618167371646,0.8980860461311957,0.07847444556098244,0.158763179045908,0.5057138183262835,42791
