policy,category,coverage,risk,wrong_auto_rate,auto_error_rate,defer_rate,n
uncertainty_grid,breakfast_box,0.7863636363636364,1.059090909090909,0.42272727272727273,0.5375722543352601,0.21363636363636362,220
uncertainty_grid,juice_bottle,0.48484848484848486,0.9166666666666666,0.20075757575757575,0.4140625,0.5151515151515151,264
uncertainty_grid,pushpins,0.8709677419354839,1.032258064516129,0.45161290322580644,0.5185185185185185,0.12903225806451613,248
uncertainty_grid,screw_bag,0.9853479853479854,1.2673992673992673,0.6263736263736264,0.6356877323420075,0.0146520146520146,273
uncertainty_grid,splicing_connectors,0.7751004016064257,1.036144578313253,0.40562248995983935,0.5233160621761658,0.22489959839357432,249
