{
  "name": "uncertainty_grid",
  "alpha": 0.0,
  "theta": 0.0107058319066338,
  "calib_risk": 5.092753623188406,
  "calib_coverage": 0.7478260869565218
}