{
  "name": "uncertainty_grid",
  "alpha": 0.0,
  "theta": 0.825209677219391,
  "calib_risk": 0.670494941208641,
  "calib_coverage": 0.700027344818157
}