policy,category,coverage,risk,wrong_auto_rate,auto_error_rate,defer_rate,n
uaat_monotone,breakfast_box,0.1,1.309090909090909,0.04090909090909091,0.4090909090909091,0.9,220
uaat_monotone,juice_bottle,0.21212121212121213,1.2803030303030303,0.04924242424242424,0.23214285714285715,0.7878787878787878,264
uaat_monotone,pushpins,0.2056451612903226,1.600806451612903,0.08064516129032258,0.39215686274509803,0.7943548387096774,248
uaat_monotone,screw_bag,0.304029304029304,2.2344322344322345,0.15384615384615385,0.5060240963855421,0.6959706959706959,273
uaat_monotone,splicing_connectors,0.3654618473895582,2.0803212851405624,0.14457831325301204,0.3956043956043956,0.6345381526104418,249
