policy,category,coverage,risk,wrong_auto_rate,auto_error_rate,defer_rate,n
uncertainty_grid,breakfast_box,0.3409090909090909,2.0227272727272725,0.13636363636363635,0.4,0.6590909090909092,220
uncertainty_grid,juice_bottle,0.23863636363636365,1.3674242424242424,0.06060606060606061,0.25396825396825395,0.7613636363636364,264
uncertainty_grid,pushpins,0.4717741935483871,2.786290322580645,0.22580645161290322,0.47863247863247865,0.5282258064516129,248
uncertainty_grid,screw_bag,0.6043956043956044,3.9120879120879124,0.3516483516483517,0.5818181818181818,0.39560439560439564,273
uncertainty_grid,splicing_connectors,0.44176706827309237,2.4859437751004014,0.1927710843373494,0.43636363636363634,0.5582329317269077,249
