{
  "name": "uncertainty_grid",
  "alpha": 0.0,
  "theta": 0.39962525031033114,
  "calib_risk": 2.5,
  "calib_coverage": 0.410828025477707
}