policy,category,coverage,risk,wrong_auto_rate,auto_error_rate,defer_rate,n
uncertainty_grid,breakfast_box,0.8136363636363636,4.640909090909091,0.44545454545454544,0.547486033519553,0.1863636363636364,220
uncertainty_grid,juice_bottle,0.5189393939393939,2.8674242424242427,0.23863636363636365,0.45985401459854014,0.4810606060606061,264
uncertainty_grid,pushpins,0.8790322580645161,4.637096774193548,0.45161290322580644,0.5137614678899083,0.12096774193548387,248
uncertainty_grid,screw_bag,0.9963369963369964,6.377289377289377,0.6373626373626373,0.6397058823529411,0.00366300366300365,273
uncertainty_grid,splicing_connectors,0.8032128514056225,4.5341365461847385,0.43373493975903615,0.54,0.19678714859437751,249
