policy,coverage,risk,wrong_auto_rate,auto_error_rate,defer_rate,n
uaat_monotone,0.6802232854864434,3.924242424242424,0.36044657097288674,0.52989449003517,0.3197767145135566,1254
fixed,0.8022328548644339,4.623604465709729,0.44258373205741625,0.55168986083499,0.19776714513556615,1254
uncertainty_grid,0.8022328548644339,4.623604465709729,0.44258373205741625,0.55168986083499,0.19776714513556615,1254
