{
  "name": "uncertainty_grid",
  "alpha": 0.0,
  "theta": 0.06082522509626361,
  "calib_risk": 4.337579617834395,
  "calib_coverage": 0.7707006369426752
}