policy,category,coverage,risk,wrong_auto_rate,auto_error_rate,defer_rate,n
uaat_monotone,breakfast_box,0.8545454545454545,2.5545454545454547,0.4818181818181818,0.5638297872340425,0.1454545454545455,220
uaat_monotone,juice_bottle,0.3939393939393939,1.3636363636363638,0.15151515151515152,0.38461538461538464,0.6060606060606061,264
uaat_monotone,pushpins,0.9959677419354839,2.766129032258064,0.5524193548387096,0.5546558704453441,0.0040322580645161255,248
uaat_monotone,screw_bag,0.9743589743589743,3.120879120879121,0.6190476190476191,0.6353383458646616,0.02564102564102566,273
uaat_monotone,splicing_connectors,0.7951807228915663,2.3333333333333335,0.42570281124497994,0.5353535353535354,0.20481927710843373,249
