policy,wilds_split,coverage,risk,wrong_auto_rate,auto_error_rate,defer_rate,n
uaat_monotone,test,0.6160407562337875,1.3145287560468322,0.18611390245612394,0.30211296991768144,0.3839592437662125,42791
