{
  "name": "uncertainty_grid",
  "alpha": 0.0,
  "theta": 0.0006864249659600006,
  "calib_risk": 6.0260869565217385,
  "calib_coverage": 0.8579710144927536
}