{
  "name": "monotone_policy_net",
  "context_cols": [
    "ctx_severity",
    "ctx_corr_motion_blur",
    "ctx_corr_shot_noise",
    "ctx_corr_elastic_transform",
    "ctx_corr_contrast",
    "ctx_corr_zoom_blur",
    "ctx_corr_saturate",
    "ctx_corr_glass_blur",
    "ctx_corr_impulse_noise",
    "ctx_corr_brightness",
    "ctx_corr_frost",
    "ctx_corr_gaussian_blur",
    "ctx_corr_speckle_noise",
    "ctx_corr_snow",
    "ctx_corr_fog",
    "ctx_corr_pixelate",
    "ctx_corr_spatter",
    "ctx_corr_jpeg_compression",
    "ctx_corr_gaussian_noise",
    "ctx_corr_defocus_blur",
    "ctx_brightness",
    "ctx_contrast",
    "ctx_blur_risk",
    "ctx_saturation"
  ],
  "state_dict": {
    "b": 0.8265523910522461,
    "w_u_raw": 3.5233993530273438,
    "w_ctx": [
      2.2868309020996094,
      0.11918331682682037,
      1.3806004524230957,
      -0.7606288194656372,
      -0.024603387340903282,
      0.017869312316179276,
      -1.1056196689605713,
      3.1876840591430664,
      1.2480913400650024,
      -1.4930037260055542,
      0.2872670292854309,
      0.4077877104282379,
      1.0609679222106934,
      -0.32014572620391846,
      -0.6272116303443909,
      0.47248348593711853,
      -0.6381470561027527,
      -0.5652657747268677,
      3.345144033432007,
      -0.3499513268470764,
      0.42599403858184814,
      0.34734055399894714,
      0.8080306053161621,
      -0.09693346172571182
    ],
    "best_loss": 1.3149800300598145
  }
}