policy,wilds_split,coverage,risk,wrong_auto_rate,auto_error_rate,defer_rate,n
fixed,test,0.8463695636933,1.6739267603000632,0.3040592647986726,0.3592511803849021,0.15363043630670004,42791
