{
  "name": "uncertainty_grid",
  "alpha": 2.575,
  "theta": -0.6909843372553588,
  "calib_risk": 0.9801750068362046,
  "calib_coverage": 0.9098988241728192
}