policy,wilds_split,coverage,risk,wrong_auto_rate,auto_error_rate,defer_rate,n
fixed,test,0.9000023369400107,3.61031525320745,0.3510317590147461,0.3900342750311591,0.09999766305998925,42791
