policy,wilds_split,coverage,risk,wrong_auto_rate,auto_error_rate,defer_rate,n
uaat_monotone,test,0.9000023369400107,3.611016335210675,0.3511018672150686,0.39011217282924804,0.09999766305998925,42791
