{
  "name": "monotone_policy_net",
  "context_cols": [
    "ctx_meta_location",
    "ctx_meta_sequence",
    "ctx_meta_year",
    "ctx_meta_month",
    "ctx_meta_day",
    "ctx_meta_hour"
  ],
  "state_dict": {
    "b": -0.03495440632104874,
    "w_u_raw": 5.96804141998291,
    "w_ctx": [
      -0.18968531489372253,
      -0.5148325562477112,
      0.0009924833429977298,
      1.1364669799804688,
      1.05504310131073,
      -2.7589428424835205
    ],
    "best_loss": 1.4635432958602905
  },
  "test_margin_offset": -0.554073452949524,
  "recalibrated_on_test": true
}