{
  "name": "uncertainty_grid",
  "alpha": 0.675,
  "theta": 0.28625190235674375,
  "calib_risk": 1.8378452283292315,
  "calib_coverage": 0.8999179655455292
}