{
  "name": "uncertainty_grid",
  "alpha": 0.675,
  "theta": -0.020726484060287577,
  "calib_risk": 1.8378452283292315,
  "calib_coverage": 0.8999179655455292,
  "recalibrated_on_test": true
}