{
  "name": "monotone_policy_net",
  "context_cols": [
    "ctx_severity",
    "ctx_corr_gaussian_noise",
    "ctx_corr_pixelate",
    "ctx_corr_frost",
    "ctx_corr_fog",
    "ctx_corr_brightness",
    "ctx_corr_glass_blur",
    "ctx_corr_gaussian_blur",
    "ctx_corr_snow",
    "ctx_corr_contrast",
    "ctx_corr_impulse_noise",
    "ctx_corr_zoom_blur",
    "ctx_corr_elastic_transform",
    "ctx_corr_saturate",
    "ctx_corr_defocus_blur",
    "ctx_corr_jpeg_compression",
    "ctx_corr_motion_blur",
    "ctx_corr_shot_noise",
    "ctx_corr_spatter",
    "ctx_corr_speckle_noise",
    "ctx_brightness",
    "ctx_contrast",
    "ctx_blur_risk",
    "ctx_saturation"
  ],
  "state_dict": {
    "b": 0.04114232584834099,
    "w_u_raw": 1.0904653072357178,
    "w_ctx": [
      2.3919036388397217,
      2.1850709915161133,
      -0.184329092502594,
      -0.3813830614089966,
      -1.7952569723129272,
      -1.725018858909607,
      0.6524865627288818,
      0.5005840063095093,
      -1.2889326810836792,
      0.14485536515712738,
      1.1142469644546509,
      -0.7765171527862549,
      -1.8251233100891113,
      -1.2651458978652954,
      -0.38777023553848267,
      -1.186203122138977,
      -0.22634175419807434,
      1.088900089263916,
      -1.3827002048492432,
      0.4969797134399414,
      -0.0018567087827250361,
      0.08141528069972992,
      -0.3250117301940918,
      -1.2782912254333496
    ],
    "best_loss": 0.8388797044754028
  }
}