{
  "name": "uncertainty_grid",
  "alpha": 0.025,
  "theta": 0.7369332581609488,
  "calib_risk": 0.9157631578947367,
  "calib_coverage": 0.79
}