policy,category,coverage,risk,wrong_auto_rate,auto_error_rate,defer_rate,n
uaat_monotone,breakfast_box,0.34545454545454546,2.0636363636363635,0.1409090909090909,0.40789473684210525,0.6545454545454545,220
uaat_monotone,juice_bottle,0.26515151515151514,1.4166666666666665,0.06818181818181818,0.2571428571428571,0.7348484848484849,264
uaat_monotone,pushpins,0.49193548387096775,2.887096774193548,0.23790322580645162,0.48360655737704916,0.5080645161290323,248
uaat_monotone,screw_bag,0.7216117216117216,4.564102564102564,0.42857142857142855,0.5939086294416244,0.2783882783882784,273
uaat_monotone,splicing_connectors,0.357429718875502,2.0883534136546187,0.14457831325301204,0.4044943820224719,0.642570281124498,249
