policy,category,coverage,risk,wrong_auto_rate,auto_error_rate,defer_rate,n
fixed,breakfast_box,0.4772727272727273,2.6136363636363633,0.20909090909090908,0.4380952380952381,0.5227272727272727,220
fixed,juice_bottle,0.3446969696969697,1.7916666666666665,0.11363636363636363,0.32967032967032966,0.6553030303030303,264
fixed,pushpins,0.5846774193548387,3.358870967741936,0.29435483870967744,0.503448275862069,0.41532258064516125,248
fixed,screw_bag,0.7948717948717948,5.076923076923077,0.48717948717948717,0.6129032258064516,0.20512820512820518,273
fixed,splicing_connectors,0.5381526104417671,2.8714859437751,0.24096385542168675,0.44776119402985076,0.4618473895582329,249
