{
  "name": "uncertainty_grid",
  "alpha": 0.0,
  "theta": 0.2693574082523785,
  "calib_risk": 3.3503184713375793,
  "calib_coverage": 0.5796178343949044
}