{
  "name": "monotone_policy_net",
  "context_cols": [
    "ctx_severity",
    "ctx_corr_fog",
    "ctx_corr_impulse_noise",
    "ctx_corr_snow",
    "ctx_corr_elastic_transform",
    "ctx_corr_zoom_blur",
    "ctx_corr_frost",
    "ctx_corr_contrast",
    "ctx_corr_pixelate",
    "ctx_corr_defocus_blur",
    "ctx_corr_saturate",
    "ctx_corr_motion_blur",
    "ctx_corr_gaussian_blur",
    "ctx_corr_speckle_noise",
    "ctx_corr_gaussian_noise",
    "ctx_corr_jpeg_compression",
    "ctx_corr_spatter",
    "ctx_corr_brightness",
    "ctx_corr_glass_blur",
    "ctx_corr_shot_noise",
    "ctx_brightness",
    "ctx_contrast",
    "ctx_blur_risk",
    "ctx_saturation"
  ],
  "state_dict": {
    "b": -0.3136170208454132,
    "w_u_raw": 0.1594144105911255,
    "w_ctx": [
      3.3038523197174072,
      -1.724794864654541,
      1.0873126983642578,
      -1.7697186470031738,
      -1.913656234741211,
      -0.56273353099823,
      -0.4116702973842621,
      -0.2772859036922455,
      0.03916970640420914,
      -0.9156965613365173,
      -1.873600721359253,
      -0.41333267092704773,
      0.45863258838653564,
      0.39395222067832947,
      2.1449897289276123,
      -2.001099109649658,
      -2.5473008155822754,
      -1.9794318675994873,
      0.7231660485267639,
      1.0780502557754517,
      -0.3839662969112396,
      -0.4443078935146332,
      -0.8571585416793823,
      -2.299485206604004
    ],
    "best_loss": 0.9765715003013611
  }
}