{
  "name": "uncertainty_grid",
  "alpha": 0.15000000000000002,
  "theta": 0.5452100279480219,
  "calib_risk": 1.0672368421052632,
  "calib_coverage": 0.87
}