{
  "name": "monotone_policy_net",
  "context_cols": [
    "ctx_severity",
    "ctx_corr_motion_blur",
    "ctx_corr_shot_noise",
    "ctx_corr_elastic_transform",
    "ctx_corr_contrast",
    "ctx_corr_zoom_blur",
    "ctx_corr_saturate",
    "ctx_corr_glass_blur",
    "ctx_corr_impulse_noise",
    "ctx_corr_brightness",
    "ctx_corr_frost",
    "ctx_corr_gaussian_blur",
    "ctx_corr_speckle_noise",
    "ctx_corr_snow",
    "ctx_corr_fog",
    "ctx_corr_pixelate",
    "ctx_corr_spatter",
    "ctx_corr_jpeg_compression",
    "ctx_corr_gaussian_noise",
    "ctx_corr_defocus_blur",
    "ctx_brightness",
    "ctx_contrast",
    "ctx_blur_risk",
    "ctx_saturation"
  ],
  "state_dict": {
    "b": 0.727218508720398,
    "w_u_raw": 2.1407647132873535,
    "w_ctx": [
      1.824779748916626,
      0.14980851113796234,
      1.3640776872634888,
      -0.5235378742218018,
      0.21431384980678558,
      0.10477668046951294,
      -0.8340573310852051,
      2.4567441940307617,
      1.262637972831726,
      -1.0948034524917603,
      0.30382099747657776,
      0.5515139698982239,
      1.0281800031661987,
      -0.16100166738033295,
      -0.3312937319278717,
      0.5556224584579468,
      -0.3990747928619385,
      -0.4191488027572632,
      2.8787829875946045,
      -0.10063289850950241,
      0.49848905205726624,
      0.5126892924308777,
      0.623796284198761,
      0.27339234948158264
    ],
    "best_loss": 0.6573442220687866
  }
}