{
  "name": "uncertainty_grid",
  "alpha": 2.475,
  "theta": 0.8048862035535278,
  "calib_risk": 0.6575526315789474,
  "calib_coverage": 0.57
}