{
  "name": "monotone_policy_net",
  "context_cols": [
    "ctx_severity",
    "ctx_corr_motion_blur",
    "ctx_corr_shot_noise",
    "ctx_corr_elastic_transform",
    "ctx_corr_contrast",
    "ctx_corr_zoom_blur",
    "ctx_corr_saturate",
    "ctx_corr_glass_blur",
    "ctx_corr_impulse_noise",
    "ctx_corr_brightness",
    "ctx_corr_frost",
    "ctx_corr_gaussian_blur",
    "ctx_corr_speckle_noise",
    "ctx_corr_snow",
    "ctx_corr_fog",
    "ctx_corr_pixelate",
    "ctx_corr_spatter",
    "ctx_corr_jpeg_compression",
    "ctx_corr_gaussian_noise",
    "ctx_corr_defocus_blur",
    "ctx_brightness",
    "ctx_contrast",
    "ctx_blur_risk",
    "ctx_saturation"
  ],
  "state_dict": {
    "b": 0.5379243493080139,
    "w_u_raw": 2.14780330657959,
    "w_ctx": [
      1.9063752889633179,
      -0.018154291436076164,
      1.2753510475158691,
      -0.6310057640075684,
      0.23357807099819183,
      -0.047748371958732605,
      -1.3006582260131836,
      1.7605907917022705,
      1.1677145957946777,
      -1.484058141708374,
      0.177492156624794,
      0.5702560544013977,
      0.912146270275116,
      -0.3180067241191864,
      -0.3270364999771118,
      0.4118684232234955,
      -0.4919300079345703,
      -0.5312885046005249,
      2.2882754802703857,
      -0.14421704411506653,
      0.29496294260025024,
      0.3176057040691376,
      0.39391788840293884,
      0.06258919835090637
    ],
    "best_loss": 0.6712056398391724
  }
}