{
  "name": "uncertainty_grid",
  "alpha": 2.9250000000000003,
  "theta": 0.5788660559728743,
  "calib_risk": 0.6985263157894737,
  "calib_coverage": 0.63
}