policy,wilds_split,coverage,risk,wrong_auto_rate,auto_error_rate,defer_rate,n
uncertainty_grid,test,0.4555630856955902,0.897665396929261,0.0706456965249702,0.15507335590438084,0.5444369143044099,42791
