policy,wilds_split,coverage,risk,wrong_auto_rate,auto_error_rate,defer_rate,n
uaat_monotone,test,0.45696524970204017,0.8994181019373232,0.07127667032787269,0.1559783164569909,0.5430347502979598,42791
