policy,wilds_split,coverage,risk,wrong_auto_rate,auto_error_rate,defer_rate,n
fixed,test,0.4557967796966652,0.8986001729335608,0.0708793905260452,0.15550656275635766,0.5442032203033348,42791
