{
  "name": "uncertainty_grid",
  "alpha": 0.15000000000000002,
  "theta": 0.8990971717834473,
  "calib_risk": 0.6755537325676784,
  "calib_coverage": 0.6300246103363413
}