{
  "name": "uncertainty_grid",
  "alpha": 2.7,
  "theta": -0.20887021794915203,
  "calib_risk": 1.0674049767569045,
  "calib_coverage": 0.8500136724090784
}