policy,wilds_split,coverage,risk,wrong_auto_rate,auto_error_rate,defer_rate,n
fixed,test,0.4747259937837396,0.9357575191044846,0.08209670257764483,0.17293492172885694,0.5252740062162604,42791
