policy,wilds_split,coverage,risk,wrong_auto_rate,auto_error_rate,defer_rate,n
uaat_monotone,test,0.4692575541585847,0.9201934986328901,0.07789021055829497,0.16598605577689243,0.5307424458414153,42791
