{
  "name": "uncertainty_grid",
  "alpha": 0.0,
  "theta": 0.8842830634117126,
  "calib_risk": 0.6108832376264697,
  "calib_coverage": 0.6400054689636314
}