policy,wilds_split,coverage,risk,wrong_auto_rate,auto_error_rate,defer_rate,n
uaat_monotone,test,0.4651211703395574,1.470122221962562,0.04676216961510598,0.10053760739586996,0.5348788296604425,42791
