policy,wilds_split,coverage,risk,wrong_auto_rate,auto_error_rate,defer_rate,n
fixed,test,0.5092192283424084,1.897618658129046,0.07034189432357271,0.13813675998164296,0.4907807716575916,42791
