policy,coverage,risk,wrong_auto_rate,auto_error_rate,defer_rate,n
uncertainty_grid,0.6999836414199248,4.074174475941202,0.18870790586805636,0.2695890228023904,0.30001635858007525,42791
uaat_monotone,0.6999836414199248,4.1129676801196515,0.1906475660769788,0.2723600307147865,0.30001635858007525,42791
fixed,0.6999836414199248,4.120913276156202,0.1910448458788063,0.27292758655226523,0.30001635858007525,42791
