{
  "name": "monotone_policy_net",
  "context_cols": [
    "ctx_severity",
    "ctx_corr_fog",
    "ctx_corr_impulse_noise",
    "ctx_corr_snow",
    "ctx_corr_elastic_transform",
    "ctx_corr_zoom_blur",
    "ctx_corr_frost",
    "ctx_corr_contrast",
    "ctx_corr_pixelate",
    "ctx_corr_defocus_blur",
    "ctx_corr_saturate",
    "ctx_corr_motion_blur",
    "ctx_corr_gaussian_blur",
    "ctx_corr_speckle_noise",
    "ctx_corr_gaussian_noise",
    "ctx_corr_jpeg_compression",
    "ctx_corr_spatter",
    "ctx_corr_brightness",
    "ctx_corr_glass_blur",
    "ctx_corr_shot_noise",
    "ctx_brightness",
    "ctx_contrast",
    "ctx_blur_risk",
    "ctx_saturation"
  ],
  "state_dict": {
    "b": -0.42830440402030945,
    "w_u_raw": 0.558445394039154,
    "w_ctx": [
      3.4472920894622803,
      -1.6754182577133179,
      1.111226201057434,
      -1.82362961769104,
      -1.826819658279419,
      -0.4821777045726776,
      -0.3900076746940613,
      -0.5438989996910095,
      0.07465054094791412,
      -0.8438773155212402,
      -1.8992431163787842,
      -0.8012773394584656,
      0.538374662399292,
      0.3476755917072296,
      2.01076340675354,
      -2.284008502960205,
      -2.6332738399505615,
      -2.011657953262329,
      0.7353653907775879,
      1.1024072170257568,
      -0.30631619691848755,
      -0.5147177577018738,
      -1.1608680486679077,
      -2.3897337913513184
    ],
    "best_loss": 0.9960829615592957
  }
}