{
  "name": "uncertainty_grid",
  "alpha": 0.1,
  "theta": 0.5528727810382843,
  "calib_risk": 1.0877105263157896,
  "calib_coverage": 0.88
}