policy,category,coverage,risk,wrong_auto_rate,auto_error_rate,defer_rate,n
uaat_monotone,breakfast_box,0.8454545454545455,2.5181818181818185,0.4727272727272727,0.5591397849462365,0.15454545454545454,220
uaat_monotone,juice_bottle,0.3939393939393939,1.3636363636363638,0.15151515151515152,0.38461538461538464,0.6060606060606061,264
uaat_monotone,pushpins,0.9879032258064516,2.7338709677419355,0.5443548387096774,0.5510204081632653,0.012096774193548376,248
uaat_monotone,screw_bag,0.9743589743589743,3.120879120879121,0.6190476190476191,0.6353383458646616,0.02564102564102566,273
uaat_monotone,splicing_connectors,0.8112449799196787,2.397590361445783,0.44176706827309237,0.5445544554455446,0.1887550200803213,249
