{
  "name": "uncertainty_grid",
  "alpha": 0.0,
  "theta": 2.59167552568818e-05,
  "calib_risk": 6.208695652173914,
  "calib_coverage": 0.8782608695652174
}