{
  "name": "uncertainty_grid",
  "alpha": 0.45,
  "theta": 0.3484143285602331,
  "calib_risk": 1.1141315789473683,
  "calib_coverage": 0.89
}