{
  "name": "monotone_policy_net",
  "context_cols": [
    "ctx_severity",
    "ctx_corr_gaussian_noise",
    "ctx_corr_pixelate",
    "ctx_corr_frost",
    "ctx_corr_fog",
    "ctx_corr_brightness",
    "ctx_corr_glass_blur",
    "ctx_corr_gaussian_blur",
    "ctx_corr_snow",
    "ctx_corr_contrast",
    "ctx_corr_impulse_noise",
    "ctx_corr_zoom_blur",
    "ctx_corr_elastic_transform",
    "ctx_corr_saturate",
    "ctx_corr_defocus_blur",
    "ctx_corr_jpeg_compression",
    "ctx_corr_motion_blur",
    "ctx_corr_shot_noise",
    "ctx_corr_spatter",
    "ctx_corr_speckle_noise",
    "ctx_brightness",
    "ctx_contrast",
    "ctx_blur_risk",
    "ctx_saturation"
  ],
  "state_dict": {
    "b": -0.5794551372528076,
    "w_u_raw": 0.23114565014839172,
    "w_ctx": [
      3.5375702381134033,
      2.189483880996704,
      -0.027197808027267456,
      -0.9765989184379578,
      -2.094363212585449,
      -1.9104145765304565,
      0.3267843723297119,
      0.7691823244094849,
      -1.6386785507202148,
      0.25193387269973755,
      1.0446553230285645,
      -0.9341640472412109,
      -2.2823941707611084,
      -1.4317479133605957,
      -0.770432710647583,
      -1.4929513931274414,
      -0.8933966159820557,
      1.1517022848129272,
      -2.8517086505889893,
      0.9283443093299866,
      -0.2947743237018585,
      -0.4885517358779907,
      -1.3535420894622803,
      -1.7150797843933105
    ],
    "best_loss": 1.0181214809417725
  }
}