policy,category,coverage,risk,wrong_auto_rate,auto_error_rate,defer_rate,n
fixed,breakfast_box,0.6454545454545455,3.672727272727273,0.33181818181818185,0.5140845070422535,0.3545454545454545,220
fixed,juice_bottle,0.4015151515151515,1.962121212121212,0.13636363636363635,0.33962264150943394,0.5984848484848485,264
fixed,pushpins,0.7096774193548387,3.959677419354839,0.36693548387096775,0.5170454545454546,0.29032258064516125,248
fixed,screw_bag,0.9157509157509157,5.7985347985347975,0.5714285714285714,0.624,0.08424908424908428,273
fixed,splicing_connectors,0.6746987951807228,3.65863453815261,0.3333333333333333,0.49404761904761907,0.32530120481927716,249
