policy,coverage,risk,wrong_auto_rate,auto_error_rate,defer_rate,n
uaat_monotone,0.5390749601275917,3.140350877192983,0.2679425837320574,0.4970414201183432,0.4609250398724083,1254
fixed,0.671451355661882,3.8293460925039873,0.35007974481658694,0.5213776722090261,0.32854864433811803,1254
uncertainty_grid,0.671451355661882,3.8293460925039873,0.35007974481658694,0.5213776722090261,0.32854864433811803,1254
