{
  "name": "uncertainty_grid",
  "alpha": 0.0,
  "theta": 0.16697158191164782,
  "calib_risk": 3.9745222929936306,
  "calib_coverage": 0.6878980891719745
}