{
  "name": "monotone_policy_net",
  "context_cols": [
    "ctx_severity",
    "ctx_corr_gaussian_noise",
    "ctx_corr_pixelate",
    "ctx_corr_frost",
    "ctx_corr_fog",
    "ctx_corr_brightness",
    "ctx_corr_glass_blur",
    "ctx_corr_gaussian_blur",
    "ctx_corr_snow",
    "ctx_corr_contrast",
    "ctx_corr_impulse_noise",
    "ctx_corr_zoom_blur",
    "ctx_corr_elastic_transform",
    "ctx_corr_saturate",
    "ctx_corr_defocus_blur",
    "ctx_corr_jpeg_compression",
    "ctx_corr_motion_blur",
    "ctx_corr_shot_noise",
    "ctx_corr_spatter",
    "ctx_corr_speckle_noise",
    "ctx_brightness",
    "ctx_contrast",
    "ctx_blur_risk",
    "ctx_saturation"
  ],
  "state_dict": {
    "b": 0.4095163643360138,
    "w_u_raw": 2.7489426136016846,
    "w_ctx": [
      2.346809148788452,
      2.1862082481384277,
      0.21360673010349274,
      -0.09451734274625778,
      -0.6266227960586548,
      -1.0251349210739136,
      1.5254528522491455,
      0.5563203692436218,
      -0.6215424537658691,
      0.2956554889678955,
      1.0909991264343262,
      -0.24606947600841522,
      -1.2125474214553833,
      -1.162240982055664,
      -0.47301119565963745,
      -0.9505274891853333,
      -0.1660221517086029,
      1.2838319540023804,
      -1.2145156860351562,
      0.9335875511169434,
      0.18225523829460144,
      0.23990504443645477,
      0.10094806551933289,
      -0.5875055193901062
    ],
    "best_loss": 1.0723994970321655
  }
}