{
  "name": "uncertainty_grid",
  "alpha": 2.0500000000000003,
  "theta": 0.4130296484380961,
  "calib_risk": 1.2571578947368423,
  "calib_coverage": 0.7
}