{
  "name": "uncertainty_grid",
  "alpha": 2.6500000000000004,
  "theta": -0.24799123671650894,
  "calib_risk": 0.8762646978397595,
  "calib_coverage": 0.8599945310363686
}