{
  "name": "monotone_policy_net",
  "context_cols": [
    "ctx_severity",
    "ctx_corr_motion_blur",
    "ctx_corr_shot_noise",
    "ctx_corr_elastic_transform",
    "ctx_corr_contrast",
    "ctx_corr_zoom_blur",
    "ctx_corr_saturate",
    "ctx_corr_glass_blur",
    "ctx_corr_impulse_noise",
    "ctx_corr_brightness",
    "ctx_corr_frost",
    "ctx_corr_gaussian_blur",
    "ctx_corr_speckle_noise",
    "ctx_corr_snow",
    "ctx_corr_fog",
    "ctx_corr_pixelate",
    "ctx_corr_spatter",
    "ctx_corr_jpeg_compression",
    "ctx_corr_gaussian_noise",
    "ctx_corr_defocus_blur",
    "ctx_brightness",
    "ctx_contrast",
    "ctx_blur_risk",
    "ctx_saturation"
  ],
  "state_dict": {
    "b": -0.6110453009605408,
    "w_u_raw": 0.7685016393661499,
    "w_ctx": [
      3.29526686668396,
      -1.4313809871673584,
      0.9241700172424316,
      -2.223228931427002,
      -0.5001519322395325,
      -0.5970932841300964,
      -1.8300907611846924,
      0.6448503732681274,
      0.8478664755821228,
      -2.333519458770752,
      -0.9903090596199036,
      0.5837120413780212,
      0.6628323793411255,
      -1.8783575296401978,
      -2.1816203594207764,
      -0.08030437678098679,
      -2.5431058406829834,
      -1.745947241783142,
      2.1183993816375732,
      -0.7862818837165833,
      0.27419960498809814,
      -0.34890469908714294,
      -1.3177027702331543,
      -1.7634203433990479
    ],
    "best_loss": 0.9947535395622253
  }
}