{
  "name": "uncertainty_grid",
  "alpha": 0.15000000000000002,
  "theta": 0.5239960377216338,
  "calib_risk": 1.0911842105263156,
  "calib_coverage": 0.88
}