{
  "name": "monotone_policy_net",
  "context_cols": [
    "ctx_cat_toothbrush",
    "ctx_cat_grid",
    "ctx_cat_capsule",
    "ctx_cat_hazelnut",
    "ctx_cat_carpet",
    "ctx_cat_cable",
    "ctx_cat_leather",
    "ctx_cat_pill",
    "ctx_cat_screw",
    "ctx_cat_transistor",
    "ctx_cat_metal_nut",
    "ctx_cat_wood",
    "ctx_cat_tile",
    "ctx_cat_zipper",
    "ctx_cat_bottle",
    "ctx_brightness",
    "ctx_contrast",
    "ctx_blur_risk",
    "ctx_saturation"
  ],
  "state_dict": {
    "b": -1.4746010303497314,
    "w_u_raw": 3.47031307220459,
    "w_ctx": [
      -0.12699218094348907,
      0.7015220522880554,
      -1.5425283908843994,
      -1.1029061079025269,
      0.22923403978347778,
      -1.2937142848968506,
      -3.5639119148254395,
      -0.7536394000053406,
      -2.330653667449951,
      -0.3994781970977783,
      0.8807847499847412,
      8.088065328593075e-08,
      -3.2051150798797607,
      0.14318978786468506,
      -2.9092371463775635,
      2.722782611846924,
      0.49610450863838196,
      -1.5054770708084106,
      -2.4854936599731445
    ],
    "best_loss": 1.9771366119384766
  }
}