policy,category,coverage,risk,wrong_auto_rate,auto_error_rate,defer_rate,n
fixed,breakfast_box,0.5909090909090909,6.318181818181818,0.29545454545454547,0.5,0.40909090909090906,220
fixed,juice_bottle,0.38636363636363635,3.5681818181818183,0.14772727272727273,0.38235294117647056,0.6136363636363636,264
fixed,pushpins,0.6612903225806451,6.870967741935484,0.32661290322580644,0.49390243902439024,0.33870967741935487,248
fixed,screw_bag,0.8901098901098901,11.025641025641024,0.5457875457875457,0.6131687242798354,0.10989010989010994,273
fixed,splicing_connectors,0.5983935742971888,6.184738955823293,0.2891566265060241,0.48322147651006714,0.40160642570281124,249
