policy,category,coverage,risk,wrong_auto_rate,auto_error_rate,defer_rate,n
uaat_monotone,breakfast_box,0.4090909090909091,4.409090909090909,0.19090909090909092,0.4666666666666667,0.5909090909090908,220
uaat_monotone,juice_bottle,0.3560606060606061,3.446969696969697,0.14015151515151514,0.39361702127659576,0.6439393939393939,264
uaat_monotone,pushpins,0.3346774193548387,3.649193548387097,0.14919354838709678,0.4457831325301205,0.6653225806451613,248
uaat_monotone,screw_bag,0.6263736263736264,7.626373626373626,0.3626373626373626,0.5789473684210527,0.37362637362637363,273
uaat_monotone,splicing_connectors,0.3453815261044177,3.2248995983935744,0.1285140562248996,0.37209302325581395,0.6546184738955823,249
