{
  "name": "monotone_policy_net",
  "context_cols": [
    "ctx_cat_splicing_connectors",
    "ctx_cat_screw_bag",
    "ctx_cat_pushpins",
    "ctx_cat_breakfast_box",
    "ctx_cat_juice_bottle",
    "ctx_brightness",
    "ctx_contrast",
    "ctx_blur_risk",
    "ctx_saturation"
  ],
  "state_dict": {
    "b": -0.9128747582435608,
    "w_u_raw": 5.317436695098877,
    "w_ctx": [
      0.2705257833003998,
      -0.5886179804801941,
      -0.12468170374631882,
      -0.10834509134292603,
      -2.1405553817749023,
      -2.8363535404205322,
      -3.166996717453003,
      -0.9933900833129883,
      1.99386465549469
    ],
    "best_loss": 4.607628345489502
  }
}