policy,category,coverage,risk,wrong_auto_rate,auto_error_rate,defer_rate,n
uaat_monotone,breakfast_box,0.1,1.309090909090909,0.04090909090909091,0.4090909090909091,0.9,220
uaat_monotone,juice_bottle,0.2196969696969697,1.3106060606060606,0.05303030303030303,0.2413793103448276,0.7803030303030303,264
uaat_monotone,pushpins,0.2540322580645161,1.8346774193548385,0.10887096774193548,0.42857142857142855,0.7459677419354839,248
uaat_monotone,screw_bag,0.304029304029304,2.2344322344322345,0.15384615384615385,0.5060240963855421,0.6959706959706959,273
uaat_monotone,splicing_connectors,0.3614457831325301,2.044176706827309,0.14056224899598393,0.3888888888888889,0.6385542168674698,249
