policy,category,coverage,risk,wrong_auto_rate,auto_error_rate,defer_rate,n
fixed,breakfast_box,0.35909090909090907,2.05,0.1409090909090909,0.3924050632911392,0.6409090909090909,220
fixed,juice_bottle,0.25757575757575757,1.4242424242424243,0.06818181818181818,0.2647058823529412,0.7424242424242424,264
fixed,pushpins,0.4838709677419355,2.814516129032258,0.22983870967741934,0.475,0.5161290322580645,248
fixed,screw_bag,0.6263736263736264,4.073260073260073,0.36996336996337,0.5906432748538012,0.37362637362637363,273
fixed,splicing_connectors,0.4497991967871486,2.5180722891566267,0.19678714859437751,0.4375,0.5502008032128514,249
