{
  "name": "uncertainty_grid",
  "alpha": 0.0,
  "theta": 0.3837003781657424,
  "calib_risk": 2.5222929936305736,
  "calib_coverage": 0.42038216560509556
}