policy,wilds_split,coverage,risk,wrong_auto_rate,auto_error_rate,defer_rate,n
uaat_monotone,test,0.3586969222500058,0.740856722207941,0.019910728891589353,0.055508502182552606,0.6413030777499942,42791
