{
  "name": "uncertainty_grid",
  "alpha": 0.0,
  "theta": 0.9840655988454818,
  "calib_risk": 0.6331692644243915,
  "calib_coverage": 0.4700574241181296
}