policy,wilds_split,coverage,risk,wrong_auto_rate,auto_error_rate,defer_rate,n
fixed,test,0.31008857002640744,0.737818700193966,0.009581454044074688,0.0308990881000829,0.6899114299735926,42791
