policy,coverage,risk,wrong_auto_rate,auto_error_rate,defer_rate,n
fixed,0.31008857002640744,0.737818700193966,0.009581454044074688,0.0308990881000829,0.6899114299735926,42791
uncertainty_grid,0.31008857002640744,0.737818700193966,0.009581454044074688,0.0308990881000829,0.6899114299735926,42791
uaat_monotone,0.3555420532354934,0.7388703231988035,0.018882475286859386,0.05310897857236756,0.6444579467645066,42791
