{
  "name": "uncertainty_grid",
  "alpha": 0.0,
  "theta": 0.9861499714851378,
  "calib_risk": 0.6364506426032268,
  "calib_coverage": 0.45993984140005467
}