{
  "name": "uncertainty_grid",
  "alpha": 0.0,
  "theta": 0.1778402422381585,
  "calib_risk": 2.965217391304348,
  "calib_coverage": 0.46956521739130436
}