policy,wilds_split,coverage,risk,wrong_auto_rate,auto_error_rate,defer_rate,n
uaat_monotone,test,0.8000046738800215,1.5360239302657102,0.26720572082914634,0.33400519966114567,0.1999953261199785,42791
