{
  "name": "uncertainty_grid",
  "alpha": 0.0,
  "theta": 0.11814596777034965,
  "calib_risk": 2.1783439490445864,
  "calib_coverage": 0.7006369426751592
}