{
  "name": "monotone_policy_net",
  "context_cols": [
    "ctx_severity",
    "ctx_corr_motion_blur",
    "ctx_corr_shot_noise",
    "ctx_corr_elastic_transform",
    "ctx_corr_contrast",
    "ctx_corr_zoom_blur",
    "ctx_corr_saturate",
    "ctx_corr_glass_blur",
    "ctx_corr_impulse_noise",
    "ctx_corr_brightness",
    "ctx_corr_frost",
    "ctx_corr_gaussian_blur",
    "ctx_corr_speckle_noise",
    "ctx_corr_snow",
    "ctx_corr_fog",
    "ctx_corr_pixelate",
    "ctx_corr_spatter",
    "ctx_corr_jpeg_compression",
    "ctx_corr_gaussian_noise",
    "ctx_corr_defocus_blur",
    "ctx_brightness",
    "ctx_contrast",
    "ctx_blur_risk",
    "ctx_saturation"
  ],
  "state_dict": {
    "b": 1.0134438276290894,
    "w_u_raw": 1.6233465671539307,
    "w_ctx": [
      1.7198656797409058,
      0.7670319080352783,
      2.0159847736358643,
      -0.2570542097091675,
      0.3258759081363678,
      0.5405694246292114,
      -0.7476218938827515,
      2.485240936279297,
      1.902053952217102,
      -1.1591668128967285,
      0.7949636578559875,
      0.694944441318512,
      1.5857552289962769,
      0.4252612590789795,
      -0.10623378306627274,
      0.9047971963882446,
      -0.07828439027070999,
      0.33411529660224915,
      2.8092331886291504,
      -0.009230413474142551,
      0.8931718468666077,
      0.9075835347175598,
      0.9478362202644348,
      0.8182764053344727
    ],
    "best_loss": 0.6956331133842468
  }
}