{
  "name": "uncertainty_grid",
  "alpha": 1.675,
  "theta": 0.9671278467960656,
  "calib_risk": 0.6442894736842105,
  "calib_coverage": 0.45
}