{
  "name": "uncertainty_grid",
  "alpha": 0.42500000000000004,
  "theta": 0.38205541211366645,
  "calib_risk": 1.0921578947368422,
  "calib_coverage": 0.88
}