{
  "name": "monotone_policy_net",
  "context_cols": [
    "ctx_severity",
    "ctx_corr_gaussian_noise",
    "ctx_corr_pixelate",
    "ctx_corr_frost",
    "ctx_corr_fog",
    "ctx_corr_brightness",
    "ctx_corr_glass_blur",
    "ctx_corr_gaussian_blur",
    "ctx_corr_snow",
    "ctx_corr_contrast",
    "ctx_corr_impulse_noise",
    "ctx_corr_zoom_blur",
    "ctx_corr_elastic_transform",
    "ctx_corr_saturate",
    "ctx_corr_defocus_blur",
    "ctx_corr_jpeg_compression",
    "ctx_corr_motion_blur",
    "ctx_corr_shot_noise",
    "ctx_corr_spatter",
    "ctx_corr_speckle_noise",
    "ctx_brightness",
    "ctx_contrast",
    "ctx_blur_risk",
    "ctx_saturation"
  ],
  "state_dict": {
    "b": -0.4886226952075958,
    "w_u_raw": 0.584507167339325,
    "w_ctx": [
      3.256662368774414,
      2.336536169052124,
      -0.2264619618654251,
      -1.1322895288467407,
      -1.7379587888717651,
      -2.0605719089508057,
      0.7032657265663147,
      0.6302141547203064,
      -1.7459272146224976,
      0.18351183831691742,
      0.9022948741912842,
      -0.6406281590461731,
      -2.3716371059417725,
      -1.586490511894226,
      -0.8113169074058533,
      -1.4810696840286255,
      -0.9611311554908752,
      1.0707489252090454,
      -2.9507222175598145,
      0.7453745603561401,
      -0.15154491364955902,
      -0.2524811327457428,
      -1.3690317869186401,
      -1.3885289430618286
    ],
    "best_loss": 0.9981387853622437
  }
}