policy,wilds_split,coverage,risk,wrong_auto_rate,auto_error_rate,defer_rate,n
fixed,test,0.724755205533874,1.5613797293823468,0.25722698698324414,0.3549156805210718,0.27524479446612604,42791
