policy,wilds_split,coverage,risk,wrong_auto_rate,auto_error_rate,defer_rate,n
uaat_monotone,test,0.6547872216120212,1.3579257320464584,0.20254259073169592,0.3093258146257896,0.3452127783879788,42791
