policy,wilds_split,coverage,risk,wrong_auto_rate,auto_error_rate,defer_rate,n
uncertainty_grid,test,0.706550442850132,1.5010633077048912,0.24152275011100466,0.34183369716213535,0.293449557149868,42791
