{
  "name": "uncertainty_grid",
  "alpha": 1.4500000000000002,
  "theta": 0.08531086516380305,
  "calib_risk": 1.1454744325950232,
  "calib_coverage": 0.8799562482909489
}