policy,category,coverage,risk,wrong_auto_rate,auto_error_rate,defer_rate,n
uncertainty_grid,breakfast_box,0.33181818181818185,2.0318181818181817,0.13636363636363635,0.410958904109589,0.6681818181818182,220
uncertainty_grid,juice_bottle,0.25,1.393939393939394,0.06439393939393939,0.25757575757575757,0.75,264
uncertainty_grid,pushpins,0.4274193548387097,2.669354838709677,0.20967741935483872,0.49056603773584906,0.5725806451612903,248
uncertainty_grid,screw_bag,0.5970695970695971,3.7728937728937733,0.336996336996337,0.5644171779141104,0.40293040293040294,273
uncertainty_grid,splicing_connectors,0.42971887550200805,2.497991967871486,0.1927710843373494,0.4485981308411215,0.570281124497992,249
