policy,coverage,risk,wrong_auto_rate,auto_error_rate,defer_rate,n
uaat_monotone,0.2783094098883573,1.822169059011164,0.11004784688995216,0.3954154727793696,0.7216905901116427,1254
fixed,0.41068580542264754,2.4952153110047846,0.19059011164274323,0.4640776699029126,0.5893141945773525,1254
uncertainty_grid,0.41068580542264754,2.4952153110047846,0.19059011164274323,0.4640776699029126,0.5893141945773525,1254
