{
  "name": "uncertainty_grid",
  "alpha": 0.0,
  "theta": 0.4014496389025041,
  "calib_risk": 2.6305732484076434,
  "calib_coverage": 0.4394904458598726
}