policy,coverage,risk,wrong_auto_rate,auto_error_rate,defer_rate,n
uaat_monotone,0.7476236842105263,0.8008302631578949,0.10969078947368421,0.14671925433918698,0.2523763157894737,760000
fixed,0.7805947368421052,0.9001618421052632,0.13615131578947368,0.1744199766709594,0.21940526315789477,760000
uncertainty_grid,0.7805947368421052,0.9001618421052632,0.13615131578947368,0.1744199766709594,0.21940526315789477,760000
