{
  "name": "monotone_policy_net",
  "context_cols": [
    "ctx_severity",
    "ctx_corr_motion_blur",
    "ctx_corr_shot_noise",
    "ctx_corr_elastic_transform",
    "ctx_corr_contrast",
    "ctx_corr_zoom_blur",
    "ctx_corr_saturate",
    "ctx_corr_glass_blur",
    "ctx_corr_impulse_noise",
    "ctx_corr_brightness",
    "ctx_corr_frost",
    "ctx_corr_gaussian_blur",
    "ctx_corr_speckle_noise",
    "ctx_corr_snow",
    "ctx_corr_fog",
    "ctx_corr_pixelate",
    "ctx_corr_spatter",
    "ctx_corr_jpeg_compression",
    "ctx_corr_gaussian_noise",
    "ctx_corr_defocus_blur",
    "ctx_brightness",
    "ctx_contrast",
    "ctx_blur_risk",
    "ctx_saturation"
  ],
  "state_dict": {
    "b": 0.08280821889638901,
    "w_u_raw": 0.8208440542221069,
    "w_ctx": [
      2.54935622215271,
      -0.782525360584259,
      1.2137837409973145,
      -1.780240535736084,
      -0.10021346062421799,
      -0.3970519006252289,
      -1.4986873865127563,
      0.8969292640686035,
      1.036661982536316,
      -2.5243215560913086,
      -0.25121447443962097,
      0.1833156794309616,
      0.6259710788726807,
      -0.8181930780410767,
      -1.333875060081482,
      0.15726670622825623,
      -1.369524359703064,
      -1.269486427307129,
      2.1604487895965576,
      -0.3920711576938629,
      -0.14942513406276703,
      -0.12013093382120132,
      -0.2063310295343399,
      -1.0444046258926392
    ],
    "best_loss": 0.8220675587654114
  }
}