{
  "name": "uncertainty_grid",
  "alpha": 0.0,
  "theta": 0.7624595022201538,
  "calib_risk": 0.8985526315789474,
  "calib_coverage": 0.78
}