{
  "name": "uncertainty_grid",
  "alpha": 1.3250000000000002,
  "theta": 0.5089802435934548,
  "calib_risk": 0.8022631578947369,
  "calib_coverage": 0.72
}