{
  "name": "monotone_policy_net",
  "context_cols": [
    "ctx_severity",
    "ctx_corr_motion_blur",
    "ctx_corr_shot_noise",
    "ctx_corr_elastic_transform",
    "ctx_corr_contrast",
    "ctx_corr_zoom_blur",
    "ctx_corr_saturate",
    "ctx_corr_glass_blur",
    "ctx_corr_impulse_noise",
    "ctx_corr_brightness",
    "ctx_corr_frost",
    "ctx_corr_gaussian_blur",
    "ctx_corr_speckle_noise",
    "ctx_corr_snow",
    "ctx_corr_fog",
    "ctx_corr_pixelate",
    "ctx_corr_spatter",
    "ctx_corr_jpeg_compression",
    "ctx_corr_gaussian_noise",
    "ctx_corr_defocus_blur",
    "ctx_brightness",
    "ctx_contrast",
    "ctx_blur_risk",
    "ctx_saturation"
  ],
  "state_dict": {
    "b": 0.2226509004831314,
    "w_u_raw": 1.4546079635620117,
    "w_ctx": [
      2.311206340789795,
      -0.4999291002750397,
      1.1939775943756104,
      -1.0179935693740845,
      0.11051759868860245,
      -0.4545731842517853,
      -1.0840296745300293,
      1.0481077432632446,
      1.0613377094268799,
      -1.1736654043197632,
      -0.27238166332244873,
      0.24430924654006958,
      0.49443548917770386,
      -0.5765830278396606,
      -1.009590983390808,
      0.13411186635494232,
      -1.216478943824768,
      -1.0937389135360718,
      2.0998387336730957,
      -0.29610249400138855,
      0.046554360538721085,
      0.16906411945819855,
      0.011071817949414253,
      -0.3528144061565399
    ],
    "best_loss": 0.7442924380302429
  }
}