{
  "name": "monotone_policy_net",
  "context_cols": [
    "ctx_severity",
    "ctx_corr_gaussian_noise",
    "ctx_corr_pixelate",
    "ctx_corr_frost",
    "ctx_corr_fog",
    "ctx_corr_brightness",
    "ctx_corr_glass_blur",
    "ctx_corr_gaussian_blur",
    "ctx_corr_snow",
    "ctx_corr_contrast",
    "ctx_corr_impulse_noise",
    "ctx_corr_zoom_blur",
    "ctx_corr_elastic_transform",
    "ctx_corr_saturate",
    "ctx_corr_defocus_blur",
    "ctx_corr_jpeg_compression",
    "ctx_corr_motion_blur",
    "ctx_corr_shot_noise",
    "ctx_corr_spatter",
    "ctx_corr_speckle_noise",
    "ctx_brightness",
    "ctx_contrast",
    "ctx_blur_risk",
    "ctx_saturation"
  ],
  "state_dict": {
    "b": 0.9194996356964111,
    "w_u_raw": 1.806995153427124,
    "w_ctx": [
      1.7280057668685913,
      2.8670191764831543,
      0.6191063523292542,
      0.5899541974067688,
      -0.22446759045124054,
      -1.0325971841812134,
      2.6283411979675293,
      0.5720701217651367,
      0.22040487825870514,
      0.3807489275932312,
      1.5588518381118774,
      0.4159278869628906,
      -0.29050520062446594,
      -0.7145361304283142,
      -0.1039896160364151,
      0.11133907735347748,
      0.5157306790351868,
      1.885651707649231,
      -0.12749290466308594,
      1.464922547340393,
      0.7532225847244263,
      0.7515634894371033,
      0.8705661296844482,
      0.6284248232841492
    ],
    "best_loss": 0.6779714226722717
  }
}