{
  "name": "uncertainty_grid",
  "alpha": 2.6,
  "theta": 0.9200852085538209,
  "calib_risk": 0.6394736842105263,
  "calib_coverage": 0.49
}