policy,coverage,risk,wrong_auto_rate,auto_error_rate,defer_rate,n
uaat_monotone,0.6619447368421053,0.6887592105263157,0.07014078947368421,0.10596169977617785,0.3380552631578947,760000
uncertainty_grid,0.6713421052631579,0.7421973684210527,0.0827078947368421,0.1231978362275097,0.32865789473684215,760000
fixed,0.6712315789473684,0.7428934210526316,0.082825,0.12339258550661,0.3287684210526316,760000
