{
  "name": "monotone_policy_net",
  "context_cols": [
    "ctx_severity",
    "ctx_corr_gaussian_noise",
    "ctx_corr_pixelate",
    "ctx_corr_frost",
    "ctx_corr_fog",
    "ctx_corr_brightness",
    "ctx_corr_glass_blur",
    "ctx_corr_gaussian_blur",
    "ctx_corr_snow",
    "ctx_corr_contrast",
    "ctx_corr_impulse_noise",
    "ctx_corr_zoom_blur",
    "ctx_corr_elastic_transform",
    "ctx_corr_saturate",
    "ctx_corr_defocus_blur",
    "ctx_corr_jpeg_compression",
    "ctx_corr_motion_blur",
    "ctx_corr_shot_noise",
    "ctx_corr_spatter",
    "ctx_corr_speckle_noise",
    "ctx_brightness",
    "ctx_contrast",
    "ctx_blur_risk",
    "ctx_saturation"
  ],
  "state_dict": {
    "b": 0.40301650762557983,
    "w_u_raw": 1.8315951824188232,
    "w_ctx": [
      2.082493782043457,
      2.115983009338379,
      0.2603527009487152,
      -0.03394376486539841,
      -0.49021023511886597,
      -1.6811647415161133,
      1.4384448528289795,
      0.5876834392547607,
      -0.4687166213989258,
      0.3464243710041046,
      1.1075190305709839,
      -0.1563202142715454,
      -1.0085755586624146,
      -0.9407321214675903,
      -0.38291361927986145,
      -0.753110408782959,
      -0.07708103954792023,
      1.244027018547058,
      -0.9816917777061462,
      0.9117985963821411,
      0.21056225895881653,
      0.3216976225376129,
      0.1388690173625946,
      -0.2118801474571228
    ],
    "best_loss": 0.6975124478340149
  }
}