{
  "name": "uncertainty_grid",
  "alpha": 2.9000000000000004,
  "theta": 0.39229345908761004,
  "calib_risk": 0.7426315789473683,
  "calib_coverage": 0.67
}