{
  "name": "monotone_policy_net",
  "context_cols": [
    "ctx_cat_grid",
    "ctx_cat_metal_nut",
    "ctx_cat_hazelnut",
    "ctx_cat_pill",
    "ctx_cat_screw",
    "ctx_cat_toothbrush",
    "ctx_cat_capsule",
    "ctx_cat_wood",
    "ctx_cat_transistor",
    "ctx_cat_cable",
    "ctx_cat_tile",
    "ctx_cat_bottle",
    "ctx_cat_zipper",
    "ctx_cat_leather",
    "ctx_cat_carpet",
    "ctx_brightness",
    "ctx_contrast",
    "ctx_blur_risk",
    "ctx_saturation"
  ],
  "state_dict": {
    "b": -1.161644697189331,
    "w_u_raw": 3.911871910095215,
    "w_ctx": [
      0.11359220743179321,
      -0.8803408741950989,
      -1.2095072269439697,
      0.10338524729013443,
      -1.5037251710891724,
      0.8670705556869507,
      -1.4709665775299072,
      -1.8815339803695679,
      -1.68980872631073,
      0.037020884454250336,
      -2.824606418609619,
      -0.9885361790657043,
      0.22956252098083496,
      -0.2804452180862427,
      -1.6966495513916016,
      0.9205833673477173,
      -0.6000543236732483,
      -1.4021624326705933,
      -4.019909858703613
    ],
    "best_loss": 1.953364610671997
  }
}