{
  "name": "monotone_policy_net",
  "context_cols": [
    "ctx_severity",
    "ctx_corr_motion_blur",
    "ctx_corr_shot_noise",
    "ctx_corr_elastic_transform",
    "ctx_corr_contrast",
    "ctx_corr_zoom_blur",
    "ctx_corr_saturate",
    "ctx_corr_glass_blur",
    "ctx_corr_impulse_noise",
    "ctx_corr_brightness",
    "ctx_corr_frost",
    "ctx_corr_gaussian_blur",
    "ctx_corr_speckle_noise",
    "ctx_corr_snow",
    "ctx_corr_fog",
    "ctx_corr_pixelate",
    "ctx_corr_spatter",
    "ctx_corr_jpeg_compression",
    "ctx_corr_gaussian_noise",
    "ctx_corr_defocus_blur",
    "ctx_brightness",
    "ctx_contrast",
    "ctx_blur_risk",
    "ctx_saturation"
  ],
  "state_dict": {
    "b": -0.690588653087616,
    "w_u_raw": 0.8056648969650269,
    "w_ctx": [
      3.331897020339966,
      -1.310418963432312,
      1.0626294612884521,
      -2.3482918739318848,
      -0.3850804269313812,
      -0.6506639122962952,
      -2.186293840408325,
      0.6978363394737244,
      0.9209758043289185,
      -2.171283006668091,
      -0.9247773289680481,
      0.6851608753204346,
      0.717165470123291,
      -1.7653422355651855,
      -2.1090078353881836,
      0.016321677714586258,
      -2.4492764472961426,
      -1.6285773515701294,
      2.169628143310547,
      -1.3340513706207275,
      0.11207469552755356,
      -0.3334825336933136,
      -1.333959698677063,
      -1.980777621269226
    ],
    "best_loss": 1.0153692960739136
  }
}