{
  "name": "uncertainty_grid",
  "alpha": 0.07500000000000001,
  "theta": 0.5459373461157083,
  "calib_risk": 1.1125526315789473,
  "calib_coverage": 0.89
}