policy,coverage,risk,wrong_auto_rate,auto_error_rate,defer_rate,n
uaat_monotone,0.5014492753623189,3.092753623188406,0.2594202898550725,0.5173410404624278,0.49855072463768113,1380
fixed,0.6847826086956522,4.619565217391305,0.43043478260869567,0.6285714285714286,0.3152173913043478,1380
uncertainty_grid,0.6847826086956522,4.619565217391305,0.43043478260869567,0.6285714285714286,0.3152173913043478,1380
