{
  "name": "monotone_policy_net",
  "context_cols": [
    "ctx_cat_hazelnut",
    "ctx_cat_bottle",
    "ctx_cat_toothbrush",
    "ctx_cat_pill",
    "ctx_cat_carpet",
    "ctx_cat_wood",
    "ctx_cat_grid",
    "ctx_cat_capsule",
    "ctx_cat_metal_nut",
    "ctx_cat_tile",
    "ctx_cat_transistor",
    "ctx_cat_leather",
    "ctx_cat_cable",
    "ctx_cat_screw",
    "ctx_cat_zipper",
    "ctx_brightness",
    "ctx_contrast",
    "ctx_blur_risk",
    "ctx_saturation"
  ],
  "state_dict": {
    "b": -0.8696280121803284,
    "w_u_raw": 0.5460805892944336,
    "w_ctx": [
      -1.1274840831756592,
      -0.6864566802978516,
      -0.10224492102861404,
      -0.06538698822259903,
      -0.09905941039323807,
      -2.9397823810577393,
      -3.417308807373047,
      0.6767752766609192,
      -0.3041328191757202,
      -0.944794237613678,
      -0.07934149354696274,
      -1.8297404050827026,
      -1.0924376249313354,
      -0.4389752149581909,
      0.03826320543885231,
      -0.5625844597816467,
      -0.31136080622673035,
      -0.8540729284286499,
      -1.397310733795166
    ],
    "best_loss": 3.5633914470672607
  }
}