{
  "name": "uncertainty_grid",
  "alpha": 0.0,
  "theta": 0.02619487880433769,
  "calib_risk": 4.42608695652174,
  "calib_coverage": 0.6608695652173913
}