policy,coverage,risk,wrong_auto_rate,auto_error_rate,defer_rate,n
uaat_monotone,0.7129921052631579,0.7508434210526316,0.0927671052631579,0.13010958267051012,0.2870078947368421,760000
fixed,0.7402421052631579,0.8355802631578947,0.11516447368421052,0.1555767672027644,0.2597578947368421,760000
uncertainty_grid,0.7402421052631579,0.8355802631578947,0.11516447368421052,0.1555767672027644,0.2597578947368421,760000
