{
  "name": "uncertainty_grid",
  "alpha": 0.0,
  "theta": 0.8207880771160126,
  "calib_risk": 0.8328157894736842,
  "calib_coverage": 0.74
}