{
  "name": "monotone_policy_net",
  "context_cols": [
    "ctx_severity",
    "ctx_corr_motion_blur",
    "ctx_corr_shot_noise",
    "ctx_corr_elastic_transform",
    "ctx_corr_contrast",
    "ctx_corr_zoom_blur",
    "ctx_corr_saturate",
    "ctx_corr_glass_blur",
    "ctx_corr_impulse_noise",
    "ctx_corr_brightness",
    "ctx_corr_frost",
    "ctx_corr_gaussian_blur",
    "ctx_corr_speckle_noise",
    "ctx_corr_snow",
    "ctx_corr_fog",
    "ctx_corr_pixelate",
    "ctx_corr_spatter",
    "ctx_corr_jpeg_compression",
    "ctx_corr_gaussian_noise",
    "ctx_corr_defocus_blur",
    "ctx_brightness",
    "ctx_contrast",
    "ctx_blur_risk",
    "ctx_saturation"
  ],
  "state_dict": {
    "b": 0.16631363332271576,
    "w_u_raw": 1.3541617393493652,
    "w_ctx": [
      2.35866117477417,
      -0.5623749494552612,
      1.1803003549575806,
      -1.1123707294464111,
      0.02117525413632393,
      -0.43656861782073975,
      -1.3940281867980957,
      0.9221037030220032,
      1.03859543800354,
      -1.1174821853637695,
      -0.36876821517944336,
      0.2026311159133911,
      0.48926499485969543,
      -0.6308600902557373,
      -0.9905860424041748,
      0.13905607163906097,
      -1.2110859155654907,
      -1.120107650756836,
      2.100597381591797,
      -0.6386895179748535,
      0.034715261310338974,
      0.1103091910481453,
      -0.0461074560880661,
      -0.7184937000274658
    ],
    "best_loss": 0.7680448889732361
  }
}