{
  "name": "uncertainty_grid",
  "alpha": 0.0,
  "theta": 0.7494483661651611,
  "calib_risk": 0.9126052631578947,
  "calib_coverage": 0.79
}