{
  "name": "monotone_policy_net",
  "context_cols": [
    "ctx_severity",
    "ctx_corr_fog",
    "ctx_corr_impulse_noise",
    "ctx_corr_snow",
    "ctx_corr_elastic_transform",
    "ctx_corr_zoom_blur",
    "ctx_corr_frost",
    "ctx_corr_contrast",
    "ctx_corr_pixelate",
    "ctx_corr_defocus_blur",
    "ctx_corr_saturate",
    "ctx_corr_motion_blur",
    "ctx_corr_gaussian_blur",
    "ctx_corr_speckle_noise",
    "ctx_corr_gaussian_noise",
    "ctx_corr_jpeg_compression",
    "ctx_corr_spatter",
    "ctx_corr_brightness",
    "ctx_corr_glass_blur",
    "ctx_corr_shot_noise",
    "ctx_brightness",
    "ctx_contrast",
    "ctx_blur_risk",
    "ctx_saturation"
  ],
  "state_dict": {
    "b": 0.03052396886050701,
    "w_u_raw": 0.897498607635498,
    "w_ctx": [
      2.6459078788757324,
      -1.5121538639068604,
      1.0124155282974243,
      -0.8180011510848999,
      -1.6931837797164917,
      -0.5252093076705933,
      -0.5588772296905518,
      -0.2672753632068634,
      0.10283337533473969,
      -0.808559238910675,
      -1.969452142715454,
      -0.602626383304596,
      0.2621479332447052,
      0.6662471294403076,
      2.120004892349243,
      -0.8264676332473755,
      -1.5857678651809692,
      -1.4246598482131958,
      0.9735047817230225,
      0.7699454426765442,
      -0.1865861862897873,
      -0.1791878342628479,
      -0.25789573788642883,
      -1.0874589681625366
    ],
    "best_loss": 0.8374338746070862
  }
}