{
  "name": "uncertainty_grid",
  "alpha": 0.0,
  "theta": 0.004534069631999997,
  "calib_risk": 5.533333333333333,
  "calib_coverage": 0.8
}