{
  "name": "uncertainty_grid",
  "alpha": 0.8500000000000001,
  "theta": 0.6734653095901013,
  "calib_risk": 0.48208914410719167,
  "calib_coverage": 0.700027344818157
}