policy,wilds_split,coverage,risk,wrong_auto_rate,auto_error_rate,defer_rate,n
fixed,test,0.8662802925848894,1.7194503517094715,0.31714612885887217,0.3661010547897165,0.13371970741511063,42791
