policy,wilds_split,coverage,risk,wrong_auto_rate,auto_error_rate,defer_rate,n
uaat_monotone,test,0.7424692108153583,1.4345306255988408,0.23539996728283985,0.317050140064839,0.2575307891846417,42791
