{
  "name": "uncertainty_grid",
  "alpha": 0.75,
  "theta": 0.0859991857409476,
  "calib_risk": 1.0077932731747334,
  "calib_coverage": 0.9198796828001093
}