{
  "name": "monotone_policy_net",
  "context_cols": [
    "ctx_severity",
    "ctx_corr_motion_blur",
    "ctx_corr_shot_noise",
    "ctx_corr_elastic_transform",
    "ctx_corr_contrast",
    "ctx_corr_zoom_blur",
    "ctx_corr_saturate",
    "ctx_corr_glass_blur",
    "ctx_corr_impulse_noise",
    "ctx_corr_brightness",
    "ctx_corr_frost",
    "ctx_corr_gaussian_blur",
    "ctx_corr_speckle_noise",
    "ctx_corr_snow",
    "ctx_corr_fog",
    "ctx_corr_pixelate",
    "ctx_corr_spatter",
    "ctx_corr_jpeg_compression",
    "ctx_corr_gaussian_noise",
    "ctx_corr_defocus_blur",
    "ctx_brightness",
    "ctx_contrast",
    "ctx_blur_risk",
    "ctx_saturation"
  ],
  "state_dict": {
    "b": 0.8568575978279114,
    "w_u_raw": 1.93712317943573,
    "w_ctx": [
      1.7754477262496948,
      0.37691986560821533,
      1.6863985061645508,
      -0.3986031115055084,
      0.2274407595396042,
      0.25530633330345154,
      -0.8011428117752075,
      2.6133053302764893,
      1.5474882125854492,
      -1.135956883430481,
      0.4591551721096039,
      0.5693485140800476,
      1.2143912315368652,
      0.0277793537825346,
      -0.24905619025230408,
      0.6521235704421997,
      -0.27946925163269043,
      -0.11072133481502533,
      2.9836504459381104,
      -0.08213947713375092,
      0.6630165576934814,
      0.6901350617408752,
      0.7787425518035889,
      0.49051159620285034
    ],
    "best_loss": 0.665297269821167
  }
}