{
  "name": "uncertainty_grid",
  "alpha": 1.8,
  "theta": 0.9170628871619702,
  "calib_risk": 0.6412894736842105,
  "calib_coverage": 0.52
}