policy,category,coverage,risk,wrong_auto_rate,auto_error_rate,defer_rate,n
uaat_monotone,breakfast_box,0.4863636363636364,2.786363636363636,0.22727272727272727,0.4672897196261682,0.5136363636363637,220
uaat_monotone,juice_bottle,0.2159090909090909,1.3143939393939394,0.05303030303030303,0.24561403508771928,0.7840909090909091,264
uaat_monotone,pushpins,0.5282258064516129,2.971774193548387,0.25,0.4732824427480916,0.4717741935483871,248
uaat_monotone,screw_bag,0.5934065934065934,3.8864468864468864,0.34798534798534797,0.5864197530864198,0.4065934065934066,273
uaat_monotone,splicing_connectors,0.5100401606425703,2.7389558232931726,0.2248995983935743,0.4409448818897638,0.4899598393574297,249
