policy,category,coverage,risk,wrong_auto_rate,auto_error_rate,defer_rate,n
uncertainty_grid,breakfast_box,0.5045454545454545,2.95,0.24545454545454545,0.4864864864864865,0.4954545454545455,220
uncertainty_grid,juice_bottle,0.3446969696969697,1.8295454545454546,0.11742424242424243,0.34065934065934067,0.6553030303030303,264
uncertainty_grid,pushpins,0.625,3.399193548387097,0.3024193548387097,0.4838709677419355,0.375,248
uncertainty_grid,screw_bag,0.7985347985347986,5.1098901098901095,0.4908424908424908,0.6146788990825688,0.20146520146520142,273
uncertainty_grid,splicing_connectors,0.5542168674698795,3.0160642570281126,0.2570281124497992,0.463768115942029,0.4457831325301205,249
