{
  "name": "uncertainty_grid",
  "alpha": 0.0,
  "theta": 0.2630985815984908,
  "calib_risk": 3.2420382165605095,
  "calib_coverage": 0.5605095541401274
}