{
  "name": "monotone_policy_net",
  "context_cols": [
    "ctx_cat_grid",
    "ctx_cat_metal_nut",
    "ctx_cat_hazelnut",
    "ctx_cat_pill",
    "ctx_cat_screw",
    "ctx_cat_toothbrush",
    "ctx_cat_capsule",
    "ctx_cat_wood",
    "ctx_cat_transistor",
    "ctx_cat_cable",
    "ctx_cat_tile",
    "ctx_cat_bottle",
    "ctx_cat_zipper",
    "ctx_cat_leather",
    "ctx_cat_carpet",
    "ctx_brightness",
    "ctx_contrast",
    "ctx_blur_risk",
    "ctx_saturation"
  ],
  "state_dict": {
    "b": -0.811104416847229,
    "w_u_raw": 1.5439648628234863,
    "w_ctx": [
      0.5860291719436646,
      -0.24376635253429413,
      -0.6091967821121216,
      -0.8139079213142395,
      -0.5628309845924377,
      1.0097970962524414,
      -0.47645601630210876,
      -1.268337607383728,
      -1.038177251815796,
      -0.45193395018577576,
      -1.8169409036636353,
      -1.8114471435546875,
      0.6188527345657349,
      -2.5102932453155518,
      -1.1344910860061646,
      0.2098633199930191,
      -0.6540253758430481,
      -0.8518819808959961,
      -2.021481513977051
    ],
    "best_loss": 2.748953104019165
  }
}