{
  "name": "uncertainty_grid",
  "alpha": 0.0,
  "theta": 0.09881748927627353,
  "calib_risk": 3.521739130434783,
  "calib_coverage": 0.5507246376811594
}