policy,coverage,risk,wrong_auto_rate,auto_error_rate,defer_rate,n
uaat_monotone,0.5427536231884058,3.39927536231884,0.2942028985507246,0.5420560747663551,0.4572463768115942,1380
fixed,0.7913043478260869,5.433333333333334,0.5224637681159421,0.6602564102564102,0.20869565217391306,1380
uncertainty_grid,0.7913043478260869,5.433333333333334,0.5224637681159421,0.6602564102564102,0.20869565217391306,1380
