{
  "name": "monotone_policy_net",
  "context_cols": [
    "ctx_cat_grid",
    "ctx_cat_metal_nut",
    "ctx_cat_hazelnut",
    "ctx_cat_pill",
    "ctx_cat_screw",
    "ctx_cat_toothbrush",
    "ctx_cat_capsule",
    "ctx_cat_wood",
    "ctx_cat_transistor",
    "ctx_cat_cable",
    "ctx_cat_tile",
    "ctx_cat_bottle",
    "ctx_cat_zipper",
    "ctx_cat_leather",
    "ctx_cat_carpet",
    "ctx_brightness",
    "ctx_contrast",
    "ctx_blur_risk",
    "ctx_saturation"
  ],
  "state_dict": {
    "b": -0.9228417277336121,
    "w_u_raw": -0.3635987341403961,
    "w_ctx": [
      -3.2485461235046387,
      0.8333216309547424,
      -0.7092403769493103,
      0.4029967486858368,
      0.03934425115585327,
      0.6751582622528076,
      1.0502598285675049,
      -0.863233208656311,
      0.10980211198329926,
      -1.9320625066757202,
      -2.0193169116973877,
      -0.29194650053977966,
      0.21825054287910461,
      -3.715505361557007,
      -3.2830607891082764,
      -0.8064043521881104,
      -0.44362199306488037,
      -0.8664833307266235,
      -1.5440139770507812
    ],
    "best_loss": 4.524688243865967
  }
}