{
  "name": "monotone_policy_net",
  "context_cols": [
    "ctx_severity",
    "ctx_corr_fog",
    "ctx_corr_impulse_noise",
    "ctx_corr_snow",
    "ctx_corr_elastic_transform",
    "ctx_corr_zoom_blur",
    "ctx_corr_frost",
    "ctx_corr_contrast",
    "ctx_corr_pixelate",
    "ctx_corr_defocus_blur",
    "ctx_corr_saturate",
    "ctx_corr_motion_blur",
    "ctx_corr_gaussian_blur",
    "ctx_corr_speckle_noise",
    "ctx_corr_gaussian_noise",
    "ctx_corr_jpeg_compression",
    "ctx_corr_spatter",
    "ctx_corr_brightness",
    "ctx_corr_glass_blur",
    "ctx_corr_shot_noise",
    "ctx_brightness",
    "ctx_contrast",
    "ctx_blur_risk",
    "ctx_saturation"
  ],
  "state_dict": {
    "b": -0.013116306625306606,
    "w_u_raw": 0.7112517356872559,
    "w_ctx": [
      2.7562923431396484,
      -1.4098597764968872,
      0.8234720230102539,
      -0.6986754536628723,
      -1.8280285596847534,
      -0.4500585198402405,
      -0.4617093503475189,
      -0.1934782713651657,
      0.11320748925209045,
      -0.7311233878135681,
      -1.8953403234481812,
      -0.5032640099525452,
      0.06386978924274445,
      0.6961809992790222,
      2.1274821758270264,
      -1.5333400964736938,
      -1.5435165166854858,
      -1.3728538751602173,
      0.9039814472198486,
      0.7875334024429321,
      -0.27980414032936096,
      -0.16018396615982056,
      -0.305299311876297,
      -1.047926425933838
    ],
    "best_loss": 0.8529709577560425
  }
}