policy,coverage,risk,wrong_auto_rate,auto_error_rate,defer_rate,n
uaat_monotone,0.3681159420289855,2.3202898550724638,0.16884057971014493,0.45866141732283466,0.6318840579710145,1380
fixed,0.4971014492753623,3.1405797101449275,0.263768115942029,0.5306122448979592,0.5028985507246377,1380
uncertainty_grid,0.4971014492753623,3.1405797101449275,0.263768115942029,0.5306122448979592,0.5028985507246377,1380
