{
  "name": "uncertainty_grid",
  "alpha": 0.0,
  "theta": 0.15792476919472576,
  "calib_risk": 2.8405797101449277,
  "calib_coverage": 0.4492753623188406
}