{
  "name": "monotone_policy_net",
  "context_cols": [
    "ctx_cat_hazelnut",
    "ctx_cat_bottle",
    "ctx_cat_toothbrush",
    "ctx_cat_pill",
    "ctx_cat_carpet",
    "ctx_cat_wood",
    "ctx_cat_grid",
    "ctx_cat_capsule",
    "ctx_cat_metal_nut",
    "ctx_cat_tile",
    "ctx_cat_transistor",
    "ctx_cat_leather",
    "ctx_cat_cable",
    "ctx_cat_screw",
    "ctx_cat_zipper",
    "ctx_brightness",
    "ctx_contrast",
    "ctx_blur_risk",
    "ctx_saturation"
  ],
  "state_dict": {
    "b": -1.3940227031707764,
    "w_u_raw": 2.476478338241577,
    "w_ctx": [
      -1.0147063732147217,
      -2.0571725368499756,
      -0.14914846420288086,
      -0.896431028842926,
      -1.1862759590148926,
      2.022832075454506e-11,
      0.6028955578804016,
      -0.948492705821991,
      -1.0813568830490112,
      -2.25653338432312,
      -1.2807533740997314,
      -2.8940742015838623,
      -1.3850334882736206,
      -0.5375385284423828,
      -0.3479636013507843,
      1.8031970262527466,
      -0.7863381505012512,
      -1.3330649137496948,
      1.465244174003601
    ],
    "best_loss": 2.248291254043579
  }
}