{
  "name": "monotone_policy_net",
  "context_cols": [
    "ctx_severity",
    "ctx_corr_gaussian_noise",
    "ctx_corr_pixelate",
    "ctx_corr_frost",
    "ctx_corr_fog",
    "ctx_corr_brightness",
    "ctx_corr_glass_blur",
    "ctx_corr_gaussian_blur",
    "ctx_corr_snow",
    "ctx_corr_contrast",
    "ctx_corr_impulse_noise",
    "ctx_corr_zoom_blur",
    "ctx_corr_elastic_transform",
    "ctx_corr_saturate",
    "ctx_corr_defocus_blur",
    "ctx_corr_jpeg_compression",
    "ctx_corr_motion_blur",
    "ctx_corr_shot_noise",
    "ctx_corr_spatter",
    "ctx_corr_speckle_noise",
    "ctx_brightness",
    "ctx_contrast",
    "ctx_blur_risk",
    "ctx_saturation"
  ],
  "state_dict": {
    "b": 0.05944426357746124,
    "w_u_raw": 1.1400270462036133,
    "w_ctx": [
      2.388432741165161,
      2.1607584953308105,
      -0.19703491032123566,
      -0.41417160630226135,
      -1.8206027746200562,
      -1.7959564924240112,
      0.6564212441444397,
      0.4712545573711395,
      -1.3122957944869995,
      0.09079504013061523,
      1.0962202548980713,
      -0.31403037905693054,
      -1.3803588151931763,
      -1.3530950546264648,
      -0.41665059328079224,
      -1.2341978549957275,
      -0.2892131507396698,
      1.0528082847595215,
      -1.3954561948776245,
      0.4473843276500702,
      -0.006498649716377258,
      0.08409838378429413,
      -0.2542979419231415,
      -1.1302459239959717
    ],
    "best_loss": 0.8236260414123535
  }
}