{
  "name": "uncertainty_grid",
  "alpha": 0.0,
  "theta": 0.7618649744987488,
  "calib_risk": 0.898421052631579,
  "calib_coverage": 0.78
}