policy,category,coverage,risk,wrong_auto_rate,auto_error_rate,defer_rate,n
uncertainty_grid,breakfast_box,0.5545454545454546,3.127272727272727,0.2681818181818182,0.48360655737704916,0.44545454545454544,220
uncertainty_grid,juice_bottle,0.36742424242424243,1.8446969696969697,0.12121212121212122,0.32989690721649484,0.6325757575757576,264
uncertainty_grid,pushpins,0.6330645161290323,3.55241935483871,0.3185483870967742,0.5031847133757962,0.36693548387096775,248
uncertainty_grid,screw_bag,0.8754578754578755,5.509157509157509,0.5384615384615384,0.6150627615062761,0.12454212454212454,273
uncertainty_grid,splicing_connectors,0.5863453815261044,3.184738955823293,0.27710843373493976,0.4726027397260274,0.4136546184738956,249
