policy,coverage,risk,wrong_auto_rate,auto_error_rate,defer_rate,n
uaat_monotone,0.4944178628389155,2.9457735247208934,0.24401913875598086,0.4935483870967742,0.5055821371610845,1254
fixed,0.6068580542264753,3.4712918660287078,0.3078149920255183,0.507227332457293,0.3931419457735247,1254
uncertainty_grid,0.6068580542264753,3.4712918660287078,0.3078149920255183,0.507227332457293,0.3931419457735247,1254
