{
  "name": "uncertainty_grid",
  "alpha": 0.0,
  "theta": 0.22038222721147718,
  "calib_risk": 3.7261146496815285,
  "calib_coverage": 0.6496815286624203
}