policy,category,coverage,risk,wrong_auto_rate,auto_error_rate,defer_rate,n
uaat_monotone,breakfast_box,0.8136363636363636,4.640909090909091,0.44545454545454544,0.547486033519553,0.1863636363636364,220
uaat_monotone,juice_bottle,0.38257575757575757,2.0946969696969697,0.14772727272727273,0.38613861386138615,0.6174242424242424,264
uaat_monotone,pushpins,0.9475806451612904,5.092741935483871,0.5040322580645161,0.5319148936170213,0.05241935483870963,248
uaat_monotone,screw_bag,0.9633699633699634,6.117216117216117,0.608058608058608,0.6311787072243346,0.03663003663003661,273
uaat_monotone,splicing_connectors,0.7831325301204819,4.353413654618474,0.41365461847389556,0.5282051282051282,0.2168674698795181,249
