policy,category,coverage,risk,wrong_auto_rate,auto_error_rate,defer_rate,n
uncertainty_grid,breakfast_box,0.9363636363636364,5.699999999999999,0.5636363636363636,0.6019417475728155,0.0636363636363636,220
uncertainty_grid,juice_bottle,0.7196969696969697,4.636363636363637,0.4356060606060606,0.6052631578947368,0.2803030303030303,264
uncertainty_grid,pushpins,0.9879032258064516,5.455645161290322,0.5443548387096774,0.5510204081632653,0.012096774193548376,248
uncertainty_grid,screw_bag,1.0,6.410256410256411,0.6410256410256411,0.6410256410256411,0.0,273
uncertainty_grid,splicing_connectors,0.9357429718875502,5.6064257028112445,0.5542168674698795,0.592274678111588,0.06425702811244982,249
