policy,wilds_split,coverage,risk,wrong_auto_rate,auto_error_rate,defer_rate,n
uaat_monotone,test,0.5466570073146222,0.7162954826949592,0.13147624500479071,0.24050957592339262,0.4533429926853778,42791
