{
  "name": "uncertainty_grid",
  "alpha": 0.0,
  "theta": 0.8099721431732178,
  "calib_risk": 0.43997812414547444,
  "calib_coverage": 0.700027344818157
}