policy,category,coverage,risk,wrong_auto_rate,auto_error_rate,defer_rate,n
fixed,breakfast_box,0.8045454545454546,4.6045454545454545,0.4409090909090909,0.5480225988700564,0.19545454545454544,220
fixed,juice_bottle,0.5113636363636364,2.7992424242424243,0.23106060606060605,0.45185185185185184,0.48863636363636365,264
fixed,pushpins,0.8629032258064516,4.612903225806451,0.4475806451612903,0.5186915887850467,0.13709677419354838,248
fixed,screw_bag,0.9926739926739927,6.344322344322344,0.6336996336996337,0.6383763837638377,0.0073260073260073,273
fixed,splicing_connectors,0.7911646586345381,4.42570281124498,0.42168674698795183,0.5329949238578681,0.2088353413654619,249
