{
  "name": "uncertainty_grid",
  "alpha": 0.0,
  "theta": 0.0674431007692246,
  "calib_risk": 4.254777070063694,
  "calib_coverage": 0.7579617834394905
}