{
  "name": "monotone_policy_net",
  "context_cols": [
    "ctx_severity",
    "ctx_corr_gaussian_noise",
    "ctx_corr_pixelate",
    "ctx_corr_frost",
    "ctx_corr_fog",
    "ctx_corr_brightness",
    "ctx_corr_glass_blur",
    "ctx_corr_gaussian_blur",
    "ctx_corr_snow",
    "ctx_corr_contrast",
    "ctx_corr_impulse_noise",
    "ctx_corr_zoom_blur",
    "ctx_corr_elastic_transform",
    "ctx_corr_saturate",
    "ctx_corr_defocus_blur",
    "ctx_corr_jpeg_compression",
    "ctx_corr_motion_blur",
    "ctx_corr_shot_noise",
    "ctx_corr_spatter",
    "ctx_corr_speckle_noise",
    "ctx_brightness",
    "ctx_contrast",
    "ctx_blur_risk",
    "ctx_saturation"
  ],
  "state_dict": {
    "b": -0.73562091588974,
    "w_u_raw": -1.1639955043792725,
    "w_ctx": [
      3.109438896179199,
      1.876405954360962,
      -0.024122389033436775,
      -1.19454824924469,
      -2.0632171630859375,
      -1.8353811502456665,
      0.1913648098707199,
      0.21845607459545135,
      -1.735897421836853,
      -0.4111971855163574,
      0.7943530082702637,
      -0.9584909081459045,
      -1.6886425018310547,
      -1.266834020614624,
      -0.8861855268478394,
      -2.076740264892578,
      -1.3443711996078491,
      0.7513037323951721,
      -2.1419429779052734,
      0.5612332224845886,
      0.029965367168188095,
      -0.7900214195251465,
      -1.2319761514663696,
      -1.5286180973052979
    ],
    "best_loss": 0.4996333420276642
  }
}