policy,coverage,risk,wrong_auto_rate,auto_error_rate,defer_rate,n
uaat_monotone,0.6376811594202898,4.144927536231884,0.3782608695652174,0.5931818181818181,0.3623188405797102,1380
fixed,0.9050724637681159,6.435507246376812,0.6340579710144928,0.7005604483586869,0.0949275362318841,1380
uncertainty_grid,0.9050724637681159,6.435507246376812,0.6340579710144928,0.7005604483586869,0.0949275362318841,1380
