{
  "name": "monotone_policy_net",
  "context_cols": [
    "ctx_cat_hazelnut",
    "ctx_cat_bottle",
    "ctx_cat_toothbrush",
    "ctx_cat_pill",
    "ctx_cat_carpet",
    "ctx_cat_wood",
    "ctx_cat_grid",
    "ctx_cat_capsule",
    "ctx_cat_metal_nut",
    "ctx_cat_tile",
    "ctx_cat_transistor",
    "ctx_cat_leather",
    "ctx_cat_cable",
    "ctx_cat_screw",
    "ctx_cat_zipper",
    "ctx_brightness",
    "ctx_contrast",
    "ctx_blur_risk",
    "ctx_saturation"
  ],
  "state_dict": {
    "b": -1.03800368309021,
    "w_u_raw": -0.6077307462692261,
    "w_ctx": [
      -0.6492167115211487,
      -2.458538055419922,
      0.43056520819664,
      0.734085738658905,
      -3.8095295429229736,
      -4.386336326599121,
      -2.619617462158203,
      1.5447471141815186,
      0.03023342415690422,
      -0.2636730372905731,
      -0.20658864080905914,
      -3.3621177673339844,
      -0.5767560005187988,
      0.12141580134630203,
      -2.3711612224578857,
      -0.9562696218490601,
      -0.8588685989379883,
      -0.9729522466659546,
      -1.3894798755645752
    ],
    "best_loss": 5.212634563446045
  }
}