{
  "name": "uncertainty_grid",
  "alpha": 0.0,
  "theta": 4.7688845221754973e-05,
  "calib_risk": 6.130434782608695,
  "calib_coverage": 0.8695652173913043
}