policy,coverage,risk,wrong_auto_rate,auto_error_rate,defer_rate,n
uaat_monotone,0.518341307814992,2.993620414673046,0.2511961722488038,0.4846153846153846,0.481658692185008,1254
fixed,0.6594896331738437,3.777511961722488,0.3437001594896332,0.5211608222490931,0.3405103668261563,1254
uncertainty_grid,0.6594896331738437,3.777511961722488,0.3437001594896332,0.5211608222490931,0.3405103668261563,1254
