{
  "name": "uncertainty_grid",
  "alpha": 0.0,
  "theta": 0.18484961060622154,
  "calib_risk": 3.7038216560509554,
  "calib_coverage": 0.6401273885350318
}