policy,category,coverage,risk,wrong_auto_rate,auto_error_rate,defer_rate,n
fixed,breakfast_box,0.6818181818181818,3.909090909090909,0.35909090909090907,0.5266666666666666,0.31818181818181823,220
fixed,juice_bottle,0.4128787878787879,2.0265151515151514,0.14393939393939395,0.3486238532110092,0.5871212121212122,264
fixed,pushpins,0.75,4.080645161290322,0.38306451612903225,0.510752688172043,0.25,248
fixed,screw_bag,0.9523809523809523,6.018315018315018,0.5970695970695971,0.6269230769230769,0.04761904761904767,273
fixed,splicing_connectors,0.6907630522088354,3.7228915662650603,0.3413654618473896,0.4941860465116279,0.3092369477911646,249
