{
  "name": "uncertainty_grid",
  "alpha": 0.0,
  "theta": 0.13760302292024768,
  "calib_risk": 4.261146496815287,
  "calib_coverage": 0.7197452229299363
}