{
  "name": "uncertainty_grid",
  "alpha": 0.0,
  "theta": 0.7636531066894531,
  "calib_risk": 0.8957105263157894,
  "calib_coverage": 0.78
}