{
  "name": "monotone_policy_net",
  "context_cols": [
    "ctx_severity",
    "ctx_corr_fog",
    "ctx_corr_impulse_noise",
    "ctx_corr_snow",
    "ctx_corr_elastic_transform",
    "ctx_corr_zoom_blur",
    "ctx_corr_frost",
    "ctx_corr_contrast",
    "ctx_corr_pixelate",
    "ctx_corr_defocus_blur",
    "ctx_corr_saturate",
    "ctx_corr_motion_blur",
    "ctx_corr_gaussian_blur",
    "ctx_corr_speckle_noise",
    "ctx_corr_gaussian_noise",
    "ctx_corr_jpeg_compression",
    "ctx_corr_spatter",
    "ctx_corr_brightness",
    "ctx_corr_glass_blur",
    "ctx_corr_shot_noise",
    "ctx_brightness",
    "ctx_contrast",
    "ctx_blur_risk",
    "ctx_saturation"
  ],
  "state_dict": {
    "b": 0.07337813079357147,
    "w_u_raw": 1.013769268989563,
    "w_ctx": [
      2.554788112640381,
      -1.581831455230713,
      1.0631120204925537,
      -0.875564455986023,
      -1.6059705018997192,
      -0.5466307401657104,
      -0.5276651978492737,
      -0.330485999584198,
      0.08082766830921173,
      -0.8577562570571899,
      -2.01460599899292,
      -0.6698808670043945,
      0.4503383934497833,
      0.7186821103096008,
      2.152484893798828,
      -0.8501402139663696,
      -1.4420093297958374,
      -1.2518364191055298,
      1.0502148866653442,
      0.873845636844635,
      -0.14748649299144745,
      -0.23260720074176788,
      -0.1543160080909729,
      -1.1396511793136597
    ],
    "best_loss": 0.8222043514251709
  }
}