policy,coverage,risk,wrong_auto_rate,auto_error_rate,defer_rate,n
fixed,0.3260966091000444,0.7430768152181534,0.01383468486363955,0.042425111079260426,0.6739033908999557,42791
uncertainty_grid,0.3260966091000444,0.7430768152181534,0.01383468486363955,0.042425111079260426,0.6739033908999557,42791
uaat_monotone,0.3711761819074104,0.7531490266644856,0.024865041714379192,0.06698986337593654,0.6288238180925896,42791
