{
  "name": "uncertainty_grid",
  "alpha": 0.0,
  "theta": 0.9898708844184876,
  "calib_risk": 0.6203171998906206,
  "calib_coverage": 0.4200164068908942
}