{
  "name": "uncertainty_grid",
  "alpha": 0.0,
  "theta": 0.025450171024000004,
  "calib_risk": 4.628985507246377,
  "calib_coverage": 0.6898550724637681
}