{
  "name": "uncertainty_grid",
  "alpha": 0.0,
  "theta": 3.0575999999999968e-06,
  "calib_risk": 6.6521739130434785,
  "calib_coverage": 0.927536231884058
}