policy,category,coverage,risk,wrong_auto_rate,auto_error_rate,defer_rate,n
uaat_monotone,breakfast_box,0.8227272727272728,4.722727272727273,0.45454545454545453,0.5524861878453039,0.17727272727272725,220
uaat_monotone,juice_bottle,0.45075757575757575,2.481060606060606,0.19318181818181818,0.42857142857142855,0.5492424242424243,264
uaat_monotone,pushpins,0.9516129032258065,5.129032258064516,0.5080645161290323,0.5338983050847458,0.048387096774193505,248
uaat_monotone,screw_bag,0.967032967032967,6.1501831501831505,0.6117216117216118,0.6325757575757576,0.03296703296703296,273
uaat_monotone,splicing_connectors,0.7911646586345381,4.42570281124498,0.42168674698795183,0.5329949238578681,0.2088353413654619,249
