{
  "name": "uncertainty_grid",
  "alpha": 1.125,
  "theta": 0.5610882527381182,
  "calib_risk": 0.8023157894736842,
  "calib_coverage": 0.72
}