{
  "name": "monotone_policy_net",
  "context_cols": [
    "ctx_severity",
    "ctx_corr_fog",
    "ctx_corr_impulse_noise",
    "ctx_corr_snow",
    "ctx_corr_elastic_transform",
    "ctx_corr_zoom_blur",
    "ctx_corr_frost",
    "ctx_corr_contrast",
    "ctx_corr_pixelate",
    "ctx_corr_defocus_blur",
    "ctx_corr_saturate",
    "ctx_corr_motion_blur",
    "ctx_corr_gaussian_blur",
    "ctx_corr_speckle_noise",
    "ctx_corr_gaussian_noise",
    "ctx_corr_jpeg_compression",
    "ctx_corr_spatter",
    "ctx_corr_brightness",
    "ctx_corr_glass_blur",
    "ctx_corr_shot_noise",
    "ctx_brightness",
    "ctx_contrast",
    "ctx_blur_risk",
    "ctx_saturation"
  ],
  "state_dict": {
    "b": 0.25976496934890747,
    "w_u_raw": 1.6538039445877075,
    "w_ctx": [
      2.0596001148223877,
      -1.0534499883651733,
      1.1722303628921509,
      -0.8400972485542297,
      -1.368916392326355,
      -0.09772415459156036,
      -0.10081619769334793,
      0.14375309646129608,
      0.2544231116771698,
      -0.28686630725860596,
      -1.6071324348449707,
      -0.5183488130569458,
      0.47823840379714966,
      0.7790412306785583,
      2.0525362491607666,
      -0.7259942889213562,
      -1.1157329082489014,
      -1.5104200839996338,
      0.9923838973045349,
      1.0998085737228394,
      0.15388114750385284,
      0.021512890234589577,
      0.13771258294582367,
      -0.6807186007499695
    ],
    "best_loss": 0.7431778907775879
  }
}