policy,wilds_split,coverage,risk,wrong_auto_rate,auto_error_rate,defer_rate,n
uaat_monotone,test,0.4243415671519712,0.7964992638638966,0.04416816620317356,0.1040863531225906,0.5756584328480288,42791
