policy,coverage,risk,wrong_auto_rate,auto_error_rate,defer_rate,n
uaat_monotone,0.4243415671519712,0.7964992638638966,0.04416816620317356,0.1040863531225906,0.5756584328480288,42791
fixed,0.4371947372110958,0.8092355869224837,0.0492860648267159,0.1127325208466966,0.5628052627889042,42791
uncertainty_grid,0.4371947372110958,0.8092355869224837,0.0492860648267159,0.1127325208466966,0.5628052627889042,42791
