{
  "name": "uncertainty_grid",
  "alpha": 0.0,
  "theta": 0.9017602682113648,
  "calib_risk": 0.6225047853431774,
  "calib_coverage": 0.6400054689636314
}