policy,wilds_split,coverage,risk,wrong_auto_rate,auto_error_rate,defer_rate,n
uaat_monotone,test,0.399429786637377,0.6994227758173448,0.01977051249094436,0.04949684062719401,0.600570213362623,42791
