{
  "name": "uncertainty_grid",
  "alpha": 0.30000000000000004,
  "theta": 0.9851301300078631,
  "calib_risk": 0.589964451736396,
  "calib_coverage": 0.45993984140005467
}