policy,wilds_split,coverage,risk,wrong_auto_rate,auto_error_rate,defer_rate,n
uaat_monotone,test,0.4405131920263607,0.738379565796546,0.03577855156458134,0.08122015915119363,0.5594868079736393,42791
