{
  "name": "uncertainty_grid",
  "alpha": 0.07500000000000001,
  "theta": 0.9572000951115043,
  "calib_risk": 0.549630844954881,
  "calib_coverage": 0.5700027344818157
}