{
  "name": "monotone_policy_net",
  "context_cols": [
    "ctx_severity",
    "ctx_corr_fog",
    "ctx_corr_impulse_noise",
    "ctx_corr_snow",
    "ctx_corr_elastic_transform",
    "ctx_corr_zoom_blur",
    "ctx_corr_frost",
    "ctx_corr_contrast",
    "ctx_corr_pixelate",
    "ctx_corr_defocus_blur",
    "ctx_corr_saturate",
    "ctx_corr_motion_blur",
    "ctx_corr_gaussian_blur",
    "ctx_corr_speckle_noise",
    "ctx_corr_gaussian_noise",
    "ctx_corr_jpeg_compression",
    "ctx_corr_spatter",
    "ctx_corr_brightness",
    "ctx_corr_glass_blur",
    "ctx_corr_shot_noise",
    "ctx_brightness",
    "ctx_contrast",
    "ctx_blur_risk",
    "ctx_saturation"
  ],
  "state_dict": {
    "b": -0.16773046553134918,
    "w_u_raw": 0.6005112528800964,
    "w_ctx": [
      2.8379967212677,
      -1.525687575340271,
      0.8716980218887329,
      -1.7379064559936523,
      -1.7857131958007812,
      -0.7262663245201111,
      -0.6185293793678284,
      -0.11272607743740082,
      0.16924433410167694,
      -0.8528891801834106,
      -2.159973621368408,
      -0.26928484439849854,
      0.21571959555149078,
      0.6879511475563049,
      2.1979355812072754,
      -1.3033438920974731,
      -2.5770833492279053,
      -2.1420180797576904,
      0.9302704334259033,
      0.9833126068115234,
      -0.2256493866443634,
      -0.3126869201660156,
      -0.5893358588218689,
      -1.5889184474945068
    ],
    "best_loss": 0.9202339053153992
  }
}