{
  "name": "uncertainty_grid",
  "alpha": 0.2,
  "theta": 0.576357982158661,
  "calib_risk": 1.0061578947368421,
  "calib_coverage": 0.84
}