{
  "name": "uncertainty_grid",
  "alpha": 0.42500000000000004,
  "theta": 0.9754285563761369,
  "calib_risk": 0.6406890894175553,
  "calib_coverage": 0.4700574241181296
}