{
  "name": "uncertainty_grid",
  "alpha": 0.0,
  "theta": 0.3162624064973133,
  "calib_risk": 2.67515923566879,
  "calib_coverage": 0.4585987261146497
}