{
  "name": "uncertainty_grid",
  "alpha": 0.0,
  "theta": 0.027916768655999933,
  "calib_risk": 4.524637681159421,
  "calib_coverage": 0.6782608695652174
}