policy,coverage,risk,wrong_auto_rate,auto_error_rate,defer_rate,n
uaat_monotone,0.5028393821130611,0.9938772171718352,0.09934331985697926,0.1975647162708556,0.4971606178869389,42791
fixed,0.5206702343950831,1.0418312261924236,0.11250029211750134,0.2160682226211849,0.4793297656049169,42791
uncertainty_grid,0.5206702343950831,1.0418312261924236,0.11250029211750134,0.2160682226211849,0.4793297656049169,42791
