{
  "name": "uncertainty_grid",
  "alpha": 0.0,
  "theta": 0.835658049583435,
  "calib_risk": 0.6345365053322396,
  "calib_coverage": 0.6799289034727919
}