{
  "name": "uncertainty_grid",
  "alpha": 0.0,
  "theta": 0.2570638356,
  "calib_risk": 2.5420289855072467,
  "calib_coverage": 0.4
}