{
  "name": "uncertainty_grid",
  "alpha": 0.0,
  "theta": 0.06734304292607123,
  "calib_risk": 3.918840579710145,
  "calib_coverage": 0.5884057971014492
}