policy,category,coverage,risk,wrong_auto_rate,auto_error_rate,defer_rate,n
fixed,breakfast_box,0.9454545454545454,5.781818181818182,0.5727272727272728,0.6057692307692307,0.054545454545454564,220
fixed,juice_bottle,0.7310606060606061,4.738636363636363,0.44696969696969696,0.6113989637305699,0.2689393939393939,264
fixed,pushpins,0.9798387096774194,5.383064516129032,0.5362903225806451,0.5473251028806584,0.020161290322580627,248
fixed,screw_bag,1.0,6.410256410256411,0.6410256410256411,0.6410256410256411,0.0,273
fixed,splicing_connectors,0.9477911646586346,5.714859437751004,0.5662650602409639,0.597457627118644,0.052208835341365445,249
