{
  "name": "monotone_policy_net",
  "context_cols": [
    "ctx_cat_screw_bag",
    "ctx_cat_pushpins",
    "ctx_cat_splicing_connectors",
    "ctx_cat_juice_bottle",
    "ctx_cat_breakfast_box",
    "ctx_brightness",
    "ctx_contrast",
    "ctx_blur_risk",
    "ctx_saturation"
  ],
  "state_dict": {
    "b": -0.7946548461914062,
    "w_u_raw": -0.27833861112594604,
    "w_ctx": [
      0.5227223038673401,
      -3.3122968673706055,
      -0.4457729458808899,
      -0.5964593291282654,
      -0.5596763491630554,
      -0.4618871808052063,
      -0.3042159974575043,
      -0.8318204283714294,
      -0.8682366013526917
    ],
    "best_loss": 4.554748058319092
  }
}