policy,category,coverage,risk,wrong_auto_rate,auto_error_rate,defer_rate,n
uaat_monotone,bottle,1.0,3.787878787878788,0.7575757575757576,0.7575757575757576,0.0,66
uaat_monotone,cable,0.8833333333333333,2.6166666666666667,0.5,0.5660377358490566,0.1166666666666667,120
uaat_monotone,capsule,1.0,4.142857142857143,0.8285714285714286,0.8285714285714286,0.0,105
uaat_monotone,carpet,1.0,3.817204301075269,0.7634408602150538,0.7634408602150538,0.0,93
uaat_monotone,grid,1.0,3.6507936507936507,0.7301587301587301,0.7301587301587301,0.0,63
uaat_monotone,hazelnut,0.7840909090909091,2.3181818181818183,0.42045454545454547,0.5362318840579711,0.21590909090909094,88
uaat_monotone,leather,1.0,3.7,0.74,0.74,0.0,100
uaat_monotone,metal_nut,0.7608695652173914,3.1195652173913047,0.5760869565217391,0.7571428571428571,0.23913043478260865,92
uaat_monotone,pill,0.9328358208955224,3.9477611940298507,0.7761194029850746,0.832,0.06716417910447758,134
uaat_monotone,screw,1.0,3.7109375,0.7421875,0.7421875,0.0,128
uaat_monotone,tile,0.4838709677419355,1.5376344086021505,0.20430107526881722,0.4222222222222222,0.5161290322580645,93
uaat_monotone,toothbrush,0.7352941176470589,2.4705882352941178,0.4411764705882353,0.6,0.2647058823529411,34
uaat_monotone,transistor,0.875,1.5,0.275,0.3142857142857143,0.125,80
uaat_monotone,wood,1.0,3.8095238095238093,0.7619047619047619,0.7619047619047619,0.0,63
uaat_monotone,zipper,0.9421487603305785,3.694214876033058,0.7272727272727273,0.7719298245614035,0.05785123966942152,121
