policy,coverage,risk,wrong_auto_rate,auto_error_rate,defer_rate,n
uaat_monotone,0.6456521739130435,4.209420289855073,0.3855072463768116,0.5970819304152637,0.3543478260869565,1380
fixed,0.8753623188405797,6.168115942028985,0.6043478260869565,0.6903973509933775,0.12463768115942031,1380
uncertainty_grid,0.8753623188405797,6.168115942028985,0.6043478260869565,0.6903973509933775,0.12463768115942031,1380
