{
  "name": "monotone_policy_net",
  "context_cols": [
    "ctx_cat_toothbrush",
    "ctx_cat_grid",
    "ctx_cat_capsule",
    "ctx_cat_hazelnut",
    "ctx_cat_carpet",
    "ctx_cat_cable",
    "ctx_cat_leather",
    "ctx_cat_pill",
    "ctx_cat_screw",
    "ctx_cat_transistor",
    "ctx_cat_metal_nut",
    "ctx_cat_wood",
    "ctx_cat_tile",
    "ctx_cat_zipper",
    "ctx_cat_bottle",
    "ctx_brightness",
    "ctx_contrast",
    "ctx_blur_risk",
    "ctx_saturation"
  ],
  "state_dict": {
    "b": -1.2984380722045898,
    "w_u_raw": -0.9102821946144104,
    "w_ctx": [
      -0.7507534027099609,
      -0.5956659317016602,
      -0.9656460881233215,
      -0.7583003044128418,
      -2.8102831840515137,
      -1.0987982749938965,
      -2.872178554534912,
      -1.0873603820800781,
      -0.9680544137954712,
      -0.6121330857276917,
      -0.940275251865387,
      -1.8072901964187622,
      -1.1051137447357178,
      -1.1985523700714111,
      -1.063968300819397,
      -1.2782678604125977,
      -1.2307281494140625,
      -1.2845373153686523,
      -1.5922431945800781
    ],
    "best_loss": 3.076993465423584
  },
  "use_inputs": [
    "ctx",
    "score",
    "uncertainty"
  ],
  "test_margin_offset": -0.012680452914290473,
  "recalibrated_on_test": true
}