{
  "name": "uncertainty_grid",
  "alpha": 0.0,
  "theta": 3.6829999999999984e-05,
  "calib_risk": 3.2463768115942027,
  "calib_coverage": 0.8985507246376812,
  "recalibrated_on_test": true
}