policy,coverage,risk,wrong_auto_rate,auto_error_rate,defer_rate,n
uaat_monotone,0.5768115942028985,3.6333333333333333,0.3210144927536232,0.5565326633165829,0.4231884057971015,1380
fixed,0.8492753623188406,5.933333333333334,0.5782608695652174,0.6808873720136519,0.1507246376811594,1380
uncertainty_grid,0.8492753623188406,5.933333333333334,0.5782608695652174,0.6808873720136519,0.1507246376811594,1380
