policy,wilds_split,coverage,risk,wrong_auto_rate,auto_error_rate,defer_rate,n
fixed,test,0.615409782430885,1.2577878525858242,0.17463952700334182,0.283777625882889,0.38459021756911504,42791
