policy,wilds_split,coverage,risk,wrong_auto_rate,auto_error_rate,defer_rate,n
uaat_monotone,test,0.5550466219532144,1.108644341099764,0.1327381926105957,0.2391478253547219,0.4449533780467856,42791
