policy,coverage,risk,wrong_auto_rate,auto_error_rate,defer_rate,n
uaat_monotone,0.5550466219532144,1.108644341099764,0.1327381926105957,0.2391478253547219,0.4449533780467856,42791
uncertainty_grid,0.6073707087939053,1.2338108480755299,0.16823631137388703,0.27699115044247785,0.3926292912060947,42791
fixed,0.615409782430885,1.2577878525858242,0.17463952700334182,0.283777625882889,0.38459021756911504,42791
