{
  "name": "uncertainty_grid",
  "alpha": 3.0,
  "theta": -0.06953809916973114,
  "calib_risk": 0.9325950232430954,
  "calib_coverage": 0.7899917965545529
}