policy,wilds_split,coverage,risk,wrong_auto_rate,auto_error_rate,defer_rate,n
uaat_monotone,test,0.47509990418545955,0.7793928629852072,0.050898553434133346,0.10713231677324152,0.5249000958145404,42791
