policy,wilds_split,coverage,risk,wrong_auto_rate,auto_error_rate,defer_rate,n
fixed,test,0.4552592834941927,0.7552990114743755,0.04211165899371363,0.09250038499050357,0.5447407165058074,42791
