{
  "name": "uncertainty_grid",
  "alpha": 1.075,
  "theta": 0.8086406200751662,
  "calib_risk": 0.5596117035821712,
  "calib_coverage": 0.6400054689636314
}