policy,wilds_split,coverage,risk,wrong_auto_rate,auto_error_rate,defer_rate,n
fixed,test,0.35582248603678346,0.7487555794442756,0.02091561309621182,0.05878103244450283,0.6441775139632165,42791
