policy,wilds_split,coverage,risk,wrong_auto_rate,auto_error_rate,defer_rate,n
uaat_monotone,test,0.39101680259867727,0.7782945011801546,0.0338622607557664,0.08660052593832178,0.6089831974013227,42791
