{
  "name": "uncertainty_grid",
  "alpha": 0.925,
  "theta": 0.9487393098175527,
  "calib_risk": 0.5869565217391305,
  "calib_coverage": 0.48003828274541976
}