{
  "name": "monotone_policy_net",
  "context_cols": [
    "ctx_cat_grid",
    "ctx_cat_metal_nut",
    "ctx_cat_hazelnut",
    "ctx_cat_pill",
    "ctx_cat_screw",
    "ctx_cat_toothbrush",
    "ctx_cat_capsule",
    "ctx_cat_wood",
    "ctx_cat_transistor",
    "ctx_cat_cable",
    "ctx_cat_tile",
    "ctx_cat_bottle",
    "ctx_cat_zipper",
    "ctx_cat_leather",
    "ctx_cat_carpet",
    "ctx_brightness",
    "ctx_contrast",
    "ctx_blur_risk",
    "ctx_saturation"
  ],
  "state_dict": {
    "b": -1.2521625757217407,
    "w_u_raw": -0.8113682866096497,
    "w_ctx": [
      -2.3591103553771973,
      -0.0277514960616827,
      -0.42505916953086853,
      -0.49239635467529297,
      -0.8239514827728271,
      -0.2111217975616455,
      -0.2915665805339813,
      -2.4829800128936768,
      -0.4026411175727844,
      -1.5734877586364746,
      -2.335247278213501,
      0.36973655223846436,
      0.9447795748710632,
      -3.3928263187408447,
      -3.0064690113067627,
      -1.2823237180709839,
      -0.8369592428207397,
      -1.2126240730285645,
      -1.7707843780517578
    ],
    "best_loss": 5.916613578796387
  }
}