{
  "name": "uncertainty_grid",
  "alpha": 0.0,
  "theta": 0.02274718097085555,
  "calib_risk": 4.553623188405798,
  "calib_coverage": 0.6782608695652174
}