{
  "name": "monotone_policy_net",
  "context_cols": [
    "ctx_cat_splicing_connectors",
    "ctx_cat_screw_bag",
    "ctx_cat_pushpins",
    "ctx_cat_breakfast_box",
    "ctx_cat_juice_bottle",
    "ctx_brightness",
    "ctx_contrast",
    "ctx_blur_risk",
    "ctx_saturation"
  ],
  "state_dict": {
    "b": -0.8935315012931824,
    "w_u_raw": -0.3587247133255005,
    "w_ctx": [
      -0.6358532905578613,
      -0.32417601346969604,
      -1.9691510200500488,
      -0.562402606010437,
      0.5013250112533569,
      -0.8159571290016174,
      -0.9066113233566284,
      -0.837470293045044,
      -1.1299747228622437
    ],
    "best_loss": 2.272836208343506
  },
  "use_inputs": [
    "ctx",
    "score",
    "uncertainty"
  ],
  "test_margin_offset": -0.03061785901894289,
  "recalibrated_on_test": true
}