policy,wilds_split,coverage,risk,wrong_auto_rate,auto_error_rate,defer_rate,n
uncertainty_grid,test,0.7348975251805286,1.422588862143909,0.23149727746488746,0.31500620090946674,0.26510247481947136,42791
