policy,wilds_split,coverage,risk,wrong_auto_rate,auto_error_rate,defer_rate,n
fixed,test,0.7537098922670655,1.4689771213572949,0.24453740272487207,0.32444499565918394,0.24629010773293447,42791
