{
  "name": "uncertainty_grid",
  "alpha": 1.075,
  "theta": 0.16546181757748132,
  "calib_risk": 0.8742138364779874,
  "calib_coverage": 0.8599945310363686
}