policy,category,coverage,risk,wrong_auto_rate,auto_error_rate,defer_rate,n
uncertainty_grid,breakfast_box,0.45,2.459090909090909,0.19090909090909092,0.42424242424242425,0.55,220
uncertainty_grid,juice_bottle,0.32575757575757575,1.696969696969697,0.10227272727272728,0.313953488372093,0.6742424242424243,264
uncertainty_grid,pushpins,0.5362903225806451,3.125,0.2661290322580645,0.49624060150375937,0.46370967741935487,248
uncertainty_grid,screw_bag,0.7582417582417582,4.857142857142858,0.46153846153846156,0.6086956521739131,0.2417582417582418,273
uncertainty_grid,splicing_connectors,0.5140562248995983,2.734939759036145,0.2248995983935743,0.4375,0.48594377510040165,249
