policy,coverage,risk,wrong_auto_rate,auto_error_rate,defer_rate,n
uaat_monotone,0.38516746411483255,2.321371610845295,0.17065390749601275,0.44306418219461696,0.6148325358851674,1254
fixed,0.5207336523125997,3.007177033492823,0.2527910685805423,0.48545176110260335,0.4792663476874003,1254
uncertainty_grid,0.5207336523125997,3.007177033492823,0.2527910685805423,0.48545176110260335,0.4792663476874003,1254
