{
  "name": "uncertainty_grid",
  "alpha": 0.0,
  "theta": 0.19272561623275813,
  "calib_risk": 2.6376811594202896,
  "calib_coverage": 0.42028985507246375
}