{
  "name": "uncertainty_grid",
  "alpha": 0.0,
  "theta": 0.825209677219391,
  "calib_risk": 1.7820617992890346,
  "calib_coverage": 0.700027344818157
}