policy,coverage,risk,wrong_auto_rate,auto_error_rate,defer_rate,n
uaat_monotone,0.34057971014492755,2.1594202898550723,0.15,0.44042553191489364,0.6594202898550725,1380
fixed,0.4782608695652174,3.0144927536231885,0.2492753623188406,0.5212121212121212,0.5217391304347826,1380
uncertainty_grid,0.4782608695652174,3.0144927536231885,0.2492753623188406,0.5212121212121212,0.5217391304347826,1380
