{
  "name": "uncertainty_grid",
  "alpha": 0.0,
  "theta": 0.16470201344896537,
  "calib_risk": 3.118840579710145,
  "calib_coverage": 0.48985507246376814
}