policy,wilds_split,coverage,risk,wrong_auto_rate,auto_error_rate,defer_rate,n
fixed,test,0.3027505783926527,0.7398985768035333,0.008529831039237223,0.028174450019297567,0.6972494216073473,42791
