{
  "name": "uncertainty_grid",
  "alpha": 0.0,
  "theta": 0.9880552083253862,
  "calib_risk": 0.6430133989608969,
  "calib_coverage": 0.4499589827727646
}