policy,wilds_split,coverage,risk,wrong_auto_rate,auto_error_rate,defer_rate,n
uncertainty_grid,test,0.5520553387394546,1.1221518543618987,0.13484143862027062,0.24425348177623502,0.44794466126054544,42791
