policy,coverage,risk,wrong_auto_rate,auto_error_rate,defer_rate,n
uaat_monotone,0.5278212708279778,1.0614381528826156,0.11785188474211868,0.22327990790755337,0.4721787291720222,42791
fixed,0.5520553387394546,1.1221518543618987,0.13484143862027062,0.24425348177623502,0.44794466126054544,42791
uncertainty_grid,0.5520553387394546,1.1221518543618987,0.13484143862027062,0.24425348177623502,0.44794466126054544,42791
