{
  "name": "uncertainty_grid",
  "alpha": 0.0,
  "theta": 0.7979129081964493,
  "calib_risk": 0.6659830462127426,
  "calib_coverage": 0.7100082034454471
}