policy,category,coverage,risk,wrong_auto_rate,auto_error_rate,defer_rate,n
uaat_monotone,breakfast_box,0.7090909090909091,1.0272727272727273,0.36818181818181817,0.5192307692307693,0.2909090909090909,220
uaat_monotone,juice_bottle,0.38257575757575757,0.875,0.12878787878787878,0.33663366336633666,0.6174242424242424,264
uaat_monotone,pushpins,0.6008064516129032,1.0120967741935485,0.3064516129032258,0.5100671140939598,0.39919354838709675,248
uaat_monotone,screw_bag,0.9230769230769231,1.227106227106227,0.575091575091575,0.623015873015873,0.07692307692307687,273
uaat_monotone,splicing_connectors,0.6586345381526104,0.9839357429718876,0.321285140562249,0.4878048780487805,0.3413654618473896,249
