policy,coverage,risk,wrong_auto_rate,auto_error_rate,defer_rate,n
uaat_monotone,0.6555023923444976,1.0271132376395533,0.3413078149920255,0.5206812652068127,0.3444976076555024,1254
fixed,0.6842105263157895,1.0303030303030303,0.3572567783094099,0.5221445221445221,0.3157894736842105,1254
uncertainty_grid,0.6842105263157895,1.0303030303030303,0.3572567783094099,0.5221445221445221,0.3157894736842105,1254
