{
  "name": "uncertainty_grid",
  "alpha": 0.0,
  "theta": 0.08652311784636292,
  "calib_risk": 3.5333333333333337,
  "calib_coverage": 0.5391304347826087
}