{
  "name": "monotone_policy_net",
  "context_cols": [
    "ctx_cat_hazelnut",
    "ctx_cat_bottle",
    "ctx_cat_toothbrush",
    "ctx_cat_pill",
    "ctx_cat_carpet",
    "ctx_cat_wood",
    "ctx_cat_grid",
    "ctx_cat_capsule",
    "ctx_cat_metal_nut",
    "ctx_cat_tile",
    "ctx_cat_transistor",
    "ctx_cat_leather",
    "ctx_cat_cable",
    "ctx_cat_screw",
    "ctx_cat_zipper",
    "ctx_brightness",
    "ctx_contrast",
    "ctx_blur_risk",
    "ctx_saturation"
  ],
  "state_dict": {
    "b": -1.0089404582977295,
    "w_u_raw": 1.6938728094100952,
    "w_ctx": [
      -1.7775734663009644,
      -1.6729849576950073,
      -0.15447726845741272,
      -0.7789326310157776,
      -0.8691432476043701,
      -3.0048563480377197,
      0.5956879258155823,
      -0.3846666216850281,
      -0.9590425491333008,
      -1.8779489994049072,
      -0.770943820476532,
      -2.3287436962127686,
      -0.8144012093544006,
      -0.24534502625465393,
      -0.7473243474960327,
      0.594699501991272,
      -0.39700981974601746,
      -0.9646068811416626,
      -1.5302053689956665
    ],
    "best_loss": 2.7542929649353027
  }
}