policy,wilds_split,coverage,risk,wrong_auto_rate,auto_error_rate,defer_rate,n
fixed,test,0.5729943212357739,1.1514570820967025,0.14489028066649529,0.2528651250050981,0.4270056787642261,42791
