policy,coverage,risk,wrong_auto_rate,auto_error_rate,defer_rate,n
uaat_monotone,0.521558271599168,1.029725876936739,0.11025682970718141,0.21139887086656511,0.478441728400832,42791
uncertainty_grid,0.5656095908018041,1.1323175434086608,0.13958542684209296,0.24678758831549807,0.43439040919819594,42791
fixed,0.5729943212357739,1.1514570820967025,0.14489028066649529,0.2528651250050981,0.4270056787642261,42791
