{
  "name": "uncertainty_grid",
  "alpha": 2.275,
  "theta": 0.25901690227910895,
  "calib_risk": 0.8482362592288761,
  "calib_coverage": 0.7499316379546076
}