policy,coverage,risk,wrong_auto_rate,auto_error_rate,defer_rate,n
uaat_monotone,0.8156394736842105,0.9191565789473685,0.1469592105263158,0.1801766776471803,0.18436052631578947,760000
uncertainty_grid,0.8609171052631579,1.0525894736842105,0.18270131578947368,0.2122170818450948,0.1390828947368421,760000
fixed,0.8607197368421052,1.0526684210526316,0.18267763157894737,0.21223822779895038,0.13928026315789477,760000
