{
  "name": "uncertainty_grid",
  "alpha": 0.4,
  "theta": 0.43501990962028503,
  "calib_risk": 1.0488421052631578,
  "calib_coverage": 0.86
}