{
  "name": "monotone_policy_net",
  "context_cols": [
    "ctx_severity",
    "ctx_corr_motion_blur",
    "ctx_corr_shot_noise",
    "ctx_corr_elastic_transform",
    "ctx_corr_contrast",
    "ctx_corr_zoom_blur",
    "ctx_corr_saturate",
    "ctx_corr_glass_blur",
    "ctx_corr_impulse_noise",
    "ctx_corr_brightness",
    "ctx_corr_frost",
    "ctx_corr_gaussian_blur",
    "ctx_corr_speckle_noise",
    "ctx_corr_snow",
    "ctx_corr_fog",
    "ctx_corr_pixelate",
    "ctx_corr_spatter",
    "ctx_corr_jpeg_compression",
    "ctx_corr_gaussian_noise",
    "ctx_corr_defocus_blur",
    "ctx_brightness",
    "ctx_contrast",
    "ctx_blur_risk",
    "ctx_saturation"
  ],
  "state_dict": {
    "b": -0.4890372157096863,
    "w_u_raw": 0.23383189737796783,
    "w_ctx": [
      3.1420340538024902,
      -1.5143474340438843,
      0.7661477327346802,
      -2.3544883728027344,
      -0.12386015057563782,
      -0.8282976746559143,
      -2.0802228450775146,
      0.5852671265602112,
      0.8319443464279175,
      -2.345921754837036,
      -0.913597822189331,
      0.29097604751586914,
      0.5986878871917725,
      -1.4073078632354736,
      -1.553996205329895,
      -0.1488674283027649,
      -2.5227692127227783,
      -1.7667787075042725,
      2.054760694503784,
      -0.974943220615387,
      0.2224561870098114,
      -0.4215470254421234,
      -0.7811907529830933,
      -1.023101806640625
    ],
    "best_loss": 0.9562509655952454
  }
}