{
  "name": "uncertainty_grid",
  "alpha": 0.0,
  "theta": 0.21294906503162594,
  "calib_risk": 2.773913043478261,
  "calib_coverage": 0.4289855072463768
}