policy,category,coverage,risk,wrong_auto_rate,auto_error_rate,defer_rate,n
uncertainty_grid,breakfast_box,0.8363636363636363,4.800000000000001,0.4636363636363636,0.5543478260869565,0.1636363636363637,220
uncertainty_grid,juice_bottle,0.5340909090909091,2.965909090909091,0.25,0.46808510638297873,0.46590909090909094,264
uncertainty_grid,pushpins,0.8790322580645161,4.637096774193548,0.45161290322580644,0.5137614678899083,0.12096774193548387,248
uncertainty_grid,screw_bag,0.9963369963369964,6.377289377289377,0.6373626373626373,0.6397058823529411,0.00366300366300365,273
uncertainty_grid,splicing_connectors,0.8232931726907631,4.714859437751004,0.4538152610441767,0.551219512195122,0.17670682730923692,249
