{
  "name": "uncertainty_grid",
  "alpha": 0.0,
  "theta": 0.04858409053462368,
  "calib_risk": 4.423566878980892,
  "calib_coverage": 0.7802547770700637
}