policy,wilds_split,coverage,risk,wrong_auto_rate,auto_error_rate,defer_rate,n
uaat_monotone,test,0.7231894557266715,1.329134631114019,0.21046481736813816,0.29102307244878173,0.2768105442733285,42791
