{
  "name": "uncertainty_grid",
  "alpha": 1.05,
  "theta": -0.010763765513896907,
  "calib_risk": 1.069045665846322,
  "calib_coverage": 0.9399781241454744
}