{
  "name": "monotone_policy_net",
  "context_cols": [
    "ctx_cat_grid",
    "ctx_cat_metal_nut",
    "ctx_cat_hazelnut",
    "ctx_cat_pill",
    "ctx_cat_screw",
    "ctx_cat_toothbrush",
    "ctx_cat_capsule",
    "ctx_cat_wood",
    "ctx_cat_transistor",
    "ctx_cat_cable",
    "ctx_cat_tile",
    "ctx_cat_bottle",
    "ctx_cat_zipper",
    "ctx_cat_leather",
    "ctx_cat_carpet",
    "ctx_brightness",
    "ctx_contrast",
    "ctx_blur_risk",
    "ctx_saturation"
  ],
  "state_dict": {
    "b": -0.7551240921020508,
    "w_u_raw": 0.5394259691238403,
    "w_ctx": [
      -1.3168752193450928,
      0.20415076613426208,
      -0.14785510301589966,
      -0.2667228877544403,
      -0.7039148211479187,
      0.8558168411254883,
      0.30520009994506836,
      -0.5142862200737,
      -0.48935824632644653,
      -2.0427803993225098,
      -1.106644868850708,
      -1.040640950202942,
      -0.46960583329200745,
      -1.9756584167480469,
      -0.7967382073402405,
      -0.5369511246681213,
      -0.5049909353256226,
      -0.7189341187477112,
      -1.8098595142364502
    ],
    "best_loss": 3.527968168258667
  }
}