policy,category,coverage,risk,wrong_auto_rate,auto_error_rate,defer_rate,n
uncertainty_grid,breakfast_box,0.8545454545454545,4.963636363636364,0.4818181818181818,0.5638297872340425,0.1454545454545455,220
uncertainty_grid,juice_bottle,0.553030303030303,3.1363636363636367,0.2689393939393939,0.4863013698630137,0.446969696969697,264
uncertainty_grid,pushpins,0.9314516129032258,4.987903225806452,0.49193548387096775,0.5281385281385281,0.06854838709677424,248
uncertainty_grid,screw_bag,0.9963369963369964,6.377289377289377,0.6373626373626373,0.6397058823529411,0.00366300366300365,273
uncertainty_grid,splicing_connectors,0.8393574297188755,4.819277108433735,0.46586345381526106,0.5550239234449761,0.1606425702811245,249
