policy,category,coverage,risk,wrong_auto_rate,auto_error_rate,defer_rate,n
uaat_monotone,breakfast_box,0.740909090909091,4.213636363636364,0.39545454545454545,0.5337423312883436,0.25909090909090904,220
uaat_monotone,juice_bottle,0.4128787878787879,2.1022727272727275,0.15151515151515152,0.3669724770642202,0.5871212121212122,264
uaat_monotone,pushpins,0.9556451612903226,5.165322580645161,0.5120967741935484,0.5358649789029536,0.04435483870967738,248
uaat_monotone,screw_bag,0.6446886446886447,4.128205128205128,0.3772893772893773,0.5852272727272727,0.35531135531135527,273
uaat_monotone,splicing_connectors,0.6586345381526104,3.594377510040161,0.3253012048192771,0.49390243902439024,0.3413654618473896,249
