policy,coverage,risk,wrong_auto_rate,auto_error_rate,defer_rate,n
uaat_monotone,0.6770334928229665,3.81578947368421,0.3492822966507177,0.5159010600706714,0.32296650717703346,1254
fixed,0.8341307814992025,4.862838915470495,0.4696969696969697,0.5630975143403442,0.1658692185007975,1254
uncertainty_grid,0.8341307814992025,4.862838915470495,0.4696969696969697,0.5630975143403442,0.1658692185007975,1254
