{
  "name": "monotone_policy_net",
  "context_cols": [
    "ctx_cat_screw_bag",
    "ctx_cat_pushpins",
    "ctx_cat_splicing_connectors",
    "ctx_cat_juice_bottle",
    "ctx_cat_breakfast_box",
    "ctx_brightness",
    "ctx_contrast",
    "ctx_blur_risk",
    "ctx_saturation"
  ],
  "state_dict": {
    "b": -0.7175748348236084,
    "w_u_raw": -0.1607639640569687,
    "w_ctx": [
      0.6760905385017395,
      -3.1865780353546143,
      -0.4519215226173401,
      -0.6133389472961426,
      -0.6489487886428833,
      -0.473585844039917,
      -0.37357524037361145,
      -0.7051380276679993,
      -0.9045671224594116
    ],
    "best_loss": 4.179640293121338
  }
}