policy,wilds_split,coverage,risk,wrong_auto_rate,auto_error_rate,defer_rate,n
uaat_monotone,test,0.5368418592694726,0.6339884555163469,0.08541515739290972,0.15910673863834232,0.4631581407305274,42791
