policy,wilds_split,coverage,risk,wrong_auto_rate,auto_error_rate,defer_rate,n
uncertainty_grid,test,0.5064616391297235,0.6288939262929121,0.0676777827113178,0.13362864525655224,0.49353836087027647,42791
