policy,wilds_split,coverage,risk,wrong_auto_rate,auto_error_rate,defer_rate,n
uaat_monotone,test,0.5348087214601202,1.08167605337571,0.12329695496716599,0.23054402447017697,0.46519127853987985,42791
