policy,coverage,risk,wrong_auto_rate,auto_error_rate,defer_rate,n
uaat_monotone,0.5348087214601202,1.08167605337571,0.12329695496716599,0.23054402447017697,0.46519127853987985,42791
fixed,0.5632025425907317,1.1486293846836952,0.14236638545488536,0.2527800829875519,0.43679745740926834,42791
uncertainty_grid,0.5632025425907317,1.1486293846836952,0.14236638545488536,0.2527800829875519,0.43679745740926834,42791
