{
  "name": "uncertainty_grid",
  "alpha": 0.0,
  "theta": 0.7847874546051026,
  "calib_risk": 0.6812961443806399,
  "calib_coverage": 0.7199890620727372
}