policy,coverage,risk,wrong_auto_rate,auto_error_rate,defer_rate,n
uaat_monotone,0.6010223684210526,0.6388723684210527,0.04797894736842105,0.0798288880569731,0.3989776315789474,760000
uncertainty_grid,0.5775973684210526,0.6614092105263158,0.047801315789473685,0.0827588877701185,0.4224026315789474,760000
fixed,0.577896052631579,0.6623671052631579,0.04805263157894737,0.0831509946470978,0.42210394736842105,760000
