{
  "name": "monotone_policy_net",
  "context_cols": [
    "ctx_severity",
    "ctx_corr_fog",
    "ctx_corr_impulse_noise",
    "ctx_corr_snow",
    "ctx_corr_elastic_transform",
    "ctx_corr_zoom_blur",
    "ctx_corr_frost",
    "ctx_corr_contrast",
    "ctx_corr_pixelate",
    "ctx_corr_defocus_blur",
    "ctx_corr_saturate",
    "ctx_corr_motion_blur",
    "ctx_corr_gaussian_blur",
    "ctx_corr_speckle_noise",
    "ctx_corr_gaussian_noise",
    "ctx_corr_jpeg_compression",
    "ctx_corr_spatter",
    "ctx_corr_brightness",
    "ctx_corr_glass_blur",
    "ctx_corr_shot_noise",
    "ctx_brightness",
    "ctx_contrast",
    "ctx_blur_risk",
    "ctx_saturation"
  ],
  "state_dict": {
    "b": 0.7077025175094604,
    "w_u_raw": 2.1754190921783447,
    "w_ctx": [
      1.8288224935531616,
      -0.36200541257858276,
      1.2554887533187866,
      -0.17668750882148743,
      -0.6673703789710999,
      0.07517633587121964,
      0.2706797122955322,
      0.24179723858833313,
      0.46354198455810547,
      -0.15913784503936768,
      -0.7682666778564453,
      0.19485466182231903,
      0.569232165813446,
      1.0129653215408325,
      2.759923219680786,
      -0.30899888277053833,
      -0.3848324418067932,
      -1.0386853218078613,
      2.396615982055664,
      1.3298099040985107,
      0.4477466940879822,
      0.5360845327377319,
      0.5767294764518738,
      0.18298748135566711
    ],
    "best_loss": 0.657730758190155
  }
}