{
  "name": "uncertainty_grid",
  "alpha": 2.95,
  "theta": 0.7514858764410021,
  "calib_risk": 0.6608684210526317,
  "calib_coverage": 0.58
}