policy,wilds_split,coverage,risk,wrong_auto_rate,auto_error_rate,defer_rate,n
fixed,test,0.6505573601925638,1.2378303848940198,0.17767754901731672,0.27311588476183635,0.3494426398074362,42791
