policy,category,coverage,risk,wrong_auto_rate,auto_error_rate,defer_rate,n
uaat_monotone,breakfast_box,0.7318181818181818,4.177272727272728,0.39090909090909093,0.5341614906832298,0.2681818181818182,220
uaat_monotone,juice_bottle,0.4053030303030303,2.034090909090909,0.14393939393939395,0.35514018691588783,0.5946969696969697,264
uaat_monotone,pushpins,0.9556451612903226,5.165322580645161,0.5120967741935484,0.5358649789029536,0.04435483870967738,248
uaat_monotone,screw_bag,0.6263736263736264,4.073260073260073,0.36996336996337,0.5906432748538012,0.37362637362637363,273
uaat_monotone,splicing_connectors,0.642570281124498,3.570281124497992,0.321285140562249,0.5,0.357429718875502,249
