{
  "name": "uncertainty_grid",
  "alpha": 0.8250000000000001,
  "theta": 0.7355465275347234,
  "calib_risk": 0.7543421052631578,
  "calib_coverage": 0.68
}