{
  "name": "monotone_policy_net",
  "context_cols": [
    "ctx_severity",
    "ctx_corr_gaussian_noise",
    "ctx_corr_pixelate",
    "ctx_corr_frost",
    "ctx_corr_fog",
    "ctx_corr_brightness",
    "ctx_corr_glass_blur",
    "ctx_corr_gaussian_blur",
    "ctx_corr_snow",
    "ctx_corr_contrast",
    "ctx_corr_impulse_noise",
    "ctx_corr_zoom_blur",
    "ctx_corr_elastic_transform",
    "ctx_corr_saturate",
    "ctx_corr_defocus_blur",
    "ctx_corr_jpeg_compression",
    "ctx_corr_motion_blur",
    "ctx_corr_shot_noise",
    "ctx_corr_spatter",
    "ctx_corr_speckle_noise",
    "ctx_brightness",
    "ctx_contrast",
    "ctx_blur_risk",
    "ctx_saturation"
  ],
  "state_dict": {
    "b": 0.3720283806324005,
    "w_u_raw": 1.7634621858596802,
    "w_ctx": [
      2.11150860786438,
      2.1021556854248047,
      0.20387938618659973,
      -0.1363767385482788,
      -0.5134388208389282,
      -1.6566588878631592,
      1.3620021343231201,
      0.5755216479301453,
      -0.5156498551368713,
      0.3093390166759491,
      1.0968996286392212,
      -0.1763063669204712,
      -1.0962510108947754,
      -0.9398776888847351,
      -0.4037114083766937,
      -0.7259485125541687,
      -0.09836214035749435,
      1.2190066576004028,
      -0.9701537489891052,
      0.859047532081604,
      0.17274974286556244,
      0.28892529010772705,
      0.10581943392753601,
      -0.23301491141319275
    ],
    "best_loss": 0.7056246399879456
  }
}