policy,wilds_split,coverage,risk,wrong_auto_rate,auto_error_rate,defer_rate,n
uaat_monotone,test,0.44696314645603047,1.8738753476198269,0.06604192470379286,0.14775698002718812,0.5530368535439696,42791
