{
  "name": "uncertainty_grid",
  "alpha": 0.0,
  "theta": 6.429671937814902e-05,
  "calib_risk": 6.0260869565217385,
  "calib_coverage": 0.8579710144927536
}