{
  "name": "monotone_policy_net",
  "context_cols": [
    "ctx_cat_hazelnut",
    "ctx_cat_bottle",
    "ctx_cat_toothbrush",
    "ctx_cat_pill",
    "ctx_cat_carpet",
    "ctx_cat_wood",
    "ctx_cat_grid",
    "ctx_cat_capsule",
    "ctx_cat_metal_nut",
    "ctx_cat_tile",
    "ctx_cat_transistor",
    "ctx_cat_leather",
    "ctx_cat_cable",
    "ctx_cat_screw",
    "ctx_cat_zipper",
    "ctx_brightness",
    "ctx_contrast",
    "ctx_blur_risk",
    "ctx_saturation"
  ],
  "state_dict": {
    "b": -1.1009609699249268,
    "w_u_raw": -0.6734144687652588,
    "w_ctx": [
      -0.4724986255168915,
      -1.7660026550292969,
      0.5733485817909241,
      0.035837944597005844,
      -2.942286491394043,
      -3.5578513145446777,
      -1.9133987426757812,
      -0.03575833886861801,
      -0.4304002523422241,
      0.013723736628890038,
      -0.38271912932395935,
      -2.7073493003845215,
      -0.5968565940856934,
      -0.7983163595199585,
      -1.78383207321167,
      -1.1383931636810303,
      -0.9857929348945618,
      -1.057953953742981,
      -1.2597424983978271
    ],
    "best_loss": 2.7002460956573486
  }
}