{
  "name": "monotone_policy_net",
  "context_cols": [
    "ctx_severity",
    "ctx_corr_motion_blur",
    "ctx_corr_shot_noise",
    "ctx_corr_elastic_transform",
    "ctx_corr_contrast",
    "ctx_corr_zoom_blur",
    "ctx_corr_saturate",
    "ctx_corr_glass_blur",
    "ctx_corr_impulse_noise",
    "ctx_corr_brightness",
    "ctx_corr_frost",
    "ctx_corr_gaussian_blur",
    "ctx_corr_speckle_noise",
    "ctx_corr_snow",
    "ctx_corr_fog",
    "ctx_corr_pixelate",
    "ctx_corr_spatter",
    "ctx_corr_jpeg_compression",
    "ctx_corr_gaussian_noise",
    "ctx_corr_defocus_blur",
    "ctx_brightness",
    "ctx_contrast",
    "ctx_blur_risk",
    "ctx_saturation"
  ],
  "state_dict": {
    "b": 0.7122320532798767,
    "w_u_raw": 2.923388719558716,
    "w_ctx": [
      2.0848379135131836,
      0.045531902462244034,
      1.3241324424743652,
      -0.7593755125999451,
      0.10822474211454391,
      -0.004212531726807356,
      -0.9877142310142517,
      2.6661760807037354,
      1.2038094997406006,
      -1.2508524656295776,
      0.21945233643054962,
      0.4962257444858551,
      1.0042598247528076,
      -0.2831869125366211,
      -0.48630163073539734,
      0.48118123412132263,
      -0.5448306798934937,
      -0.5841580033302307,
      2.9386351108551025,
      -0.20428937673568726,
      0.3785708248615265,
      0.3362012207508087,
      0.6269953846931458,
      0.021684721112251282
    ],
    "best_loss": 0.8972154855728149
  }
}