{
  "name": "uncertainty_grid",
  "alpha": 2.8000000000000003,
  "theta": 0.7002819633483888,
  "calib_risk": 0.9510000000000001,
  "calib_coverage": 0.6
}