policy,category,coverage,risk,wrong_auto_rate,auto_error_rate,defer_rate,n
fixed,breakfast_box,0.9409090909090909,5.740909090909092,0.5681818181818182,0.6038647342995169,0.05909090909090908,220
fixed,juice_bottle,0.7348484848484849,4.772727272727273,0.45075757575757575,0.6134020618556701,0.26515151515151514,264
fixed,pushpins,0.9798387096774194,5.383064516129032,0.5362903225806451,0.5473251028806584,0.020161290322580627,248
fixed,screw_bag,1.0,6.410256410256411,0.6410256410256411,0.6410256410256411,0.0,273
fixed,splicing_connectors,0.9437751004016064,5.678714859437751,0.5622489959839357,0.5957446808510638,0.05622489959839361,249
