policy,coverage,risk,wrong_auto_rate,auto_error_rate,defer_rate,n
uaat_monotone,0.759170653907496,4.3875598086124405,0.41467304625199364,0.5462184873949579,0.24082934609250395,1254
fixed,0.9186602870813397,5.5996810207336525,0.5518341307814992,0.6006944444444444,0.08133971291866027,1254
uncertainty_grid,0.9186602870813397,5.5996810207336525,0.5518341307814992,0.6006944444444444,0.08133971291866027,1254
