{
  "name": "uncertainty_grid",
  "alpha": 0.0,
  "theta": 0.0013175529217047375,
  "calib_risk": 5.707006369426751,
  "calib_coverage": 0.9299363057324841
}