policy,wilds_split,coverage,risk,wrong_auto_rate,auto_error_rate,defer_rate,n
uaat_monotone,test,0.49440302867425395,2.376551143932135,0.09354770863031946,0.18921346190206087,0.505596971325746,42791
