policy,wilds_split,coverage,risk,wrong_auto_rate,auto_error_rate,defer_rate,n
uaat_monotone,test,0.4558668878969877,0.6282162136897945,0.042041550793391134,0.0922233044548111,0.5441331121030123,42791
