policy,coverage,risk,wrong_auto_rate,auto_error_rate,defer_rate,n
uaat_monotone,0.4558668878969877,0.6282162136897945,0.042041550793391134,0.0922233044548111,0.5441331121030123,42791
fixed,0.42684209296347364,0.6322357505082844,0.02953892173587904,0.06920339447029838,0.5731579070365264,42791
uncertainty_grid,0.42679535416325864,0.6322824893084994,0.02953892173587904,0.06921097300553031,0.5732046458367414,42791
