{
  "name": "uncertainty_grid",
  "alpha": 0.025,
  "theta": 0.707148464024067,
  "calib_risk": 0.46021328958162433,
  "calib_coverage": 0.599945310363686,
  "recalibrated_on_test": true
}