{
  "name": "monotone_policy_net",
  "context_cols": [
    "ctx_severity",
    "ctx_corr_motion_blur",
    "ctx_corr_shot_noise",
    "ctx_corr_elastic_transform",
    "ctx_corr_contrast",
    "ctx_corr_zoom_blur",
    "ctx_corr_saturate",
    "ctx_corr_glass_blur",
    "ctx_corr_impulse_noise",
    "ctx_corr_brightness",
    "ctx_corr_frost",
    "ctx_corr_gaussian_blur",
    "ctx_corr_speckle_noise",
    "ctx_corr_snow",
    "ctx_corr_fog",
    "ctx_corr_pixelate",
    "ctx_corr_spatter",
    "ctx_corr_jpeg_compression",
    "ctx_corr_gaussian_noise",
    "ctx_corr_defocus_blur",
    "ctx_brightness",
    "ctx_contrast",
    "ctx_blur_risk",
    "ctx_saturation"
  ],
  "state_dict": {
    "b": -0.14269648492336273,
    "w_u_raw": -0.10101563483476639,
    "w_ctx": [
      2.529581308364868,
      -1.2950178384780884,
      1.0227131843566895,
      -1.9875068664550781,
      -0.04599427059292793,
      -0.7019504904747009,
      -1.909376621246338,
      0.7634828686714172,
      1.0781899690628052,
      -2.0316152572631836,
      -0.24636200070381165,
      0.28223517537117004,
      0.7849286794662476,
      -1.0774459838867188,
      -1.3686816692352295,
      0.08420366048812866,
      -1.8440498113632202,
      -1.5216562747955322,
      2.002652883529663,
      -0.9086810946464539,
      -0.17878559231758118,
      -0.13035555183887482,
      -0.40810924768447876,
      -0.763975203037262
    ],
    "best_loss": 0.4754692316055298
  }
}