{
  "name": "uncertainty_grid",
  "alpha": 0.0,
  "theta": 0.9692180550098418,
  "calib_risk": 0.6156685808039376,
  "calib_coverage": 0.5299425758818704
}