{
  "name": "uncertainty_grid",
  "alpha": 0.0,
  "theta": 0.5701395273208617,
  "calib_risk": 1.1342105263157896,
  "calib_coverage": 0.9
}