policy,category,coverage,risk,wrong_auto_rate,auto_error_rate,defer_rate,n
uaat_monotone,breakfast_box,0.6181818181818182,3.6545454545454543,0.32727272727272727,0.5294117647058824,0.38181818181818183,220
uaat_monotone,juice_bottle,0.4772727272727273,2.6060606060606064,0.20833333333333334,0.4365079365079365,0.5227272727272727,264
uaat_monotone,pushpins,0.967741935483871,5.274193548387097,0.5241935483870968,0.5416666666666666,0.032258064516129004,248
uaat_monotone,screw_bag,0.967032967032967,6.1501831501831505,0.6117216117216118,0.6325757575757576,0.03296703296703296,273
uaat_monotone,splicing_connectors,0.7590361445783133,4.176706827309237,0.39357429718875503,0.5185185185185185,0.24096385542168675,249
