{
  "name": "uncertainty_grid",
  "alpha": 1.725,
  "theta": -0.09486832991242412,
  "calib_risk": 2.2821985233798197,
  "calib_coverage": 0.8999179655455292
}