{
  "name": "monotone_policy_net",
  "context_cols": [
    "ctx_severity",
    "ctx_corr_fog",
    "ctx_corr_impulse_noise",
    "ctx_corr_snow",
    "ctx_corr_elastic_transform",
    "ctx_corr_zoom_blur",
    "ctx_corr_frost",
    "ctx_corr_contrast",
    "ctx_corr_pixelate",
    "ctx_corr_defocus_blur",
    "ctx_corr_saturate",
    "ctx_corr_motion_blur",
    "ctx_corr_gaussian_blur",
    "ctx_corr_speckle_noise",
    "ctx_corr_gaussian_noise",
    "ctx_corr_jpeg_compression",
    "ctx_corr_spatter",
    "ctx_corr_brightness",
    "ctx_corr_glass_blur",
    "ctx_corr_shot_noise",
    "ctx_brightness",
    "ctx_contrast",
    "ctx_blur_risk",
    "ctx_saturation"
  ],
  "state_dict": {
    "b": -0.5937463045120239,
    "w_u_raw": 0.5641883611679077,
    "w_ctx": [
      3.6359219551086426,
      -1.2234996557235718,
      1.058530330657959,
      -2.8469789028167725,
      -2.099203109741211,
      -0.686011016368866,
      -0.8713926076889038,
      -0.0012991998810321093,
      0.3319416642189026,
      -0.5012033581733704,
      -1.634231686592102,
      -0.42711135745048523,
      0.6961043477058411,
      0.5853596925735474,
      2.1829240322113037,
      -2.0412633419036865,
      -2.6300101280212402,
      -1.8778892755508423,
      0.8257890939712524,
      1.1375627517700195,
      0.024559663608670235,
      -0.4120675325393677,
      -2.035163164138794,
      -2.396038293838501
    ],
    "best_loss": 1.036900520324707
  }
}