policy,wilds_split,coverage,risk,wrong_auto_rate,auto_error_rate,defer_rate,n
fixed,test,0.37727559533546773,0.7911009324390643,0.03367530555490641,0.0892591674925669,0.6227244046645323,42791
