{
  "name": "uncertainty_grid",
  "alpha": 2.6500000000000004,
  "theta": 0.8934552669059488,
  "calib_risk": 0.64424391577796,
  "calib_coverage": 0.5
}