policy,coverage,risk,wrong_auto_rate,auto_error_rate,defer_rate,n
uaat_monotone,0.6259968102073366,3.539872408293461,0.31658692185007975,0.5057324840764331,0.37400318979266345,1254
fixed,0.7878787878787878,4.494417862838915,0.42822966507177035,0.5435222672064778,0.21212121212121215,1254
uncertainty_grid,0.7878787878787878,4.494417862838915,0.42822966507177035,0.5435222672064778,0.21212121212121215,1254
