{
  "name": "monotone_policy_net",
  "context_cols": [
    "ctx_cat_screw_bag",
    "ctx_cat_pushpins",
    "ctx_cat_splicing_connectors",
    "ctx_cat_juice_bottle",
    "ctx_cat_breakfast_box",
    "ctx_brightness",
    "ctx_contrast",
    "ctx_blur_risk",
    "ctx_saturation"
  ],
  "state_dict": {
    "b": -0.7023304104804993,
    "w_u_raw": 0.10881882160902023,
    "w_ctx": [
      0.5021311044692993,
      -3.3513660430908203,
      -0.6879695653915405,
      -0.8170632719993591,
      0.0604742094874382,
      -0.21871228516101837,
      -0.31997063755989075,
      -0.656876266002655,
      -0.29827627539634705
    ],
    "best_loss": 3.8806040287017822
  }
}