{
  "name": "uncertainty_grid",
  "alpha": 0.0,
  "theta": 0.06980851222874443,
  "calib_risk": 4.496815286624204,
  "calib_coverage": 0.7707006369426752
}