policy,wilds_split,coverage,risk,wrong_auto_rate,auto_error_rate,defer_rate,n
fixed,test,0.5188006823864831,0.8587319763501671,0.07550653174733005,0.14554054054054055,0.48119931761351686,42791
