{
  "name": "uncertainty_grid",
  "alpha": 0.45,
  "theta": 0.7506633661314847,
  "calib_risk": 0.616762373530216,
  "calib_coverage": 0.7100082034454471
}