policy,wilds_split,coverage,risk,wrong_auto_rate,auto_error_rate,defer_rate,n
fixed,test,0.34343670397980886,0.6938374891916524,0.007454838634292258,0.021706586826347306,0.6565632960201911,42791
