{
  "name": "uncertainty_grid",
  "alpha": 0.025,
  "theta": 0.990802468971815,
  "calib_risk": 0.5937927262783702,
  "calib_coverage": 0.4499589827727646
}