target_coverage,policy_base,policy_prop,coverage_base,coverage_prop,coverage_gap,risk_base,risk_prop,risk_delta_base_minus_prop,wrong_auto_base,wrong_auto_prop,source_base,source_prop
0.6,fixed,uaat_monotone,0.5999859783599355,0.5999859783599355,0.0,1.015213479469982,1.0153303264705196,-0.00011684700053748998,0.1230398915659835,0.123063260966091,runs\e3_iwildcam\policy_cov60,runs\e3_iwildcam\policy_cov60
0.7,fixed,uaat_monotone,0.6999836414199248,0.6999836414199248,0.0,1.2552405879741069,1.2508004019536818,0.004440186020425063,0.1910448458788063,0.1901568086747213,runs\e3_iwildcam\policy_cov70,runs\e3_iwildcam\policy_cov70
0.8,fixed,uaat_monotone,0.8000046738800215,0.799981304479914,2.3369400107497995e-05,1.5404641162861348,1.53686522866958,0.0035988876165546912,0.2680937580332312,0.2673693066298988,runs\e3_iwildcam\policy_cov80,runs\e3_iwildcam\policy_cov80
0.9,fixed,uaat_monotone,0.9000023369400107,0.9000023369400107,0.0,1.85515645813372,1.86356944217242,-0.008412984038699944,0.3510317590147461,0.352714355822486,runs\e3_iwildcam\policy_cov90,runs\e3_iwildcam\policy_cov90
