policy,coverage,risk,wrong_auto_rate,auto_error_rate,defer_rate,n
uaat_monotone,0.47101449275362317,2.9420289855072466,0.24130434782608695,0.5123076923076924,0.5289855072463768,1380
fixed,0.6688405797101449,4.483333333333333,0.4152173913043478,0.6208017334777898,0.3311594202898551,1380
uncertainty_grid,0.6688405797101449,4.483333333333333,0.4152173913043478,0.6208017334777898,0.3311594202898551,1380
