policy,category,coverage,risk,wrong_auto_rate,auto_error_rate,defer_rate,n
uaat_monotone,breakfast_box,0.7045454545454546,3.931818181818182,0.36363636363636365,0.5161290322580645,0.2954545454545454,220
uaat_monotone,juice_bottle,0.4810606060606061,2.5265151515151514,0.20075757575757575,0.41732283464566927,0.5189393939393939,264
uaat_monotone,pushpins,0.5201612903225806,3.060483870967742,0.25806451612903225,0.49612403100775193,0.4798387096774194,248
uaat_monotone,screw_bag,0.9157509157509157,5.7985347985347975,0.5714285714285714,0.624,0.08424908424908428,273
uaat_monotone,splicing_connectors,0.7590361445783133,4.216867469879518,0.39759036144578314,0.5238095238095238,0.24096385542168675,249
