policy,category,coverage,risk,wrong_auto_rate,auto_error_rate,defer_rate,n
fixed,breakfast_box,0.9090909090909091,5.454545454545454,0.5363636363636364,0.59,0.09090909090909094,220
fixed,juice_bottle,0.6856060606060606,4.329545454545454,0.4015151515151515,0.585635359116022,0.31439393939393945,264
fixed,pushpins,0.9798387096774194,5.383064516129032,0.5362903225806451,0.5473251028806584,0.020161290322580627,248
fixed,screw_bag,1.0,6.410256410256411,0.6410256410256411,0.6410256410256411,0.0,273
fixed,splicing_connectors,0.8955823293172691,5.244979919678714,0.5140562248995983,0.5739910313901345,0.10441767068273089,249
