policy,category,coverage,risk,wrong_auto_rate,auto_error_rate,defer_rate,n
fixed,breakfast_box,0.7909090909090909,4.527272727272727,0.4318181818181818,0.5459770114942529,0.2090909090909091,220
fixed,juice_bottle,0.48863636363636365,2.6704545454545454,0.2159090909090909,0.4418604651162791,0.5113636363636364,264
fixed,pushpins,0.8709677419354839,4.685483870967742,0.45564516129032256,0.5231481481481481,0.12903225806451613,248
fixed,screw_bag,0.9853479853479854,6.278388278388278,0.6263736263736264,0.6356877323420075,0.0146520146520146,273
fixed,splicing_connectors,0.7550200803212851,4.1807228915662655,0.39357429718875503,0.5212765957446809,0.2449799196787149,249
