policy,category,coverage,risk,wrong_auto_rate,auto_error_rate,defer_rate,n
uaat_monotone,breakfast_box,0.5772727272727273,3.3772727272727274,0.29545454545454547,0.5118110236220472,0.42272727272727273,220
uaat_monotone,juice_bottle,0.4015151515151515,2.0757575757575757,0.14772727272727273,0.36792452830188677,0.5984848484848485,264
uaat_monotone,pushpins,0.9354838709677419,5.024193548387097,0.4959677419354839,0.5301724137931034,0.06451612903225812,248
uaat_monotone,screw_bag,0.7728937728937729,4.9523809523809526,0.4725274725274725,0.6113744075829384,0.22710622710622708,273
uaat_monotone,splicing_connectors,0.4819277108433735,2.566265060240964,0.20481927710843373,0.425,0.5180722891566265,249
