policy,coverage,risk,wrong_auto_rate,auto_error_rate,defer_rate,n
uaat_monotone,0.6347687400318979,3.6108452950558214,0.32456140350877194,0.5113065326633166,0.36523125996810213,1254
fixed,0.7783094098883573,4.48006379585327,0.4258373205741627,0.5471311475409836,0.22169059011164272,1254
uncertainty_grid,0.7783094098883573,4.48006379585327,0.4258373205741627,0.5471311475409836,0.22169059011164272,1254
