policy,category,coverage,risk,wrong_auto_rate,auto_error_rate,defer_rate,n
fixed,breakfast_box,0.7636363636363637,4.281818181818181,0.40454545454545454,0.5297619047619048,0.23636363636363633,220
fixed,juice_bottle,0.4772727272727273,2.5303030303030303,0.20075757575757575,0.42063492063492064,0.5227272727272727,264
fixed,pushpins,0.8548387096774194,4.620967741935484,0.4475806451612903,0.5235849056603774,0.14516129032258063,248
fixed,screw_bag,0.9853479853479854,6.278388278388278,0.6263736263736264,0.6356877323420075,0.0146520146520146,273
fixed,splicing_connectors,0.7590361445783133,4.216867469879518,0.39759036144578314,0.5238095238095238,0.24096385542168675,249
