policy,category,coverage,risk,wrong_auto_rate,auto_error_rate,defer_rate,n
uaat_monotone,breakfast_box,0.6181818181818182,3.4727272727272727,0.3090909090909091,0.5,0.38181818181818183,220
uaat_monotone,juice_bottle,0.3787878787878788,1.9090909090909092,0.12878787878787878,0.34,0.6212121212121212,264
uaat_monotone,pushpins,0.5161290322580645,3.0241935483870965,0.2540322580645161,0.4921875,0.4838709677419355,248
uaat_monotone,screw_bag,0.9157509157509157,5.7985347985347975,0.5714285714285714,0.624,0.08424908424908428,273
uaat_monotone,splicing_connectors,0.5261044176706827,2.8032128514056227,0.23293172690763053,0.44274809160305345,0.4738955823293173,249
