{
  "name": "uncertainty_grid",
  "alpha": 0.0,
  "theta": 0.08006080120844995,
  "calib_risk": 4.614649681528663,
  "calib_coverage": 0.7802547770700637
}