{
  "name": "uncertainty_grid",
  "alpha": 0.0,
  "theta": 0.05369448028841809,
  "calib_risk": 2.1826086956521737,
  "calib_coverage": 0.6
}