{
  "name": "uncertainty_grid",
  "alpha": 0.0,
  "theta": 0.18074627735645654,
  "calib_risk": 2.72463768115942,
  "calib_coverage": 0.42028985507246375
}