{
  "name": "monotone_policy_net",
  "context_cols": [
    "ctx_cat_hazelnut",
    "ctx_cat_bottle",
    "ctx_cat_toothbrush",
    "ctx_cat_pill",
    "ctx_cat_carpet",
    "ctx_cat_wood",
    "ctx_cat_grid",
    "ctx_cat_capsule",
    "ctx_cat_metal_nut",
    "ctx_cat_tile",
    "ctx_cat_transistor",
    "ctx_cat_leather",
    "ctx_cat_cable",
    "ctx_cat_screw",
    "ctx_cat_zipper",
    "ctx_brightness",
    "ctx_contrast",
    "ctx_blur_risk",
    "ctx_saturation"
  ],
  "state_dict": {
    "b": -1.3571910858154297,
    "w_u_raw": 3.038618564605713,
    "w_ctx": [
      -1.4843463897705078,
      -0.351418137550354,
      -0.14674112200737,
      -1.3694849014282227,
      -1.6146459579467773,
      -3.2375908594686753e-13,
      0.2132650464773178,
      0.9260491132736206,
      -1.5617289543151855,
      -2.7882564067840576,
      -1.6050257682800293,
      -3.2742626667022705,
      -0.30679258704185486,
      -0.348725289106369,
      -0.8167524337768555,
      1.7534077167510986,
      -0.8147812485694885,
      -1.249832034111023,
      0.14742562174797058
    ],
    "best_loss": 2.085325002670288
  }
}