policy,wilds_split,coverage,risk,wrong_auto_rate,auto_error_rate,defer_rate,n
uncertainty_grid,test,0.9126919211983828,1.84235002687481,0.3510083896146386,0.3845858404813724,0.08730807880161717,42791
