policy,wilds_split,coverage,risk,wrong_auto_rate,auto_error_rate,defer_rate,n
uaat_monotone,test,0.8023416138907714,1.5605618003785846,0.27258068285387116,0.339731453703434,0.1976583861092286,42791
