{
  "name": "uncertainty_grid",
  "alpha": 2.75,
  "theta": -1.0061792731285095,
  "calib_risk": 1.0980311730926988,
  "calib_coverage": 0.9499589827727646
}