{
  "name": "monotone_policy_net",
  "context_cols": [
    "ctx_cat_grid",
    "ctx_cat_metal_nut",
    "ctx_cat_hazelnut",
    "ctx_cat_pill",
    "ctx_cat_screw",
    "ctx_cat_toothbrush",
    "ctx_cat_capsule",
    "ctx_cat_wood",
    "ctx_cat_transistor",
    "ctx_cat_cable",
    "ctx_cat_tile",
    "ctx_cat_bottle",
    "ctx_cat_zipper",
    "ctx_cat_leather",
    "ctx_cat_carpet",
    "ctx_brightness",
    "ctx_contrast",
    "ctx_blur_risk",
    "ctx_saturation"
  ],
  "state_dict": {
    "b": -1.0961188077926636,
    "w_u_raw": -0.6623086333274841,
    "w_ctx": [
      -2.6910111904144287,
      0.7327327132225037,
      -0.4820503890514374,
      -0.1621028184890747,
      -0.3418307304382324,
      -0.15332187712192535,
      0.41728970408439636,
      -2.6451706886291504,
      0.2748669683933258,
      -1.755427360534668,
      -2.4595706462860107,
      0.20322217047214508,
      0.6843770742416382,
      -3.6303787231445312,
      -3.252950668334961,
      -1.1005661487579346,
      -0.6534938812255859,
      -1.0464882850646973,
      -1.7352347373962402
    ],
    "best_loss": 5.470905303955078
  }
}