{
  "name": "uncertainty_grid",
  "alpha": 0.0,
  "theta": 1.85426946843657e-05,
  "calib_risk": 6.391304347826086,
  "calib_coverage": 0.8985507246376812
}