policy,wilds_split,coverage,risk,wrong_auto_rate,auto_error_rate,defer_rate,n
uaat_monotone,test,0.42347689934799376,0.7179079713023766,0.02827697413007408,0.06677335687875945,0.5765231006520062,42791
