policy,wilds_split,coverage,risk,wrong_auto_rate,auto_error_rate,defer_rate,n
uncertainty_grid,test,0.3845434787689,0.69432824659391,0.015774345072561986,0.04102096627164995,0.6154565212311001,42791
