policy,wilds_split,coverage,risk,wrong_auto_rate,auto_error_rate,defer_rate,n
fixed,test,0.38519782197191,0.6930896683882124,0.01565749807202449,0.04064794030212947,0.61480217802809,42791
