{
  "name": "uncertainty_grid",
  "alpha": 0.65,
  "theta": 0.9545016994923351,
  "calib_risk": 0.5637134263057151,
  "calib_coverage": 0.5299425758818704
}