policy,wilds_split,coverage,risk,wrong_auto_rate,auto_error_rate,defer_rate,n
uaat_monotone,test,0.8000046738800215,5.545044518707205,0.26725245962936134,0.3340636228200859,0.1999953261199785,42791
