policy,wilds_split,coverage,risk,wrong_auto_rate,auto_error_rate,defer_rate,n
uaat_monotone,test,0.5206936037951906,1.9950456871772102,0.07578696454862004,0.14555002019658003,0.4793063962048094,42791
