{
  "name": "monotone_policy_net",
  "context_cols": [
    "ctx_cat_toothbrush",
    "ctx_cat_grid",
    "ctx_cat_capsule",
    "ctx_cat_hazelnut",
    "ctx_cat_carpet",
    "ctx_cat_cable",
    "ctx_cat_leather",
    "ctx_cat_pill",
    "ctx_cat_screw",
    "ctx_cat_transistor",
    "ctx_cat_metal_nut",
    "ctx_cat_wood",
    "ctx_cat_tile",
    "ctx_cat_zipper",
    "ctx_cat_bottle",
    "ctx_brightness",
    "ctx_contrast",
    "ctx_blur_risk",
    "ctx_saturation"
  ],
  "state_dict": {
    "b": -0.8045597672462463,
    "w_u_raw": -0.17247316241264343,
    "w_ctx": [
      0.7797233462333679,
      -1.031205654144287,
      0.9999644160270691,
      -0.8762613534927368,
      -4.870741367340088,
      -0.6314243078231812,
      -4.534597396850586,
      -0.08122467994689941,
      0.04995051398873329,
      -0.30735671520233154,
      -0.42498835921287537,
      -2.1680290699005127,
      -0.7880764603614807,
      -0.08705636113882065,
      -0.16317124664783478,
      -0.5607938766479492,
      -0.3782864212989807,
      -0.7438820004463196,
      -1.440810203552246
    ],
    "best_loss": 4.284182071685791
  }
}