policy,wilds_split,coverage,risk,wrong_auto_rate,auto_error_rate,defer_rate,n
fixed,test,0.6848870089504803,1.4784417284008318,0.23266574747026245,0.33971406148701677,0.31511299104951973,42791
