{
  "name": "uncertainty_grid",
  "alpha": 0.0,
  "theta": 0.0015871784050158983,
  "calib_risk": 5.4,
  "calib_coverage": 0.7884057971014493
}