{
  "name": "monotone_policy_net",
  "context_cols": [
    "ctx_severity",
    "ctx_corr_motion_blur",
    "ctx_corr_shot_noise",
    "ctx_corr_elastic_transform",
    "ctx_corr_contrast",
    "ctx_corr_zoom_blur",
    "ctx_corr_saturate",
    "ctx_corr_glass_blur",
    "ctx_corr_impulse_noise",
    "ctx_corr_brightness",
    "ctx_corr_frost",
    "ctx_corr_gaussian_blur",
    "ctx_corr_speckle_noise",
    "ctx_corr_snow",
    "ctx_corr_fog",
    "ctx_corr_pixelate",
    "ctx_corr_spatter",
    "ctx_corr_jpeg_compression",
    "ctx_corr_gaussian_noise",
    "ctx_corr_defocus_blur",
    "ctx_brightness",
    "ctx_contrast",
    "ctx_blur_risk",
    "ctx_saturation"
  ],
  "state_dict": {
    "b": 0.036165740340948105,
    "w_u_raw": 0.6433199644088745,
    "w_ctx": [
      2.65567684173584,
      -0.6213826537132263,
      1.1275806427001953,
      -2.049785852432251,
      -0.035785820335149765,
      -0.5147889256477356,
      -1.3599402904510498,
      0.8145241141319275,
      1.077077031135559,
      -2.3837320804595947,
      -0.309797078371048,
      0.12032060325145721,
      0.7065194249153137,
      -1.0975637435913086,
      -1.68788480758667,
      0.0452517494559288,
      -1.2409884929656982,
      -1.1642847061157227,
      2.1518585681915283,
      -0.4716837406158447,
      -0.23221661150455475,
      -0.10830571502447128,
      -0.3598507046699524,
      -1.2585629224777222
    ],
    "best_loss": 0.8523794412612915
  }
}