policy,wilds_split,coverage,risk,wrong_auto_rate,auto_error_rate,defer_rate,n
uaat_monotone,test,0.5209740365964806,1.042228505994251,0.11264050851814635,0.21621136679675235,0.47902596340351944,42791
