{
  "name": "uncertainty_grid",
  "alpha": 2.6500000000000004,
  "theta": 0.7193419847637418,
  "calib_risk": 1.5002105263157897,
  "calib_coverage": 0.6
}