{
  "name": "monotone_policy_net",
  "context_cols": [
    "ctx_severity",
    "ctx_corr_fog",
    "ctx_corr_impulse_noise",
    "ctx_corr_snow",
    "ctx_corr_elastic_transform",
    "ctx_corr_zoom_blur",
    "ctx_corr_frost",
    "ctx_corr_contrast",
    "ctx_corr_pixelate",
    "ctx_corr_defocus_blur",
    "ctx_corr_saturate",
    "ctx_corr_motion_blur",
    "ctx_corr_gaussian_blur",
    "ctx_corr_speckle_noise",
    "ctx_corr_gaussian_noise",
    "ctx_corr_jpeg_compression",
    "ctx_corr_spatter",
    "ctx_corr_brightness",
    "ctx_corr_glass_blur",
    "ctx_corr_shot_noise",
    "ctx_brightness",
    "ctx_contrast",
    "ctx_blur_risk",
    "ctx_saturation"
  ],
  "state_dict": {
    "b": 0.847893476486206,
    "w_u_raw": 3.5530405044555664,
    "w_ctx": [
      2.256923198699951,
      -0.6028422713279724,
      1.2603542804718018,
      -0.3401046395301819,
      -0.6914767622947693,
      -0.0021174270659685135,
      0.3055335581302643,
      0.020459474995732307,
      0.3693986237049103,
      -0.41757479310035706,
      -1.0033742189407349,
      0.2543528079986572,
      0.4214325249195099,
      1.070826768875122,
      3.2999160289764404,
      -0.3222399353981018,
      -0.5642416477203369,
      -1.3755216598510742,
      3.185701847076416,
      1.3945245742797852,
      0.3556641638278961,
      0.47778216004371643,
      0.7867113351821899,
      -0.17199057340621948
    ],
    "best_loss": 1.3156760931015015
  }
}