policy,wilds_split,coverage,risk,wrong_auto_rate,auto_error_rate,defer_rate,n
uaat_monotone,test,0.4337360659951859,1.2332266130728424,0.033348133953401415,0.07688577586206896,0.5662639340048141,42791
