policy,wilds_split,coverage,risk,wrong_auto_rate,auto_error_rate,defer_rate,n
fixed,test,0.42684209296347364,1.1639363417541073,0.02953892173587904,0.06920339447029838,0.5731579070365264,42791
