policy,coverage,risk,wrong_auto_rate,auto_error_rate,defer_rate,n
fixed,0.42684209296347364,1.1639363417541073,0.02953892173587904,0.06920339447029838,0.5731579070365264,42791
uncertainty_grid,0.42679535416325864,1.1639830805543223,0.02953892173587904,0.06921097300553031,0.5732046458367414,42791
uaat_monotone,0.4337360659951859,1.2332266130728424,0.033348133953401415,0.07688577586206896,0.5662639340048141,42791
