policy,category,coverage,risk,wrong_auto_rate,auto_error_rate,defer_rate,n
fixed,breakfast_box,0.4954545454545455,2.8227272727272728,0.2318181818181818,0.46788990825688076,0.5045454545454545,220
fixed,juice_bottle,0.3522727272727273,1.8977272727272727,0.125,0.3548387096774194,0.6477272727272727,264
fixed,pushpins,0.6290322580645161,3.4758064516129035,0.31048387096774194,0.4935897435897436,0.3709677419354839,248
fixed,screw_bag,0.7728937728937729,4.9523809523809526,0.4725274725274725,0.6113744075829384,0.22710622710622708,273
fixed,splicing_connectors,0.5220883534136547,2.7269076305220885,0.2248995983935743,0.4307692307692308,0.47791164658634533,249
