policy,coverage,risk,wrong_auto_rate,auto_error_rate,defer_rate,n
uaat_monotone,0.4569377990430622,2.664274322169059,0.21212121212121213,0.4642233856893543,0.5430622009569378,1254
fixed,0.5574162679425837,3.2017543859649127,0.2759170653907496,0.4949928469241774,0.4425837320574163,1254
uncertainty_grid,0.5574162679425837,3.2017543859649127,0.2759170653907496,0.4949928469241774,0.4425837320574163,1254
