{
  "name": "uncertainty_grid",
  "alpha": 0.0,
  "theta": 0.27670527810808815,
  "calib_risk": 2.942675159235669,
  "calib_coverage": 0.5095541401273885
}