policy,category,coverage,risk,wrong_auto_rate,auto_error_rate,defer_rate,n
fixed,breakfast_box,0.9545454545454546,5.863636363636363,0.5818181818181818,0.6095238095238096,0.045454545454545414,220
fixed,juice_bottle,0.7613636363636364,5.011363636363637,0.4772727272727273,0.6268656716417911,0.23863636363636365,264
fixed,pushpins,0.9798387096774194,5.383064516129032,0.5362903225806451,0.5473251028806584,0.020161290322580627,248
fixed,screw_bag,1.0,6.410256410256411,0.6410256410256411,0.6410256410256411,0.0,273
fixed,splicing_connectors,0.9558232931726908,5.78714859437751,0.5742971887550201,0.6008403361344538,0.04417670682730923,249
