policy,wilds_split,coverage,risk,wrong_auto_rate,auto_error_rate,defer_rate,n
uaat_monotone,test,0.5443668061040873,1.0835689747844173,0.12558715617770091,0.2307031853696231,0.4556331938959127,42791
