{
  "name": "uncertainty_grid",
  "alpha": 2.3000000000000003,
  "theta": 0.14452020493149753,
  "calib_risk": 0.9118129614438063,
  "calib_coverage": 0.7800109379272628
}