{
  "name": "uncertainty_grid",
  "alpha": 0.8500000000000001,
  "theta": 0.9716179132908582,
  "calib_risk": 0.6391052631578947,
  "calib_coverage": 0.48
}