{
  "name": "monotone_policy_net",
  "context_cols": [
    "ctx_severity",
    "ctx_corr_motion_blur",
    "ctx_corr_shot_noise",
    "ctx_corr_elastic_transform",
    "ctx_corr_contrast",
    "ctx_corr_zoom_blur",
    "ctx_corr_saturate",
    "ctx_corr_glass_blur",
    "ctx_corr_impulse_noise",
    "ctx_corr_brightness",
    "ctx_corr_frost",
    "ctx_corr_gaussian_blur",
    "ctx_corr_speckle_noise",
    "ctx_corr_snow",
    "ctx_corr_fog",
    "ctx_corr_pixelate",
    "ctx_corr_spatter",
    "ctx_corr_jpeg_compression",
    "ctx_corr_gaussian_noise",
    "ctx_corr_defocus_blur",
    "ctx_brightness",
    "ctx_contrast",
    "ctx_blur_risk",
    "ctx_saturation"
  ],
  "state_dict": {
    "b": 0.949146568775177,
    "w_u_raw": 1.7535051107406616,
    "w_ctx": [
      1.7425816059112549,
      0.5698538422584534,
      1.937416911125183,
      -0.3114124834537506,
      0.26229745149612427,
      0.37851405143737793,
      -0.766505241394043,
      2.563075304031372,
      1.8032127618789673,
      -1.1724942922592163,
      0.6067597270011902,
      0.6116361618041992,
      1.443257451057434,
      0.2503555417060852,
      -0.17137505114078522,
      0.753204345703125,
      -0.1596439629793167,
      0.16962456703186035,
      2.904430627822876,
      -0.049767788499593735,
      0.7954154014587402,
      0.8199478387832642,
      0.8791980743408203,
      0.6765846610069275
    ],
    "best_loss": 0.6804981827735901
  }
}