{
  "name": "uncertainty_grid",
  "alpha": 0.0,
  "theta": 0.25170200276480054,
  "calib_risk": 2.6753623188405795,
  "calib_coverage": 0.4115942028985507
}