{
  "name": "uncertainty_grid",
  "alpha": 0.25,
  "theta": 0.9950663264840841,
  "calib_risk": 0.6602894736842105,
  "calib_coverage": 0.4
}