{
  "name": "monotone_policy_net",
  "context_cols": [
    "ctx_severity",
    "ctx_corr_gaussian_noise",
    "ctx_corr_pixelate",
    "ctx_corr_frost",
    "ctx_corr_fog",
    "ctx_corr_brightness",
    "ctx_corr_glass_blur",
    "ctx_corr_gaussian_blur",
    "ctx_corr_snow",
    "ctx_corr_contrast",
    "ctx_corr_impulse_noise",
    "ctx_corr_zoom_blur",
    "ctx_corr_elastic_transform",
    "ctx_corr_saturate",
    "ctx_corr_defocus_blur",
    "ctx_corr_jpeg_compression",
    "ctx_corr_motion_blur",
    "ctx_corr_shot_noise",
    "ctx_corr_spatter",
    "ctx_corr_speckle_noise",
    "ctx_brightness",
    "ctx_contrast",
    "ctx_blur_risk",
    "ctx_saturation"
  ],
  "state_dict": {
    "b": 1.11625075340271,
    "w_u_raw": 1.4570945501327515,
    "w_ctx": [
      1.6457481384277344,
      2.568250894546509,
      1.0650231838226318,
      1.139196515083313,
      -0.0892556831240654,
      -0.9520128965377808,
      2.355050802230835,
      0.880687415599823,
      0.7934446930885315,
      0.7079347968101501,
      1.7706878185272217,
      1.030205488204956,
      -0.007587413303554058,
      -0.5992235541343689,
      0.06420433521270752,
      0.661349892616272,
      1.0758205652236938,
      1.9957482814788818,
      0.15176595747470856,
      1.7307147979736328,
      1.0435643196105957,
      1.0402120351791382,
      1.0722811222076416,
      1.0378568172454834
    ],
    "best_loss": 0.727277934551239
  }
}