policy,wilds_split,coverage,risk,wrong_auto_rate,auto_error_rate,defer_rate,n
uaat_monotone,test,0.5589726811712743,0.9334205790937347,0.0984786520530018,0.1761779338601112,0.4410273188287257,42791
