{
  "name": "monotone_policy_net",
  "context_cols": [
    "ctx_cat_hazelnut",
    "ctx_cat_bottle",
    "ctx_cat_toothbrush",
    "ctx_cat_pill",
    "ctx_cat_carpet",
    "ctx_cat_wood",
    "ctx_cat_grid",
    "ctx_cat_capsule",
    "ctx_cat_metal_nut",
    "ctx_cat_tile",
    "ctx_cat_transistor",
    "ctx_cat_leather",
    "ctx_cat_cable",
    "ctx_cat_screw",
    "ctx_cat_zipper",
    "ctx_brightness",
    "ctx_contrast",
    "ctx_blur_risk",
    "ctx_saturation"
  ],
  "state_dict": {
    "b": -1.4240113496780396,
    "w_u_raw": 3.223834991455078,
    "w_ctx": [
      -1.48313307762146,
      -0.3404534161090851,
      -0.14577196538448334,
      -1.3760982751846313,
      -1.6494226455688477,
      2.3911374182755685e-13,
      0.23946762084960938,
      0.9431961178779602,
      -1.575810432434082,
      -2.8368072509765625,
      -1.6479110717773438,
      -3.332371234893799,
      -0.3213316798210144,
      -0.355634868144989,
      -0.8032753467559814,
      1.86508309841156,
      -0.8928117752075195,
      -1.326839804649353,
      0.36515897512435913
    ],
    "best_loss": 2.0332953929901123
  }
}