{
  "name": "uncertainty_grid",
  "alpha": 0.0,
  "theta": 0.19248933698202766,
  "calib_risk": 2.6463768115942026,
  "calib_coverage": 0.4115942028985507
}