policy,category,coverage,risk,wrong_auto_rate,auto_error_rate,defer_rate,n
fixed,breakfast_box,0.9227272727272727,5.577272727272727,0.55,0.5960591133004927,0.07727272727272727,220
fixed,juice_bottle,0.6931818181818182,4.3977272727272725,0.4090909090909091,0.5901639344262295,0.30681818181818177,264
fixed,pushpins,0.9758064516129032,5.346774193548387,0.532258064516129,0.5454545454545454,0.024193548387096753,248
fixed,screw_bag,1.0,6.410256410256411,0.6410256410256411,0.6410256410256411,0.0,273
fixed,splicing_connectors,0.9317269076305221,5.570281124497991,0.5502008032128514,0.5905172413793104,0.06827309236947787,249
