policy,wilds_split,coverage,risk,wrong_auto_rate,auto_error_rate,defer_rate,n
uaat_monotone,test,0.8234441821878432,0.8679161505924143,0.3456801663901288,0.41979793393120673,0.1765558178121568,42791
