{
  "name": "uncertainty_grid",
  "alpha": 0.0,
  "theta": 0.4721704363822936,
  "calib_risk": 0.4656822532130161,
  "calib_coverage": 0.8999179655455292
}