{
  "name": "uncertainty_grid",
  "alpha": 0.0,
  "theta": 0.04576536895365631,
  "calib_risk": 4.205797101449275,
  "calib_coverage": 0.6202898550724638
}