{
  "name": "uncertainty_grid",
  "alpha": 0.0,
  "theta": 0.1074485488056932,
  "calib_risk": 4.165605095541402,
  "calib_coverage": 0.7197452229299363
}