policy,coverage,risk,wrong_auto_rate,auto_error_rate,defer_rate,n
uaat_monotone,0.505146052631579,0.6118473684210526,0.023398684210526315,0.046320631604720885,0.49485394736842103,760000
fixed,0.4004842105263158,0.6602328947368421,0.01214342105263158,0.030321847237554538,0.5995157894736842,760000
uncertainty_grid,0.4005394736842105,0.6603947368421053,0.012186842105263157,0.03042607010282185,0.5994605263157895,760000
