{
  "name": "monotone_policy_net",
  "context_cols": [
    "ctx_severity",
    "ctx_corr_motion_blur",
    "ctx_corr_shot_noise",
    "ctx_corr_elastic_transform",
    "ctx_corr_contrast",
    "ctx_corr_zoom_blur",
    "ctx_corr_saturate",
    "ctx_corr_glass_blur",
    "ctx_corr_impulse_noise",
    "ctx_corr_brightness",
    "ctx_corr_frost",
    "ctx_corr_gaussian_blur",
    "ctx_corr_speckle_noise",
    "ctx_corr_snow",
    "ctx_corr_fog",
    "ctx_corr_pixelate",
    "ctx_corr_spatter",
    "ctx_corr_jpeg_compression",
    "ctx_corr_gaussian_noise",
    "ctx_corr_defocus_blur",
    "ctx_brightness",
    "ctx_contrast",
    "ctx_blur_risk",
    "ctx_saturation"
  ],
  "state_dict": {
    "b": 1.125179409980774,
    "w_u_raw": 1.4533782005310059,
    "w_ctx": [
      1.6551107168197632,
      1.1342220306396484,
      2.0018763542175293,
      -0.06540562957525253,
      0.5461767315864563,
      0.9215298891067505,
      -0.6471152901649475,
      2.3159914016723633,
      1.9168376922607422,
      -1.0851950645446777,
      1.1360535621643066,
      0.9095508456230164,
      1.671312928199768,
      0.7739737033843994,
      0.0016254285583272576,
      1.2239352464675903,
      0.07234057784080505,
      0.6882800459861755,
      2.615186929702759,
      0.12924979627132416,
      1.0512948036193848,
      1.0551139116287231,
      1.0670216083526611,
      1.0399166345596313
    ],
    "best_loss": 0.7263758778572083
  }
}