{
  "name": "uncertainty_grid",
  "alpha": 0.6000000000000001,
  "theta": 0.9920268065482377,
  "calib_risk": 0.6611052631578948,
  "calib_coverage": 0.4
}