{
  "name": "monotone_policy_net",
  "context_cols": [
    "ctx_meta_location",
    "ctx_meta_sequence",
    "ctx_meta_year",
    "ctx_meta_month",
    "ctx_meta_day",
    "ctx_meta_hour"
  ],
  "state_dict": {
    "b": 0.8367785215377808,
    "w_u_raw": 3.9213221073150635,
    "w_ctx": [
      0.8428338170051575,
      0.02477324567735195,
      0.833003580570221,
      1.8086333274841309,
      -0.7335869669914246,
      -1.169656753540039
    ],
    "best_loss": 0.8020501732826233
  }
}