{
  "name": "uncertainty_grid",
  "alpha": 0.0,
  "theta": 0.9346953153610229,
  "calib_risk": 0.8143286847142468,
  "calib_coverage": 0.599945310363686
}