policy,coverage,risk,wrong_auto_rate,auto_error_rate,defer_rate,n
uaat_monotone,0.6398802631578947,0.6688039473684211,0.06173684210526316,0.09648186646761626,0.3601197368421053,760000
uncertainty_grid,0.6398526315789473,0.7092131578947369,0.06981315789473684,0.10910818280525121,0.36014736842105266,760000
fixed,0.6398263157894737,0.7104236842105263,0.07005,0.10948283662507095,0.3601736842105263,760000
