{
  "name": "monotone_policy_net",
  "context_cols": [
    "ctx_severity",
    "ctx_corr_motion_blur",
    "ctx_corr_shot_noise",
    "ctx_corr_elastic_transform",
    "ctx_corr_contrast",
    "ctx_corr_zoom_blur",
    "ctx_corr_saturate",
    "ctx_corr_glass_blur",
    "ctx_corr_impulse_noise",
    "ctx_corr_brightness",
    "ctx_corr_frost",
    "ctx_corr_gaussian_blur",
    "ctx_corr_speckle_noise",
    "ctx_corr_snow",
    "ctx_corr_fog",
    "ctx_corr_pixelate",
    "ctx_corr_spatter",
    "ctx_corr_jpeg_compression",
    "ctx_corr_gaussian_noise",
    "ctx_corr_defocus_blur",
    "ctx_brightness",
    "ctx_contrast",
    "ctx_blur_risk",
    "ctx_saturation"
  ],
  "state_dict": {
    "b": 0.507999837398529,
    "w_u_raw": 2.119704484939575,
    "w_ctx": [
      1.92577064037323,
      -0.05559921637177467,
      1.2673686742782593,
      -0.6374316215515137,
      0.23675882816314697,
      -0.06616858392953873,
      -1.340105414390564,
      1.6462734937667847,
      1.1552168130874634,
      -1.4457921981811523,
      0.1590142548084259,
      0.5609374642372131,
      0.8825778365135193,
      -0.3464096784591675,
      -0.3438588082790375,
      0.38136938214302063,
      -0.5716750025749207,
      -0.5435014367103577,
      2.22296142578125,
      -0.1625504344701767,
      0.25936558842658997,
      0.3027065098285675,
      0.349845826625824,
      0.02361942268908024
    ],
    "best_loss": 0.6762341260910034
  }
}