{
  "name": "uncertainty_grid",
  "alpha": 2.975,
  "theta": 0.5292290944904089,
  "calib_risk": 0.7070526315789474,
  "calib_coverage": 0.64
}