policy,wilds_split,coverage,risk,wrong_auto_rate,auto_error_rate,defer_rate,n
fixed,test,0.8000046738800215,2.880932906452291,0.26809375803323127,0.33511523968100954,0.1999953261199785,42791
