{
  "name": "uncertainty_grid",
  "alpha": 0.0,
  "theta": 0.06980921267995685,
  "calib_risk": 3.8318840579710147,
  "calib_coverage": 0.5884057971014492
}