{
  "name": "monotone_policy_net",
  "context_cols": [
    "ctx_severity",
    "ctx_corr_fog",
    "ctx_corr_impulse_noise",
    "ctx_corr_snow",
    "ctx_corr_elastic_transform",
    "ctx_corr_zoom_blur",
    "ctx_corr_frost",
    "ctx_corr_contrast",
    "ctx_corr_pixelate",
    "ctx_corr_defocus_blur",
    "ctx_corr_saturate",
    "ctx_corr_motion_blur",
    "ctx_corr_gaussian_blur",
    "ctx_corr_speckle_noise",
    "ctx_corr_gaussian_noise",
    "ctx_corr_jpeg_compression",
    "ctx_corr_spatter",
    "ctx_corr_brightness",
    "ctx_corr_glass_blur",
    "ctx_corr_shot_noise",
    "ctx_brightness",
    "ctx_contrast",
    "ctx_blur_risk",
    "ctx_saturation"
  ],
  "state_dict": {
    "b": 0.0781160369515419,
    "w_u_raw": 3.2351322174072266,
    "w_ctx": [
      2.826768398284912,
      -1.7042044401168823,
      1.1804815530776978,
      -1.284198522567749,
      -2.5909693241119385,
      -0.4307812452316284,
      -0.7417093515396118,
      -0.5688971281051636,
      -0.15261171758174896,
      -0.7998456358909607,
      -2.1013503074645996,
      -1.0403978824615479,
      0.28032204508781433,
      0.6786576509475708,
      2.294494390487671,
      -1.0680773258209229,
      -1.5561095476150513,
      -2.1018943786621094,
      0.8874016404151917,
      1.0531858205795288,
      -0.02721296437084675,
      -0.630161702632904,
      0.1785280406475067,
      -2.058809995651245
    ],
    "best_loss": 2.836009979248047
  }
}