{
  "name": "uncertainty_grid",
  "alpha": 0.0,
  "theta": 0.06696057944000001,
  "calib_risk": 2.1246376811594203,
  "calib_coverage": 0.6,
  "recalibrated_on_test": true
}