{
  "name": "monotone_policy_net",
  "context_cols": [
    "ctx_cat_toothbrush",
    "ctx_cat_grid",
    "ctx_cat_capsule",
    "ctx_cat_hazelnut",
    "ctx_cat_carpet",
    "ctx_cat_cable",
    "ctx_cat_leather",
    "ctx_cat_pill",
    "ctx_cat_screw",
    "ctx_cat_transistor",
    "ctx_cat_metal_nut",
    "ctx_cat_wood",
    "ctx_cat_tile",
    "ctx_cat_zipper",
    "ctx_cat_bottle",
    "ctx_brightness",
    "ctx_contrast",
    "ctx_blur_risk",
    "ctx_saturation"
  ],
  "state_dict": {
    "b": -0.7120139002799988,
    "w_u_raw": 0.04622068628668785,
    "w_ctx": [
      0.5925137400627136,
      -1.1561609506607056,
      0.812856912612915,
      -0.9927018880844116,
      -2.982322931289673,
      -0.7819753289222717,
      -2.7598893642425537,
      -0.2594676911830902,
      -0.11327879130840302,
      -0.5117009878158569,
      -0.5608152151107788,
      -1.9180127382278442,
      -0.9609209895133972,
      -0.07668664306402206,
      -0.3484962284564972,
      -0.48996418714523315,
      -0.3836139142513275,
      -0.6811219453811646,
      -1.164452075958252
    ],
    "best_loss": 1.9101992845535278
  },
  "use_inputs": [
    "ctx",
    "score",
    "uncertainty"
  ],
  "test_margin_offset": -0.027437151767047797,
  "recalibrated_on_test": true
}