{
  "name": "uncertainty_grid",
  "alpha": 0.0,
  "theta": 0.18005237467998464,
  "calib_risk": 3.789808917197452,
  "calib_coverage": 0.6496815286624203
}