{
  "name": "monotone_policy_net",
  "context_cols": [
    "ctx_cat_grid",
    "ctx_cat_metal_nut",
    "ctx_cat_hazelnut",
    "ctx_cat_pill",
    "ctx_cat_screw",
    "ctx_cat_toothbrush",
    "ctx_cat_capsule",
    "ctx_cat_wood",
    "ctx_cat_transistor",
    "ctx_cat_cable",
    "ctx_cat_tile",
    "ctx_cat_bottle",
    "ctx_cat_zipper",
    "ctx_cat_leather",
    "ctx_cat_carpet",
    "ctx_brightness",
    "ctx_contrast",
    "ctx_blur_risk",
    "ctx_saturation"
  ],
  "state_dict": {
    "b": -0.9330706596374512,
    "w_u_raw": -0.3909510374069214,
    "w_ctx": [
      -3.216900587081909,
      0.869803249835968,
      -0.6657024621963501,
      0.43869534134864807,
      0.08368826657533646,
      0.6356090307235718,
      1.0988988876342773,
      -1.8305326700210571,
      0.1667383313179016,
      -1.9014133214950562,
      -2.0249593257904053,
      -0.2514232397079468,
      0.25138598680496216,
      -3.6889901161193848,
      -3.3112220764160156,
      -0.8328120112419128,
      -0.42754074931144714,
      -0.8754785060882568,
      -1.687106966972351
    ],
    "best_loss": 4.605350494384766
  }
}