{
  "name": "uncertainty_grid",
  "alpha": 0.0,
  "theta": 0.028045230959164866,
  "calib_risk": 4.408695652173913,
  "calib_coverage": 0.6492753623188405
}