{
  "name": "monotone_policy_net",
  "context_cols": [
    "ctx_cat_leather",
    "ctx_cat_hazelnut",
    "ctx_cat_bottle",
    "ctx_cat_carpet",
    "ctx_cat_metal_nut",
    "ctx_cat_grid",
    "ctx_cat_transistor",
    "ctx_cat_capsule",
    "ctx_cat_cable",
    "ctx_cat_toothbrush",
    "ctx_cat_screw",
    "ctx_cat_wood",
    "ctx_cat_zipper",
    "ctx_cat_tile",
    "ctx_cat_pill",
    "ctx_brightness",
    "ctx_contrast",
    "ctx_blur_risk",
    "ctx_saturation"
  ],
  "state_dict": {
    "b": -0.6785745620727539,
    "w_u_raw": 0.7226656079292297,
    "w_ctx": [
      -2.8606481552124023,
      -0.4378921389579773,
      -1.2782083749771118,
      0.22764521837234497,
      -0.7638265490531921,
      -1.7240999937057495,
      -0.1963951140642166,
      0.6606062054634094,
      -0.07406841218471527,
      0.9913579821586609,
      -0.7776878476142883,
      -1.597887396812439,
      -0.6286110877990723,
      -1.5854222774505615,
      0.3599325120449066,
      -0.6699156165122986,
      -0.5697429180145264,
      -0.658624529838562,
      -2.0098538398742676
    ],
    "best_loss": 3.5186526775360107
  }
}