policy,wilds_split,coverage,risk,wrong_auto_rate,auto_error_rate,defer_rate,n
uaat_monotone,test,0.738286088196116,0.7065738122502396,0.22242995022317777,0.3012788047606989,0.26171391180388404,42791
