policy,wilds_split,coverage,risk,wrong_auto_rate,auto_error_rate,defer_rate,n
uaat_monotone,test,0.8999789675399033,0.8077399453156038,0.3538594564277535,0.3931863623380333,0.10002103246009675,42791
