policy,coverage,risk,wrong_auto_rate,auto_error_rate,defer_rate,n
uncertainty_grid,0.7293589773550513,0.6936739033909,0.21151644037297562,0.2900032041012496,0.2706410226449487,42791
uaat_monotone,0.738286088196116,0.7065738122502396,0.22242995022317777,0.3012788047606989,0.26171391180388404,42791
fixed,0.7476104788390082,0.706877614451637,0.2272440466453226,0.3039604888874996,0.2523895211609918,42791
