policy,category,coverage,risk,wrong_auto_rate,auto_error_rate,defer_rate,n
uncertainty_grid,breakfast_box,0.6409090909090909,3.631818181818182,0.32727272727272727,0.5106382978723404,0.3590909090909091,220
uncertainty_grid,juice_bottle,0.3939393939393939,1.9696969696969697,0.13636363636363635,0.34615384615384615,0.6060606060606061,264
uncertainty_grid,pushpins,0.6854838709677419,3.7419354838709675,0.34274193548387094,0.5,0.3145161290322581,248
uncertainty_grid,screw_bag,0.9047619047619048,5.699633699633699,0.5604395604395604,0.6194331983805668,0.09523809523809523,273
uncertainty_grid,splicing_connectors,0.6305220883534136,3.502008032128514,0.3132530120481928,0.4968152866242038,0.3694779116465864,249
