policy,category,coverage,risk,wrong_auto_rate,auto_error_rate,defer_rate,n
uaat_monotone,breakfast_box,0.4909090909090909,2.827272727272727,0.2318181818181818,0.4722222222222222,0.509090909090909,220
uaat_monotone,juice_bottle,0.3371212121212121,1.799242424242424,0.11363636363636363,0.33707865168539325,0.6628787878787878,264
uaat_monotone,pushpins,0.5362903225806451,3.004032258064516,0.2540322580645161,0.47368421052631576,0.46370967741935487,248
uaat_monotone,screw_bag,0.6410256410256411,4.095238095238095,0.37362637362637363,0.5828571428571429,0.3589743589743589,273
uaat_monotone,splicing_connectors,0.5381526104417671,2.8714859437751,0.24096385542168675,0.44776119402985076,0.4618473895582329,249
