policy,wilds_split,coverage,risk,wrong_auto_rate,auto_error_rate,defer_rate,n
fixed,test,0.5623378747867542,1.1258909583790984,0.13764576663317052,0.24477413456343763,0.43766212521324577,42791
