policy,wilds_split,coverage,risk,wrong_auto_rate,auto_error_rate,defer_rate,n
uncertainty_grid,test,0.5568226963613844,1.1114252997125564,0.13364959921478817,0.2400218239811978,0.4431773036386156,42791
