{
  "name": "uncertainty_grid",
  "alpha": 2.5500000000000003,
  "theta": 0.23334368124604238,
  "calib_risk": 0.8254033360678151,
  "calib_coverage": 0.7399507793273175
}