{
  "name": "monotone_policy_net",
  "context_cols": [
    "ctx_cat_leather",
    "ctx_cat_hazelnut",
    "ctx_cat_bottle",
    "ctx_cat_carpet",
    "ctx_cat_metal_nut",
    "ctx_cat_grid",
    "ctx_cat_transistor",
    "ctx_cat_capsule",
    "ctx_cat_cable",
    "ctx_cat_toothbrush",
    "ctx_cat_screw",
    "ctx_cat_wood",
    "ctx_cat_zipper",
    "ctx_cat_tile",
    "ctx_cat_pill",
    "ctx_brightness",
    "ctx_contrast",
    "ctx_blur_risk",
    "ctx_saturation"
  ],
  "state_dict": {
    "b": -0.6826720833778381,
    "w_u_raw": 0.7943345308303833,
    "w_ctx": [
      -2.4295711517333984,
      -0.4611835479736328,
      -1.3017061948776245,
      0.20769494771957397,
      -0.7836667895317078,
      -1.7555172443389893,
      -0.21980710327625275,
      0.6555548906326294,
      -0.09674819558858871,
      0.9807298183441162,
      -0.803398072719574,
      -1.5969828367233276,
      -0.6452051997184753,
      -1.5720852613449097,
      0.3457944989204407,
      -0.664958655834198,
      -0.594652533531189,
      -0.6616134643554688,
      -2.0157787799835205
    ],
    "best_loss": 3.444929599761963
  }
}