{
  "name": "uncertainty_grid",
  "alpha": 0.0,
  "theta": 0.0330066762082443,
  "calib_risk": 4.3594202898550725,
  "calib_coverage": 0.6405797101449275
}