policy,category,coverage,risk,wrong_auto_rate,auto_error_rate,defer_rate,n
uncertainty_grid,breakfast_box,0.8,4.5636363636363635,0.43636363636363634,0.5454545454545454,0.19999999999999996,220
uncertainty_grid,juice_bottle,0.5113636363636364,2.7992424242424243,0.23106060606060605,0.45185185185185184,0.48863636363636365,264
uncertainty_grid,pushpins,0.8548387096774194,4.580645161290323,0.4435483870967742,0.5188679245283019,0.14516129032258063,248
uncertainty_grid,screw_bag,0.9926739926739927,6.344322344322344,0.6336996336996337,0.6383763837638377,0.0073260073260073,273
uncertainty_grid,splicing_connectors,0.7751004016064257,4.3212851405622486,0.40963855421686746,0.5284974093264249,0.22489959839357432,249
