{
  "name": "uncertainty_grid",
  "alpha": 0.0,
  "theta": 0.0732346801898417,
  "calib_risk": 4.2324840764331215,
  "calib_coverage": 0.7484076433121019
}