{
  "name": "uncertainty_grid",
  "alpha": 0.5,
  "theta": 0.5296088025718926,
  "calib_risk": 0.767842493847416,
  "calib_coverage": 0.7899917965545529
}