{
  "name": "uncertainty_grid",
  "alpha": 0.0,
  "theta": 7.550929686115827e-05,
  "calib_risk": 5.8789808917197455,
  "calib_coverage": 0.9490445859872612
}