policy,wilds_split,coverage,risk,wrong_auto_rate,auto_error_rate,defer_rate,n
fixed,test,0.8688041877964993,2.0326470519501765,0.38029024794933514,0.4377168679559943,0.13119581220350074,42791
