policy,coverage,risk,wrong_auto_rate,auto_error_rate,defer_rate,n
uaat_monotone,0.7591315930920053,1.7250590077352714,0.29683812016545535,0.3910232729959365,0.24086840690799471,42791
uncertainty_grid,0.8658830127830619,2.0247014559136267,0.3781168937393377,0.43668357983374717,0.1341169872169381,42791
fixed,0.8688041877964993,2.0326470519501765,0.38029024794933514,0.4377168679559943,0.13119581220350074,42791
