{
  "name": "uncertainty_grid",
  "alpha": 0.525,
  "theta": 0.18191476142406424,
  "calib_risk": 1.0638501503964999,
  "calib_coverage": 0.9198796828001093
}