policy,wilds_split,coverage,risk,wrong_auto_rate,auto_error_rate,defer_rate,n
uaat_monotone,test,0.3935406978102872,0.767357621929845,0.03217966394802645,0.08176959619952494,0.6064593021897128,42791
