policy,wilds_split,coverage,risk,wrong_auto_rate,auto_error_rate,defer_rate,n
fixed,test,0.38547825477319997,0.7581267088873829,0.028720992732116566,0.07450742649287663,0.6145217452268,42791
