{
  "name": "uncertainty_grid",
  "alpha": 0.0,
  "theta": 0.9481982529163362,
  "calib_risk": 0.6066447908121411,
  "calib_coverage": 0.5799835931091059
}