{
  "name": "monotone_policy_net",
  "context_cols": [
    "ctx_severity",
    "ctx_corr_gaussian_noise",
    "ctx_corr_pixelate",
    "ctx_corr_frost",
    "ctx_corr_fog",
    "ctx_corr_brightness",
    "ctx_corr_glass_blur",
    "ctx_corr_gaussian_blur",
    "ctx_corr_snow",
    "ctx_corr_contrast",
    "ctx_corr_impulse_noise",
    "ctx_corr_zoom_blur",
    "ctx_corr_elastic_transform",
    "ctx_corr_saturate",
    "ctx_corr_defocus_blur",
    "ctx_corr_jpeg_compression",
    "ctx_corr_motion_blur",
    "ctx_corr_shot_noise",
    "ctx_corr_spatter",
    "ctx_corr_speckle_noise",
    "ctx_brightness",
    "ctx_contrast",
    "ctx_blur_risk",
    "ctx_saturation"
  ],
  "state_dict": {
    "b": -0.07757799327373505,
    "w_u_raw": 0.855398952960968,
    "w_ctx": [
      2.5343031883239746,
      2.1884443759918213,
      -0.1632256954908371,
      -0.33732670545578003,
      -1.906780481338501,
      -1.8161158561706543,
      0.6848537921905518,
      0.08069878816604614,
      -1.8844351768493652,
      0.25014373660087585,
      1.031135082244873,
      -0.6873370409011841,
      -1.6906509399414062,
      -1.155121922492981,
      -1.1791449785232544,
      -1.3383674621582031,
      -0.13365116715431213,
      1.1011923551559448,
      -1.955566644668579,
      0.5506870746612549,
      0.1680842489004135,
      0.1090012714266777,
      -0.5056169033050537,
      -1.4341657161712646
    ],
    "best_loss": 0.8710747957229614
  }
}