{
  "name": "uncertainty_grid",
  "alpha": 0.1,
  "theta": 0.6737000311911105,
  "calib_risk": 0.9529210526315789,
  "calib_coverage": 0.81
}