{
  "name": "monotone_policy_net",
  "context_cols": [
    "ctx_cat_toothbrush",
    "ctx_cat_grid",
    "ctx_cat_capsule",
    "ctx_cat_hazelnut",
    "ctx_cat_carpet",
    "ctx_cat_cable",
    "ctx_cat_leather",
    "ctx_cat_pill",
    "ctx_cat_screw",
    "ctx_cat_transistor",
    "ctx_cat_metal_nut",
    "ctx_cat_wood",
    "ctx_cat_tile",
    "ctx_cat_zipper",
    "ctx_cat_bottle",
    "ctx_brightness",
    "ctx_contrast",
    "ctx_blur_risk",
    "ctx_saturation"
  ],
  "state_dict": {
    "b": -0.7196263074874878,
    "w_u_raw": 0.08025269955396652,
    "w_ctx": [
      0.5910108089447021,
      -1.163898229598999,
      0.8119417428970337,
      -1.0007411241531372,
      -2.9942517280578613,
      -0.7884494066238403,
      -2.76850962638855,
      -0.2664831578731537,
      -0.117124542593956,
      -0.5177995562553406,
      -0.568204939365387,
      -1.9226181507110596,
      -0.9677331447601318,
      -0.08263779431581497,
      -0.35415777564048767,
      -0.49736329913139343,
      -0.3810661733150482,
      -0.6783722639083862,
      -1.174363374710083
    ],
    "best_loss": 1.9101309776306152
  }
}