policy,wilds_split,coverage,risk,wrong_auto_rate,auto_error_rate,defer_rate,n
fixed,test,0.7795330793858521,1.7606272346988854,0.3080320628169475,0.39514944389483464,0.22046692061414785,42791
