{
  "name": "uncertainty_grid",
  "alpha": 0.0,
  "theta": 0.522056275010109,
  "calib_risk": 0.944900191413727,
  "calib_coverage": 0.8699753896636587
}