{
  "name": "uncertainty_grid",
  "alpha": 0.0,
  "theta": 0.10680974246691527,
  "calib_risk": 3.4173913043478263,
  "calib_coverage": 0.5391304347826087
}