{
  "name": "monotone_policy_net",
  "context_cols": [
    "ctx_cat_grid",
    "ctx_cat_metal_nut",
    "ctx_cat_hazelnut",
    "ctx_cat_pill",
    "ctx_cat_screw",
    "ctx_cat_toothbrush",
    "ctx_cat_capsule",
    "ctx_cat_wood",
    "ctx_cat_transistor",
    "ctx_cat_cable",
    "ctx_cat_tile",
    "ctx_cat_bottle",
    "ctx_cat_zipper",
    "ctx_cat_leather",
    "ctx_cat_carpet",
    "ctx_brightness",
    "ctx_contrast",
    "ctx_blur_risk",
    "ctx_saturation"
  ],
  "state_dict": {
    "b": -0.8530431389808655,
    "w_u_raw": 1.7485135793685913,
    "w_ctx": [
      0.5701806545257568,
      -0.2704576253890991,
      -0.6349195241928101,
      -0.8569595217704773,
      -0.6296546459197998,
      1.0262500047683716,
      -0.5476806163787842,
      -1.3169264793395996,
      -1.067500352859497,
      -0.4879586696624756,
      -1.8764184713363647,
      -1.8908374309539795,
      0.6052448153495789,
      -2.500800848007202,
      -1.0492364168167114,
      0.3090560734272003,
      -0.6664077043533325,
      -0.909706711769104,
      -2.1380417346954346
    ],
    "best_loss": 2.677511215209961
  }
}