policy,category,coverage,risk,wrong_auto_rate,auto_error_rate,defer_rate,n
uaat_monotone,breakfast_box,0.5863636363636363,3.4136363636363636,0.3,0.5116279069767442,0.4136363636363637,220
uaat_monotone,juice_bottle,0.4090909090909091,2.106060606060606,0.15151515151515152,0.37037037037037035,0.5909090909090908,264
uaat_monotone,pushpins,0.9435483870967742,5.096774193548387,0.5040322580645161,0.5341880341880342,0.056451612903225756,248
uaat_monotone,screw_bag,0.7912087912087912,5.08058608058608,0.48717948717948717,0.6157407407407407,0.20879120879120883,273
uaat_monotone,splicing_connectors,0.4859437751004016,2.6024096385542164,0.20883534136546184,0.4297520661157025,0.5140562248995983,249
