policy,category,coverage,risk,wrong_auto_rate,auto_error_rate,defer_rate,n
uncertainty_grid,breakfast_box,0.8045454545454546,4.6045454545454545,0.4409090909090909,0.5480225988700564,0.19545454545454544,220
uncertainty_grid,juice_bottle,0.4962121212121212,2.662878787878788,0.2159090909090909,0.4351145038167939,0.5037878787878788,264
uncertainty_grid,pushpins,0.8830645161290323,4.673387096774194,0.45564516129032256,0.5159817351598174,0.11693548387096775,248
uncertainty_grid,screw_bag,0.9853479853479854,6.278388278388278,0.6263736263736264,0.6356877323420075,0.0146520146520146,273
uncertainty_grid,splicing_connectors,0.7751004016064257,4.281124497991968,0.40562248995983935,0.5233160621761658,0.22489959839357432,249
