policy,coverage,risk,wrong_auto_rate,auto_error_rate,defer_rate,n
uaat_monotone,0.6443381180223285,3.6730462519936204,0.3317384370015949,0.5148514851485149,0.35566188197767146,1254
fixed,0.7886762360446571,4.50956937799043,0.4298245614035088,0.544994944388271,0.2113237639553429,1254
uncertainty_grid,0.7886762360446571,4.50956937799043,0.4298245614035088,0.544994944388271,0.2113237639553429,1254
