{
  "name": "uncertainty_grid",
  "alpha": 0.0,
  "theta": 0.06891821189270163,
  "calib_risk": 4.464968152866242,
  "calib_coverage": 0.7707006369426752
}