{
  "name": "monotone_policy_net",
  "context_cols": [
    "ctx_severity",
    "ctx_corr_gaussian_noise",
    "ctx_corr_pixelate",
    "ctx_corr_frost",
    "ctx_corr_fog",
    "ctx_corr_brightness",
    "ctx_corr_glass_blur",
    "ctx_corr_gaussian_blur",
    "ctx_corr_snow",
    "ctx_corr_contrast",
    "ctx_corr_impulse_noise",
    "ctx_corr_zoom_blur",
    "ctx_corr_elastic_transform",
    "ctx_corr_saturate",
    "ctx_corr_defocus_blur",
    "ctx_corr_jpeg_compression",
    "ctx_corr_motion_blur",
    "ctx_corr_shot_noise",
    "ctx_corr_spatter",
    "ctx_corr_speckle_noise",
    "ctx_brightness",
    "ctx_contrast",
    "ctx_blur_risk",
    "ctx_saturation"
  ],
  "state_dict": {
    "b": 0.10039355605840683,
    "w_u_raw": 2.0289604663848877,
    "w_ctx": [
      2.597526788711548,
      2.1994547843933105,
      0.023815788328647614,
      -0.4398283064365387,
      -2.0776236057281494,
      -2.34867262840271,
      1.1676632165908813,
      0.35032376646995544,
      -0.6351740956306458,
      -0.013506216928362846,
      1.0465362071990967,
      -0.581657350063324,
      -1.5788722038269043,
      -1.8202601671218872,
      -0.7118809819221497,
      -1.465128779411316,
      -0.5562563538551331,
      1.024530053138733,
      -1.117535948753357,
      0.32850658893585205,
      0.10656532645225525,
      0.17368927597999573,
      -0.23310314118862152,
      -1.3023040294647217
    ],
    "best_loss": 1.371306300163269
  }
}