policy,wilds_split,coverage,risk,wrong_auto_rate,auto_error_rate,defer_rate,n
uaat_monotone,test,0.4281274099693861,0.8348951882405178,0.05260451964198079,0.12287117903930131,0.5718725900306139,42791
