policy,wilds_split,coverage,risk,wrong_auto_rate,auto_error_rate,defer_rate,n
fixed,test,0.4101096024865042,0.8078100535159263,0.043583931200486085,0.10627386175850476,0.5898903975134958,42791
