{
  "name": "uncertainty_grid",
  "alpha": 0.0,
  "theta": 0.9421528035402298,
  "calib_risk": 0.5824446267432322,
  "calib_coverage": 0.5700027344818157
}