policy,category,coverage,risk,wrong_auto_rate,auto_error_rate,defer_rate,n
uaat_monotone,breakfast_box,0.4954545454545455,2.868181818181818,0.23636363636363636,0.47706422018348627,0.5045454545454545,220
uaat_monotone,juice_bottle,0.42045454545454547,2.1704545454545454,0.1590909090909091,0.3783783783783784,0.5795454545454546,264
uaat_monotone,pushpins,0.5403225806451613,3.0,0.2540322580645161,0.4701492537313433,0.45967741935483875,248
uaat_monotone,screw_bag,0.7106227106227107,4.575091575091575,0.42857142857142855,0.6030927835051546,0.28937728937728935,273
uaat_monotone,splicing_connectors,0.6746987951807228,3.738955823293173,0.3413654618473896,0.5059523809523809,0.32530120481927716,249
