policy,coverage,risk,wrong_auto_rate,auto_error_rate,defer_rate,n
uaat_monotone,0.5709728867623605,3.2918660287081334,0.2862838915470494,0.5013966480446927,0.42902711323763953,1254
fixed,0.7169059011164274,4.094896331738437,0.38118022328548645,0.5317018909899889,0.2830940988835726,1254
uncertainty_grid,0.7169059011164274,4.094896331738437,0.38118022328548645,0.5317018909899889,0.2830940988835726,1254
