{
  "name": "uncertainty_grid",
  "alpha": 0.0,
  "theta": 0.13104358081068934,
  "calib_risk": 4.111464968152866,
  "calib_coverage": 0.7101910828025477
}