policy,category,coverage,risk,wrong_auto_rate,auto_error_rate,defer_rate,n
fixed,breakfast_box,0.4863636363636364,2.786363636363636,0.22727272727272727,0.4672897196261682,0.5136363636363637,220
fixed,juice_bottle,0.3446969696969697,1.8295454545454546,0.11742424242424243,0.34065934065934067,0.6553030303030303,264
fixed,pushpins,0.6088709677419355,3.375,0.29838709677419356,0.4900662251655629,0.3911290322580645,248
fixed,screw_bag,0.7802197802197802,4.981684981684982,0.47619047619047616,0.6103286384976526,0.21978021978021978,273
fixed,splicing_connectors,0.5381526104417671,2.8714859437751,0.24096385542168675,0.44776119402985076,0.4618473895582329,249
