{
  "name": "uncertainty_grid",
  "alpha": 0.0,
  "theta": 0.27134231046298424,
  "calib_risk": 3.1878980891719744,
  "calib_coverage": 0.5509554140127388
}