{
  "name": "uncertainty_grid",
  "alpha": 0.0,
  "theta": 0.10197714937395345,
  "calib_risk": 3.5043478260869567,
  "calib_coverage": 0.5391304347826087
}