policy,wilds_split,coverage,risk,wrong_auto_rate,auto_error_rate,defer_rate,n
fixed,test,0.7476104788390082,2.5248299876142175,0.2272440466453226,0.3039604888874996,0.2523895211609918,42791
