policy,wilds_split,coverage,risk,wrong_auto_rate,auto_error_rate,defer_rate,n
uaat_monotone,test,0.6243368932719497,1.7373980509920308,0.13617349442639806,0.21810899835304687,0.37566310672805026,42791
