policy,category,coverage,risk,wrong_auto_rate,auto_error_rate,defer_rate,n
uncertainty_grid,breakfast_box,0.55,3.177272727272727,0.2727272727272727,0.49586776859504134,0.44999999999999996,220
uncertainty_grid,juice_bottle,0.36363636363636365,1.9242424242424243,0.12878787878787878,0.3541666666666667,0.6363636363636364,264
uncertainty_grid,pushpins,0.6653225806451613,3.641129032258064,0.33064516129032256,0.49696969696969695,0.33467741935483875,248
uncertainty_grid,screw_bag,0.8278388278388278,5.263736263736264,0.5091575091575091,0.6150442477876106,0.17216117216117222,273
uncertainty_grid,splicing_connectors,0.5542168674698795,3.0160642570281126,0.2570281124497992,0.463768115942029,0.4457831325301205,249
