{
  "name": "uncertainty_grid",
  "alpha": 0.0,
  "theta": 0.24973290486286337,
  "calib_risk": 3.1656050955414012,
  "calib_coverage": 0.5414012738853503
}