policy,coverage,risk,wrong_auto_rate,auto_error_rate,defer_rate,n
uaat_monotone,0.5312592105263158,0.6116881578947369,0.028589473684210526,0.05381454686853726,0.46874078947368425,760000
uncertainty_grid,0.44912763157894736,0.6433723684210526,0.0185,0.041190963768943885,0.5508723684210526,760000
fixed,0.4493907894736842,0.6434447368421053,0.018567105263157895,0.04131616779441173,0.5506092105263158,760000
