{
  "name": "monotone_policy_net",
  "context_cols": [
    "ctx_severity",
    "ctx_corr_fog",
    "ctx_corr_impulse_noise",
    "ctx_corr_snow",
    "ctx_corr_elastic_transform",
    "ctx_corr_zoom_blur",
    "ctx_corr_frost",
    "ctx_corr_contrast",
    "ctx_corr_pixelate",
    "ctx_corr_defocus_blur",
    "ctx_corr_saturate",
    "ctx_corr_motion_blur",
    "ctx_corr_gaussian_blur",
    "ctx_corr_speckle_noise",
    "ctx_corr_gaussian_noise",
    "ctx_corr_jpeg_compression",
    "ctx_corr_spatter",
    "ctx_corr_brightness",
    "ctx_corr_glass_blur",
    "ctx_corr_shot_noise",
    "ctx_brightness",
    "ctx_contrast",
    "ctx_blur_risk",
    "ctx_saturation"
  ],
  "state_dict": {
    "b": 1.008188009262085,
    "w_u_raw": 1.6094822883605957,
    "w_ctx": [
      1.7650730609893799,
      -0.15791557729244232,
      1.8317232131958008,
      0.35852640867233276,
      0.013414292596280575,
      0.5296183824539185,
      0.7450138330459595,
      0.33162790536880493,
      0.7735487818717957,
      -0.11258251219987869,
      -0.7068514823913574,
      0.8669152855873108,
      0.6918428540229797,
      1.6007448434829712,
      2.7735695838928223,
      0.31086474657058716,
      0.0032823223154991865,
      -1.0959250926971436,
      2.4847943782806396,
      1.9808037281036377,
      0.872184157371521,
      0.9133244752883911,
      0.9414026737213135,
      0.8152645230293274
    ],
    "best_loss": 0.6958720684051514
  }
}