{
  "name": "uncertainty_grid",
  "alpha": 2.45,
  "theta": 0.9546271170768887,
  "calib_risk": 0.6423947368421054,
  "calib_coverage": 0.45
}