{
  "name": "monotone_policy_net",
  "context_cols": [
    "ctx_cat_grid",
    "ctx_cat_metal_nut",
    "ctx_cat_hazelnut",
    "ctx_cat_pill",
    "ctx_cat_screw",
    "ctx_cat_toothbrush",
    "ctx_cat_capsule",
    "ctx_cat_wood",
    "ctx_cat_transistor",
    "ctx_cat_cable",
    "ctx_cat_tile",
    "ctx_cat_bottle",
    "ctx_cat_zipper",
    "ctx_cat_leather",
    "ctx_cat_carpet",
    "ctx_brightness",
    "ctx_contrast",
    "ctx_blur_risk",
    "ctx_saturation"
  ],
  "state_dict": {
    "b": -1.0695209503173828,
    "w_u_raw": -0.6385085582733154,
    "w_ctx": [
      -2.7660157680511475,
      0.8548357486724854,
      -0.5434120297431946,
      -0.0923699364066124,
      -0.13164572417736053,
      -0.1398889422416687,
      0.6181594133377075,
      -2.685056209564209,
      0.31386521458625793,
      -1.812142252922058,
      -2.510730504989624,
      0.10797309130430222,
      0.5915194153785706,
      -3.687985420227051,
      -3.312058687210083,
      -1.0493838787078857,
      -0.6219648718833923,
      -1.0176218748092651,
      -1.7618545293807983
    ],
    "best_loss": 5.381417274475098
  }
}