{
  "name": "uncertainty_grid",
  "alpha": 0.0,
  "theta": 5.101582388494145e-05,
  "calib_risk": 6.31304347826087,
  "calib_coverage": 0.8898550724637682
}