{
  "name": "uncertainty_grid",
  "alpha": 0.0,
  "theta": 0.29823612006050126,
  "calib_risk": 2.8757961783439487,
  "calib_coverage": 0.48089171974522293
}