policy,coverage,risk,wrong_auto_rate,auto_error_rate,defer_rate,n
uaat_monotone,0.42536231884057973,2.618115942028986,0.20434782608695654,0.4804088586030664,0.5746376811594203,1380
fixed,0.5905797101449275,3.829710144927536,0.34202898550724636,0.5791411042944785,0.4094202898550725,1380
uncertainty_grid,0.5905797101449275,3.829710144927536,0.34202898550724636,0.5791411042944785,0.4094202898550725,1380
