{
  "name": "monotone_policy_net",
  "context_cols": [
    "ctx_cat_hazelnut",
    "ctx_cat_bottle",
    "ctx_cat_toothbrush",
    "ctx_cat_pill",
    "ctx_cat_carpet",
    "ctx_cat_wood",
    "ctx_cat_grid",
    "ctx_cat_capsule",
    "ctx_cat_metal_nut",
    "ctx_cat_tile",
    "ctx_cat_transistor",
    "ctx_cat_leather",
    "ctx_cat_cable",
    "ctx_cat_screw",
    "ctx_cat_zipper",
    "ctx_brightness",
    "ctx_contrast",
    "ctx_blur_risk",
    "ctx_saturation"
  ],
  "state_dict": {
    "b": -0.9341131448745728,
    "w_u_raw": 1.4305541515350342,
    "w_ctx": [
      -1.7091857194900513,
      -1.533372163772583,
      -0.1550990492105484,
      -0.6937519907951355,
      -0.7720081806182861,
      -3.0378215312957764,
      0.636884868144989,
      -0.24552381038665771,
      -0.8852870464324951,
      -1.750984787940979,
      -0.6980698704719543,
      -2.3172690868377686,
      -0.7409520149230957,
      -0.4223967492580414,
      -0.6474860906600952,
      0.3909049332141876,
      -0.4012952446937561,
      -0.9024089574813843,
      -1.444731593132019
    ],
    "best_loss": 2.884230136871338
  }
}