policy,wilds_split,coverage,risk,wrong_auto_rate,auto_error_rate,defer_rate,n
fixed,test,0.7398985768035334,1.6071136453927228,0.26940244443925127,0.3641072612993904,0.26010142319646656,42791
