{
  "name": "uncertainty_grid",
  "alpha": 2.3000000000000003,
  "theta": -0.24535199132561694,
  "calib_risk": 1.1696745966639321,
  "calib_coverage": 0.889937106918239
}