policy,coverage,risk,wrong_auto_rate,auto_error_rate,defer_rate,n
uaat_monotone,0.7070486842105264,0.7426355263157894,0.08993684210526316,0.1272003528380574,0.29295131578947364,760000
uncertainty_grid,0.7319552631578947,0.8225776315789474,0.11090657894736843,0.15152098021521304,0.2680447368421053,760000
fixed,0.7320394736842105,0.82275,0.1109578947368421,0.15157364968095624,0.2679605263157895,760000
