{
  "name": "uncertainty_grid",
  "alpha": 0.07500000000000001,
  "theta": 0.8112249815165997,
  "calib_risk": 0.8194736842105264,
  "calib_coverage": 0.73
}