{
  "name": "monotone_policy_net",
  "context_cols": [
    "ctx_severity",
    "ctx_corr_gaussian_noise",
    "ctx_corr_pixelate",
    "ctx_corr_frost",
    "ctx_corr_fog",
    "ctx_corr_brightness",
    "ctx_corr_glass_blur",
    "ctx_corr_gaussian_blur",
    "ctx_corr_snow",
    "ctx_corr_contrast",
    "ctx_corr_impulse_noise",
    "ctx_corr_zoom_blur",
    "ctx_corr_elastic_transform",
    "ctx_corr_saturate",
    "ctx_corr_defocus_blur",
    "ctx_corr_jpeg_compression",
    "ctx_corr_motion_blur",
    "ctx_corr_shot_noise",
    "ctx_corr_spatter",
    "ctx_corr_speckle_noise",
    "ctx_brightness",
    "ctx_contrast",
    "ctx_blur_risk",
    "ctx_saturation"
  ],
  "state_dict": {
    "b": 0.2045953869819641,
    "w_u_raw": 1.3706343173980713,
    "w_ctx": [
      2.238345146179199,
      2.1147055625915527,
      0.2288169115781784,
      -0.28937533497810364,
      -1.8277435302734375,
      -1.4984160661697388,
      1.2081619501113892,
      0.4239291250705719,
      -0.5064855813980103,
      0.13761767745018005,
      1.0917751789093018,
      -0.3714512586593628,
      -1.3158711194992065,
      -1.6035094261169434,
      -0.5906080007553101,
      -0.9390763640403748,
      -0.4223650097846985,
      1.1085264682769775,
      -0.9141801595687866,
      0.5282807350158691,
      0.1098707988858223,
      0.13855136930942535,
      -0.046445898711681366,
      -0.5150976777076721
    ],
    "best_loss": 0.7569499015808105
  }
}