{
  "name": "uncertainty_grid",
  "alpha": 0.0,
  "theta": 0.7279674339294434,
  "calib_risk": 0.728876127973749,
  "calib_coverage": 0.7599124965818977
}