policy,coverage,risk,wrong_auto_rate,auto_error_rate,defer_rate,n
uaat_monotone,0.29347826086956524,1.8369565217391304,0.11304347826086956,0.3851851851851852,0.7065217391304348,1380
fixed,0.44130434782608696,2.790579710144928,0.22318840579710145,0.5057471264367817,0.558695652173913,1380
uncertainty_grid,0.44130434782608696,2.790579710144928,0.22318840579710145,0.5057471264367817,0.558695652173913,1380
