{
  "name": "uncertainty_grid",
  "alpha": 0.0,
  "theta": 0.19688344747110886,
  "calib_risk": 2.7913043478260873,
  "calib_coverage": 0.4405797101449275
}