{
  "name": "uncertainty_grid",
  "alpha": 0.0,
  "theta": 0.004534069631999997,
  "calib_risk": 1.2666666666666666,
  "calib_coverage": 0.8
}