{
  "name": "monotone_policy_net",
  "context_cols": [
    "ctx_cat_toothbrush",
    "ctx_cat_grid",
    "ctx_cat_capsule",
    "ctx_cat_hazelnut",
    "ctx_cat_carpet",
    "ctx_cat_cable",
    "ctx_cat_leather",
    "ctx_cat_pill",
    "ctx_cat_screw",
    "ctx_cat_transistor",
    "ctx_cat_metal_nut",
    "ctx_cat_wood",
    "ctx_cat_tile",
    "ctx_cat_zipper",
    "ctx_cat_bottle",
    "ctx_brightness",
    "ctx_contrast",
    "ctx_blur_risk",
    "ctx_saturation"
  ],
  "state_dict": {
    "b": -1.1947473287582397,
    "w_u_raw": -0.7792471051216125,
    "w_ctx": [
      -0.7468514442443848,
      -0.590006947517395,
      -0.94432532787323,
      -0.7305285334587097,
      -2.3172101974487305,
      -1.0652576684951782,
      -2.5104780197143555,
      -1.043538212776184,
      -0.9698084592819214,
      -0.5635491013526917,
      -0.8894482254981995,
      -1.6789168119430542,
      -0.9617078304290771,
      -1.1405404806137085,
      -0.9000322222709656,
      -1.1866142749786377,
      -1.1387513875961304,
      -1.1759397983551025,
      -1.424377202987671
    ],
    "best_loss": 1.2595247030258179
  }
}