{
  "name": "uncertainty_grid",
  "alpha": 0.0,
  "theta": 0.12098331576000002,
  "calib_risk": 3.263768115942029,
  "calib_coverage": 0.518840579710145
}