{
  "name": "uncertainty_grid",
  "alpha": 0.0,
  "theta": 0.06405838926024876,
  "calib_risk": 1.1072463768115943,
  "calib_coverage": 0.6
}