policy,wilds_split,coverage,risk,wrong_auto_rate,auto_error_rate,defer_rate,n
fixed,test,0.6419106821527891,1.1053258862844992,0.14944731368745764,0.23281636813746906,0.3580893178472109,42791
