{
  "name": "uncertainty_grid",
  "alpha": 2.7750000000000004,
  "theta": -0.11461330549418924,
  "calib_risk": 0.8014766201804758,
  "calib_coverage": 0.8199343724364233
}