policy,wilds_split,coverage,risk,wrong_auto_rate,auto_error_rate,defer_rate,n
uncertainty_grid,test,0.477319997195672,0.7821971909981071,0.051903437638755816,0.10873929008567931,0.522680002804328,42791
