policy,wilds_split,coverage,risk,wrong_auto_rate,auto_error_rate,defer_rate,n
fixed,test,0.4769694561940595,0.784066743006707,0.052207239840153304,0.1094561489465948,0.5230305438059405,42791
