{
  "name": "uncertainty_grid",
  "alpha": 0.9500000000000001,
  "theta": 0.7676970706582069,
  "calib_risk": 0.5829915231063714,
  "calib_coverage": 0.6699480448455017
}