policy,category,coverage,risk,wrong_auto_rate,auto_error_rate,defer_rate,n
uaat_monotone,breakfast_box,0.4909090909090909,2.827272727272727,0.2318181818181818,0.4722222222222222,0.509090909090909,220
uaat_monotone,juice_bottle,0.4128787878787879,2.1022727272727275,0.15151515151515152,0.3669724770642202,0.5871212121212122,264
uaat_monotone,pushpins,0.532258064516129,3.008064516129032,0.2540322580645161,0.4772727272727273,0.467741935483871,248
uaat_monotone,screw_bag,0.706959706959707,4.542124542124542,0.4249084249084249,0.6010362694300518,0.293040293040293,273
uaat_monotone,splicing_connectors,0.6546184738955824,3.5983935742971886,0.3253012048192771,0.49693251533742333,0.34538152610441764,249
