{
  "name": "monotone_policy_net",
  "context_cols": [
    "ctx_severity",
    "ctx_corr_fog",
    "ctx_corr_impulse_noise",
    "ctx_corr_snow",
    "ctx_corr_elastic_transform",
    "ctx_corr_zoom_blur",
    "ctx_corr_frost",
    "ctx_corr_contrast",
    "ctx_corr_pixelate",
    "ctx_corr_defocus_blur",
    "ctx_corr_saturate",
    "ctx_corr_motion_blur",
    "ctx_corr_gaussian_blur",
    "ctx_corr_speckle_noise",
    "ctx_corr_gaussian_noise",
    "ctx_corr_jpeg_compression",
    "ctx_corr_spatter",
    "ctx_corr_brightness",
    "ctx_corr_glass_blur",
    "ctx_corr_shot_noise",
    "ctx_brightness",
    "ctx_contrast",
    "ctx_blur_risk",
    "ctx_saturation"
  ],
  "state_dict": {
    "b": 1.0294334888458252,
    "w_u_raw": 1.5720632076263428,
    "w_ctx": [
      1.7532413005828857,
      -0.13838429749011993,
      1.8478654623031616,
      0.42293980717658997,
      0.044018007814884186,
      0.5968655943870544,
      0.8073154091835022,
      0.35863369703292847,
      0.8291914463043213,
      -0.0983734056353569,
      -0.6913756132125854,
      0.9466159343719482,
      0.7272589206695557,
      1.6282293796539307,
      2.738609552383423,
      0.3639901280403137,
      0.0392657145857811,
      -1.0758538246154785,
      2.4534459114074707,
      1.9901477098464966,
      0.9056795835494995,
      0.9404489398002625,
      0.9645504355430603,
      0.8608493804931641
    ],
    "best_loss": 0.7015461325645447
  }
}