{
  "name": "uncertainty_grid",
  "alpha": 0.6000000000000001,
  "theta": 0.9867363278195262,
  "calib_risk": 0.644842105263158,
  "calib_coverage": 0.44
}