policy,category,coverage,risk,wrong_auto_rate,auto_error_rate,defer_rate,n
uncertainty_grid,breakfast_box,0.4409090909090909,2.4681818181818183,0.19090909090909092,0.4329896907216495,0.5590909090909091,220
uncertainty_grid,juice_bottle,0.32575757575757575,1.7348484848484849,0.10606060606060606,0.32558139534883723,0.6742424242424243,264
uncertainty_grid,pushpins,0.5645161290322581,3.137096774193548,0.2701612903225806,0.4785714285714286,0.4354838709677419,248
uncertainty_grid,screw_bag,0.7216117216117216,4.637362637362638,0.4358974358974359,0.6040609137055838,0.2783882783882784,273
uncertainty_grid,splicing_connectors,0.5020080321285141,2.7068273092369477,0.22088353413654618,0.44,0.4979919678714859,249
