policy,category,coverage,risk,wrong_auto_rate,auto_error_rate,defer_rate,n
uaat_monotone,breakfast_box,0.4818181818181818,2.745454545454545,0.22272727272727272,0.46226415094339623,0.5181818181818182,220
uaat_monotone,juice_bottle,0.22727272727272727,1.3409090909090908,0.056818181818181816,0.25,0.7727272727272727,264
uaat_monotone,pushpins,0.532258064516129,3.008064516129032,0.2540322580645161,0.4772727272727273,0.467741935483871,248
uaat_monotone,screw_bag,0.28205128205128205,2.073260073260073,0.13553113553113552,0.4805194805194805,0.717948717948718,273
uaat_monotone,splicing_connectors,0.4939759036144578,2.674698795180723,0.21686746987951808,0.43902439024390244,0.5060240963855422,249
