policy,coverage,risk,wrong_auto_rate,auto_error_rate,defer_rate,n
uaat_monotone,0.39712918660287083,2.3413078149920254,0.17384370015948963,0.43775100401606426,0.6028708133971292,1254
fixed,0.5143540669856459,2.9657097288676235,0.24800637958532695,0.4821705426356589,0.4856459330143541,1254
uncertainty_grid,0.5143540669856459,2.9657097288676235,0.24800637958532695,0.4821705426356589,0.4856459330143541,1254
