{
  "name": "uncertainty_grid",
  "alpha": 0.0,
  "theta": 0.30996220934696356,
  "calib_risk": 2.8025477707006368,
  "calib_coverage": 0.49044585987261147
}