policy,category,coverage,risk,wrong_auto_rate,auto_error_rate,defer_rate,n
uncertainty_grid,breakfast_box,0.6181818181818182,6.927272727272727,0.32727272727272727,0.5294117647058824,0.38181818181818183,220
uncertainty_grid,juice_bottle,0.3939393939393939,3.484848484848485,0.14393939393939395,0.36538461538461536,0.6060606060606061,264
uncertainty_grid,pushpins,0.7096774193548387,7.387096774193549,0.3548387096774194,0.5,0.29032258064516125,248
uncertainty_grid,screw_bag,0.8937728937728938,11.095238095238095,0.5494505494505495,0.6147540983606558,0.10622710622710618,273
uncertainty_grid,splicing_connectors,0.606425702811245,6.257028112449799,0.2931726907630522,0.48344370860927155,0.39357429718875503,249
