{
  "name": "uncertainty_grid",
  "alpha": 0.0,
  "theta": 0.20006807575298308,
  "calib_risk": 6.51592356687898,
  "calib_coverage": 0.5987261146496815
}