policy,category,coverage,risk,wrong_auto_rate,auto_error_rate,defer_rate,n
uaat_monotone,breakfast_box,0.5863636363636363,6.322727272727273,0.29545454545454547,0.5038759689922481,0.4136363636363637,220
uaat_monotone,juice_bottle,0.3712121212121212,3.128787878787879,0.125,0.336734693877551,0.6287878787878788,264
uaat_monotone,pushpins,0.5040322580645161,5.415322580645162,0.24596774193548387,0.488,0.4959677419354839,248
uaat_monotone,screw_bag,0.9047619047619048,11.377289377289376,0.5641025641025641,0.6234817813765182,0.09523809523809523,273
uaat_monotone,splicing_connectors,0.4779116465863454,4.618473895582329,0.20481927710843373,0.42857142857142855,0.5220883534136547,249
