{
  "name": "monotone_policy_net",
  "context_cols": [
    "ctx_severity",
    "ctx_corr_gaussian_noise",
    "ctx_corr_pixelate",
    "ctx_corr_frost",
    "ctx_corr_fog",
    "ctx_corr_brightness",
    "ctx_corr_glass_blur",
    "ctx_corr_gaussian_blur",
    "ctx_corr_snow",
    "ctx_corr_contrast",
    "ctx_corr_impulse_noise",
    "ctx_corr_zoom_blur",
    "ctx_corr_elastic_transform",
    "ctx_corr_saturate",
    "ctx_corr_defocus_blur",
    "ctx_corr_jpeg_compression",
    "ctx_corr_motion_blur",
    "ctx_corr_shot_noise",
    "ctx_corr_spatter",
    "ctx_corr_speckle_noise",
    "ctx_brightness",
    "ctx_contrast",
    "ctx_blur_risk",
    "ctx_saturation"
  ],
  "state_dict": {
    "b": -0.3684896230697632,
    "w_u_raw": 0.5089561343193054,
    "w_ctx": [
      3.0644373893737793,
      2.305074453353882,
      0.05091734230518341,
      -0.22898146510124207,
      -2.044896125793457,
      -2.172637939453125,
      0.8074584603309631,
      0.4091603755950928,
      -1.8567054271697998,
      0.029689516872167587,
      0.922124445438385,
      -0.8955782651901245,
      -2.5821449756622314,
      -1.6730877161026,
      -1.0533212423324585,
      -1.482365608215332,
      -0.7265295386314392,
      1.0286483764648438,
      -2.9839444160461426,
      0.6310204863548279,
      -0.12501183152198792,
      -0.28324881196022034,
      -0.7761891484260559,
      -1.9826159477233887
    ],
    "best_loss": 0.9589136838912964
  }
}