{
  "name": "uncertainty_grid",
  "alpha": 0.275,
  "theta": 0.49903668639063836,
  "calib_risk": 1.0501842105263157,
  "calib_coverage": 0.86
}