policy,category,coverage,risk,wrong_auto_rate,auto_error_rate,defer_rate,n
uaat_monotone,breakfast_box,0.5909090909090909,3.409090909090909,0.3,0.5076923076923077,0.40909090909090906,220
uaat_monotone,juice_bottle,0.3712121212121212,1.878787878787879,0.125,0.336734693877551,0.6287878787878788,264
uaat_monotone,pushpins,0.5040322580645161,2.955645161290323,0.24596774193548387,0.488,0.4959677419354839,248
uaat_monotone,screw_bag,0.9047619047619048,5.736263736263735,0.5641025641025641,0.6234817813765182,0.09523809523809523,273
uaat_monotone,splicing_connectors,0.4779116465863454,2.570281124497992,0.20481927710843373,0.42857142857142855,0.5220883534136547,249
