{
  "name": "uncertainty_grid",
  "alpha": 0.0,
  "theta": 0.1201483221071543,
  "calib_risk": 4.337579617834395,
  "calib_coverage": 0.7388535031847133
}