{
  "name": "monotone_policy_net",
  "context_cols": [
    "ctx_cat_screw_bag",
    "ctx_cat_pushpins",
    "ctx_cat_splicing_connectors",
    "ctx_cat_breakfast_box",
    "ctx_cat_juice_bottle",
    "ctx_brightness",
    "ctx_contrast",
    "ctx_blur_risk",
    "ctx_saturation"
  ],
  "state_dict": {
    "b": -0.5723814964294434,
    "w_u_raw": 0.7308594584465027,
    "w_ctx": [
      -1.073021650314331,
      -0.11946077644824982,
      0.02360890805721283,
      -0.6326159834861755,
      -0.774470329284668,
      -0.6013911962509155,
      -0.41175001859664917,
      -0.6234005689620972,
      -0.3734884262084961
    ],
    "best_loss": 3.7769381999969482
  }
}