policy,category,coverage,risk,wrong_auto_rate,auto_error_rate,defer_rate,n
fixed,breakfast_box,0.8454545454545455,4.881818181818182,0.4727272727272727,0.5591397849462365,0.15454545454545454,220
fixed,juice_bottle,0.5378787878787878,3.0,0.2537878787878788,0.47183098591549294,0.46212121212121215,264
fixed,pushpins,0.9193548387096774,4.959677419354839,0.4879032258064516,0.5307017543859649,0.08064516129032262,248
fixed,screw_bag,0.9963369963369964,6.377289377289377,0.6373626373626373,0.6397058823529411,0.00366300366300365,273
fixed,splicing_connectors,0.8112449799196787,4.566265060240964,0.43775100401606426,0.5396039603960396,0.1887550200803213,249
