policy,category,coverage,risk,wrong_auto_rate,auto_error_rate,defer_rate,n
uaat_monotone,breakfast_box,0.5863636363636363,3.4136363636363636,0.3,0.5116279069767442,0.4136363636363637,220
uaat_monotone,juice_bottle,0.4090909090909091,2.106060606060606,0.15151515151515152,0.37037037037037035,0.5909090909090908,264
uaat_monotone,pushpins,0.9435483870967742,5.096774193548387,0.5040322580645161,0.5341880341880342,0.056451612903225756,248
uaat_monotone,screw_bag,0.7985347985347986,5.146520146520147,0.4945054945054945,0.6192660550458715,0.20146520146520142,273
uaat_monotone,splicing_connectors,0.6827309236947792,3.690763052208835,0.3373493975903614,0.49411764705882355,0.31726907630522083,249
