{
  "name": "monotone_policy_net",
  "context_cols": [
    "ctx_cat_splicing_connectors",
    "ctx_cat_pushpins",
    "ctx_cat_juice_bottle",
    "ctx_cat_breakfast_box",
    "ctx_cat_screw_bag",
    "ctx_brightness",
    "ctx_contrast",
    "ctx_blur_risk",
    "ctx_saturation"
  ],
  "state_dict": {
    "b": -0.7651217579841614,
    "w_u_raw": 0.0620325542986393,
    "w_ctx": [
      -0.8447630405426025,
      -2.8668973445892334,
      -0.4987287223339081,
      -0.10130828619003296,
      -0.03223729878664017,
      -0.09521881490945816,
      0.17729099094867706,
      -0.7746199369430542,
      -1.0651458501815796
    ],
    "best_loss": 4.118436813354492
  }
}