{
  "name": "monotone_policy_net",
  "context_cols": [
    "ctx_cat_toothbrush",
    "ctx_cat_grid",
    "ctx_cat_capsule",
    "ctx_cat_hazelnut",
    "ctx_cat_carpet",
    "ctx_cat_cable",
    "ctx_cat_leather",
    "ctx_cat_pill",
    "ctx_cat_screw",
    "ctx_cat_transistor",
    "ctx_cat_metal_nut",
    "ctx_cat_wood",
    "ctx_cat_tile",
    "ctx_cat_zipper",
    "ctx_cat_bottle",
    "ctx_brightness",
    "ctx_contrast",
    "ctx_blur_risk",
    "ctx_saturation"
  ],
  "state_dict": {
    "b": -1.0140905380249023,
    "w_u_raw": -0.6014513969421387,
    "w_ctx": [
      -0.3121863007545471,
      -0.5638548135757446,
      -0.6840371489524841,
      -0.6215958595275879,
      -3.597431182861328,
      -0.6618129014968872,
      -3.7027177810668945,
      -0.49401581287384033,
      -0.8692632913589478,
      -0.322593629360199,
      -0.6888335943222046,
      -2.2321410179138184,
      -0.4118379056453705,
      -0.5786533355712891,
      -0.10039600729942322,
      -1.0094459056854248,
      -0.8066818714141846,
      -0.9806480407714844,
      -1.422316551208496
    ],
    "best_loss": 2.6773524284362793
  }
}