{
  "name": "uncertainty_grid",
  "alpha": 0.0,
  "theta": 0.17223245960238284,
  "calib_risk": 3.069565217391304,
  "calib_coverage": 0.4811594202898551
}