policy,coverage,risk,wrong_auto_rate,auto_error_rate,defer_rate,n
uncertainty_grid,0.5064616391297235,0.8319272744268655,0.0676777827113178,0.13362864525655224,0.49353836087027647,42791
fixed,0.5092192283424084,0.8424902432754552,0.07034189432357271,0.13813675998164296,0.4907807716575916,42791
uaat_monotone,0.5271435582248604,0.8723563366128392,0.0798999789675399,0.15157157423416234,0.47285644177513964,42791
