{
  "name": "uncertainty_grid",
  "alpha": 0.0,
  "theta": 0.9398048865795136,
  "calib_risk": 0.5527754990429314,
  "calib_coverage": 0.6099261689909762
}