policy,wilds_split,coverage,risk,wrong_auto_rate,auto_error_rate,defer_rate,n
fixed,test,0.6182842186441074,0.6494356289874039,0.13385992381575565,0.21650224893222966,0.38171578135589257,42791
