{
  "name": "monotone_policy_net",
  "context_cols": [
    "ctx_severity",
    "ctx_corr_fog",
    "ctx_corr_impulse_noise",
    "ctx_corr_snow",
    "ctx_corr_elastic_transform",
    "ctx_corr_zoom_blur",
    "ctx_corr_frost",
    "ctx_corr_contrast",
    "ctx_corr_pixelate",
    "ctx_corr_defocus_blur",
    "ctx_corr_saturate",
    "ctx_corr_motion_blur",
    "ctx_corr_gaussian_blur",
    "ctx_corr_speckle_noise",
    "ctx_corr_gaussian_noise",
    "ctx_corr_jpeg_compression",
    "ctx_corr_spatter",
    "ctx_corr_brightness",
    "ctx_corr_glass_blur",
    "ctx_corr_shot_noise",
    "ctx_brightness",
    "ctx_contrast",
    "ctx_blur_risk",
    "ctx_saturation"
  ],
  "state_dict": {
    "b": 0.09960225969552994,
    "w_u_raw": 1.1154882907867432,
    "w_ctx": [
      2.4602181911468506,
      -1.4443310499191284,
      1.0812888145446777,
      -0.7361499071121216,
      -1.6381175518035889,
      -0.4522641599178314,
      -0.5859782695770264,
      -0.39809370040893555,
      0.03593913093209267,
      -0.5979230999946594,
      -1.7089825868606567,
      -0.7342256903648376,
      0.44553178548812866,
      0.7071164846420288,
      2.149723768234253,
      -0.9187549948692322,
      -1.422824740409851,
      -1.275200605392456,
      1.0378144979476929,
      0.9297680854797363,
      -0.03875702992081642,
      -0.2423364222049713,
      -0.08001276105642319,
      -1.159210205078125
    ],
    "best_loss": 0.8076536655426025
  }
}