{
  "name": "uncertainty_grid",
  "alpha": 0.025,
  "theta": 0.7692234869822859,
  "calib_risk": 0.8787894736842105,
  "calib_coverage": 0.77
}