policy,coverage,risk,wrong_auto_rate,auto_error_rate,defer_rate,n
uaat_monotone,0.38768115942028986,2.4384057971014492,0.1826086956521739,0.47102803738317756,0.6123188405797102,1380
fixed,0.5731884057971014,3.723913043478261,0.32971014492753625,0.5752212389380531,0.4268115942028986,1380
uncertainty_grid,0.5731884057971014,3.723913043478261,0.32971014492753625,0.5752212389380531,0.4268115942028986,1380
