{
  "name": "uncertainty_grid",
  "alpha": 0.0,
  "theta": 0.08688224519553911,
  "calib_risk": 3.6000000000000005,
  "calib_coverage": 0.5594202898550724
}