{
  "name": "monotone_policy_net",
  "context_cols": [
    "ctx_severity",
    "ctx_corr_gaussian_noise",
    "ctx_corr_pixelate",
    "ctx_corr_frost",
    "ctx_corr_fog",
    "ctx_corr_brightness",
    "ctx_corr_glass_blur",
    "ctx_corr_gaussian_blur",
    "ctx_corr_snow",
    "ctx_corr_contrast",
    "ctx_corr_impulse_noise",
    "ctx_corr_zoom_blur",
    "ctx_corr_elastic_transform",
    "ctx_corr_saturate",
    "ctx_corr_defocus_blur",
    "ctx_corr_jpeg_compression",
    "ctx_corr_motion_blur",
    "ctx_corr_shot_noise",
    "ctx_corr_spatter",
    "ctx_corr_speckle_noise",
    "ctx_brightness",
    "ctx_contrast",
    "ctx_blur_risk",
    "ctx_saturation"
  ],
  "state_dict": {
    "b": -0.8616659641265869,
    "w_u_raw": -0.3857349157333374,
    "w_ctx": [
      3.6779637336730957,
      2.2399632930755615,
      0.040629975497722626,
      -1.2608782052993774,
      -2.762230634689331,
      -1.8272486925125122,
      0.2557380795478821,
      0.7208997011184692,
      -1.8870484828948975,
      0.13415412604808807,
      1.0784492492675781,
      -0.958185613155365,
      -2.250455856323242,
      -1.1688247919082642,
      -0.8587597012519836,
      -1.6233899593353271,
      -1.1464667320251465,
      1.1279511451721191,
      -2.64985728263855,
      0.9754971265792847,
      0.3012160658836365,
      -1.0708309412002563,
      -1.1568328142166138,
      -2.1723880767822266
    ],
    "best_loss": 1.0385408401489258
  }
}