policy,wilds_split,coverage,risk,wrong_auto_rate,auto_error_rate,defer_rate,n
uncertainty_grid,test,0.6659811642635134,1.4216307167395013,0.21752237620060294,0.3266194118885536,0.3340188357364866,42791
