policy,wilds_split,coverage,risk,wrong_auto_rate,auto_error_rate,defer_rate,n
fixed,test,0.6711691710873782,1.4393447220209856,0.22210277862167277,0.3309192200557103,0.32883082891262183,42791
