policy,wilds_split,coverage,risk,wrong_auto_rate,auto_error_rate,defer_rate,n
uaat_monotone,test,0.6132831670211025,1.3091070552218924,0.184478044448599,0.3008040239301909,0.3867168329788975,42791
