{
  "name": "uncertainty_grid",
  "alpha": 0.225,
  "theta": 0.5846278427839279,
  "calib_risk": 0.7979217938200711,
  "calib_coverage": 0.7899917965545529
}