policy,wilds_split,coverage,risk,wrong_auto_rate,auto_error_rate,defer_rate,n
fixed,test,0.35203664321936856,0.692131522983805,0.008833633240634712,0.02509293680297398,0.6479633567806314,42791
