{
  "name": "uncertainty_grid",
  "alpha": 0.0,
  "theta": 0.988739052414894,
  "calib_risk": 0.5839485917418649,
  "calib_coverage": 0.4700574241181296
}