policy,coverage,risk,wrong_auto_rate,auto_error_rate,defer_rate,n
uaat_monotone,0.5239130434782608,3.2731884057971015,0.2797101449275362,0.5338865836791148,0.47608695652173916,1380
fixed,0.7115942028985507,4.824637681159421,0.45362318840579713,0.6374745417515275,0.2884057971014493,1380
uncertainty_grid,0.7115942028985507,4.824637681159421,0.45362318840579713,0.6374745417515275,0.2884057971014493,1380
