{
  "name": "uncertainty_grid",
  "alpha": 0.0,
  "theta": 0.018064055630914434,
  "calib_risk": 4.6579710144927535,
  "calib_coverage": 0.6898550724637681
}