policy,coverage,risk,wrong_auto_rate,auto_error_rate,defer_rate,n
uaat_monotone,0.8654578947368421,1.0226802631578948,0.17762763157894737,0.20524121700103992,0.1345421052631579,760000
fixed,0.918396052631579,1.1773605263157894,0.2191513157894737,0.23862397400502305,0.08160394736842103,760000
uncertainty_grid,0.9185894736842105,1.1789236842105262,0.21950263157894737,0.23895617995553825,0.08141052631578949,760000
