{
  "name": "uncertainty_grid",
  "alpha": 0.275,
  "theta": 0.3858807082772255,
  "calib_risk": 1.1775526315789473,
  "calib_coverage": 0.92
}