{
  "name": "monotone_policy_net",
  "context_cols": [
    "ctx_severity",
    "ctx_corr_fog",
    "ctx_corr_impulse_noise",
    "ctx_corr_snow",
    "ctx_corr_elastic_transform",
    "ctx_corr_zoom_blur",
    "ctx_corr_frost",
    "ctx_corr_contrast",
    "ctx_corr_pixelate",
    "ctx_corr_defocus_blur",
    "ctx_corr_saturate",
    "ctx_corr_motion_blur",
    "ctx_corr_gaussian_blur",
    "ctx_corr_speckle_noise",
    "ctx_corr_gaussian_noise",
    "ctx_corr_jpeg_compression",
    "ctx_corr_spatter",
    "ctx_corr_brightness",
    "ctx_corr_glass_blur",
    "ctx_corr_shot_noise",
    "ctx_brightness",
    "ctx_contrast",
    "ctx_blur_risk",
    "ctx_saturation"
  ],
  "state_dict": {
    "b": -1.2432680130004883,
    "w_u_raw": 0.987086296081543,
    "w_ctx": [
      3.957947254180908,
      -1.582916021347046,
      1.0662213563919067,
      -2.8274877071380615,
      -1.8527920246124268,
      -0.3935665488243103,
      -1.2365304231643677,
      0.20316947996616364,
      0.704020082950592,
      -1.1722142696380615,
      -1.3850713968276978,
      -0.8226904273033142,
      1.0787595510482788,
      0.8887455463409424,
      2.586942434310913,
      -1.833970069885254,
      -2.643742084503174,
      -1.9708226919174194,
      0.960422694683075,
      1.3507574796676636,
      0.27813485264778137,
      -0.937933087348938,
      -2.2561638355255127,
      -2.3514089584350586
    ],
    "best_loss": 1.0796271562576294
  }
}