{
  "name": "uncertainty_grid",
  "alpha": 0.0,
  "theta": 0.23843574488,
  "calib_risk": 2.6869565217391305,
  "calib_coverage": 0.4289855072463768
}