policy,coverage,risk,wrong_auto_rate,auto_error_rate,defer_rate,n
uaat_monotone,0.8829171052631579,1.0624315789473684,0.18906973684210526,0.21414211562449237,0.11708289473684208,760000
fixed,0.9385986842105263,1.223217105263158,0.23236315789473685,0.24756390756096364,0.06140131578947372,760000
uncertainty_grid,0.9385986842105263,1.223217105263158,0.23236315789473685,0.24756390756096364,0.06140131578947372,760000
