{
  "name": "monotone_policy_net",
  "context_cols": [
    "ctx_severity",
    "ctx_corr_fog",
    "ctx_corr_impulse_noise",
    "ctx_corr_snow",
    "ctx_corr_elastic_transform",
    "ctx_corr_zoom_blur",
    "ctx_corr_frost",
    "ctx_corr_contrast",
    "ctx_corr_pixelate",
    "ctx_corr_defocus_blur",
    "ctx_corr_saturate",
    "ctx_corr_motion_blur",
    "ctx_corr_gaussian_blur",
    "ctx_corr_speckle_noise",
    "ctx_corr_gaussian_noise",
    "ctx_corr_jpeg_compression",
    "ctx_corr_spatter",
    "ctx_corr_brightness",
    "ctx_corr_glass_blur",
    "ctx_corr_shot_noise",
    "ctx_brightness",
    "ctx_contrast",
    "ctx_blur_risk",
    "ctx_saturation"
  ],
  "state_dict": {
    "b": -0.9122103452682495,
    "w_u_raw": -0.5233058333396912,
    "w_ctx": [
      3.727494478225708,
      -1.5287716388702393,
      0.9682422876358032,
      -2.518094301223755,
      -1.7771680355072021,
      -0.7712198495864868,
      -1.0818489789962769,
      0.01968543231487274,
      -0.24045628309249878,
      -1.1570271253585815,
      -1.2458281517028809,
      -0.9008721113204956,
      0.8373342156410217,
      0.5860018730163574,
      2.0641791820526123,
      -2.1160430908203125,
      -2.31126070022583,
      -1.5865105390548706,
      0.7728477120399475,
      0.591039776802063,
      0.21285882592201233,
      -0.5192763805389404,
      -1.8570653200149536,
      -2.7645223140716553
    ],
    "best_loss": 1.1251815557479858
  }
}