{
  "name": "uncertainty_grid",
  "alpha": 0.0,
  "theta": 0.5116671037673951,
  "calib_risk": 1.2222368421052632,
  "calib_coverage": 0.94
}