{
  "name": "monotone_policy_net",
  "context_cols": [
    "ctx_severity",
    "ctx_corr_gaussian_noise",
    "ctx_corr_pixelate",
    "ctx_corr_frost",
    "ctx_corr_fog",
    "ctx_corr_brightness",
    "ctx_corr_glass_blur",
    "ctx_corr_gaussian_blur",
    "ctx_corr_snow",
    "ctx_corr_contrast",
    "ctx_corr_impulse_noise",
    "ctx_corr_zoom_blur",
    "ctx_corr_elastic_transform",
    "ctx_corr_saturate",
    "ctx_corr_defocus_blur",
    "ctx_corr_jpeg_compression",
    "ctx_corr_motion_blur",
    "ctx_corr_shot_noise",
    "ctx_corr_spatter",
    "ctx_corr_speckle_noise",
    "ctx_brightness",
    "ctx_contrast",
    "ctx_blur_risk",
    "ctx_saturation"
  ],
  "state_dict": {
    "b": 0.30710774660110474,
    "w_u_raw": 1.5790228843688965,
    "w_ctx": [
      2.187911033630371,
      2.108752489089966,
      0.20283889770507812,
      -0.3131062686443329,
      -1.3622978925704956,
      -1.5920368432998657,
      1.2902498245239258,
      0.5455342531204224,
      -0.5516200661659241,
      0.2511051297187805,
      1.091687560081482,
      -0.1652536392211914,
      -1.3258275985717773,
      -1.3300265073776245,
      -0.40266817808151245,
      -0.6835765242576599,
      -0.08305177092552185,
      1.1817785501480103,
      -0.9412550330162048,
      0.7971756458282471,
      0.1417849063873291,
      0.18771441280841827,
      0.022430511191487312,
      -0.28476640582084656
    ],
    "best_loss": 0.7240637540817261
  }
}