{
  "name": "uncertainty_grid",
  "alpha": 0.0,
  "theta": 0.11880163992383339,
  "calib_risk": 3.35072463768116,
  "calib_coverage": 0.518840579710145
}