policy,wilds_split,coverage,risk,wrong_auto_rate,auto_error_rate,defer_rate,n
uaat_monotone,test,0.5628052627889042,1.1648010095580847,0.14552125446939776,0.2585641323755346,0.4371947372110958,42791
