policy,coverage,risk,wrong_auto_rate,auto_error_rate,defer_rate,n
uaat_monotone,0.5628052627889042,1.1648010095580847,0.14552125446939776,0.2585641323755346,0.4371947372110958,42791
uncertainty_grid,0.5903811549157533,1.2201864878128579,0.16211352854572222,0.2745912995289554,0.40961884508424673,42791
fixed,0.5948447103362857,1.2336005234745624,0.1656890467621696,0.2785416830360651,0.4051552896637143,42791
