{
  "name": "uncertainty_grid",
  "alpha": 0.2,
  "theta": 0.7010588369369508,
  "calib_risk": 0.7139732020782061,
  "calib_coverage": 0.7399507793273175
}