{
  "name": "monotone_policy_net",
  "context_cols": [
    "ctx_severity",
    "ctx_corr_fog",
    "ctx_corr_impulse_noise",
    "ctx_corr_snow",
    "ctx_corr_elastic_transform",
    "ctx_corr_zoom_blur",
    "ctx_corr_frost",
    "ctx_corr_contrast",
    "ctx_corr_pixelate",
    "ctx_corr_defocus_blur",
    "ctx_corr_saturate",
    "ctx_corr_motion_blur",
    "ctx_corr_gaussian_blur",
    "ctx_corr_speckle_noise",
    "ctx_corr_gaussian_noise",
    "ctx_corr_jpeg_compression",
    "ctx_corr_spatter",
    "ctx_corr_brightness",
    "ctx_corr_glass_blur",
    "ctx_corr_shot_noise",
    "ctx_brightness",
    "ctx_contrast",
    "ctx_blur_risk",
    "ctx_saturation"
  ],
  "state_dict": {
    "b": 0.6017942428588867,
    "w_u_raw": 4.096036911010742,
    "w_ctx": [
      2.3355562686920166,
      -0.7355506420135498,
      1.2411682605743408,
      -0.4188247323036194,
      -0.9777441024780273,
      -0.15349073708057404,
      0.015799226239323616,
      0.05151129886507988,
      0.3370789885520935,
      -0.3417455554008484,
      -1.0052456855773926,
      -0.09431759268045425,
      0.5020289421081543,
      0.9436306357383728,
      2.359003782272339,
      -0.6671852469444275,
      -0.763714075088501,
      -1.3050198554992676,
      2.198366165161133,
      1.3161612749099731,
      0.17991676926612854,
      0.09828458726406097,
      0.4684101641178131,
      -0.5429159998893738
    ],
    "best_loss": 1.62495756149292
  }
}