policy,category,coverage,risk,wrong_auto_rate,auto_error_rate,defer_rate,n
uncertainty_grid,breakfast_box,0.40454545454545454,2.3227272727272728,0.17272727272727273,0.42696629213483145,0.5954545454545455,220
uncertainty_grid,juice_bottle,0.25757575757575757,1.4621212121212122,0.07196969696969698,0.27941176470588236,0.7424242424242424,264
uncertainty_grid,pushpins,0.4838709677419355,2.7338709677419355,0.2217741935483871,0.4583333333333333,0.5161290322580645,248
uncertainty_grid,screw_bag,0.6336996336996337,3.956043956043956,0.358974358974359,0.5664739884393064,0.36630036630036633,273
uncertainty_grid,splicing_connectors,0.44176706827309237,2.4457831325301207,0.18875502008032127,0.42727272727272725,0.5582329317269077,249
