policy,category,coverage,risk,wrong_auto_rate,auto_error_rate,defer_rate,n
uaat_monotone,breakfast_box,0.5681818181818182,3.2954545454545454,0.2863636363636364,0.504,0.43181818181818177,220
uaat_monotone,juice_bottle,0.22727272727272727,1.3409090909090908,0.056818181818181816,0.25,0.7727272727272727,264
uaat_monotone,pushpins,0.36693548387096775,2.2056451612903225,0.15725806451612903,0.42857142857142855,0.6330645161290323,248
uaat_monotone,screw_bag,0.10989010989010989,1.2564102564102564,0.03663003663003663,0.3333333333333333,0.8901098901098901,273
uaat_monotone,splicing_connectors,0.36947791164658633,2.116465863453815,0.14859437751004015,0.40217391304347827,0.6305220883534137,249
