{
  "name": "uncertainty_grid",
  "alpha": 0.0,
  "theta": 0.38189243622094904,
  "calib_risk": 2.627388535031847,
  "calib_coverage": 0.410828025477707
}