policy,category,coverage,risk,wrong_auto_rate,auto_error_rate,defer_rate,n
uaat_monotone,breakfast_box,0.4909090909090909,2.827272727272727,0.2318181818181818,0.4722222222222222,0.509090909090909,220
uaat_monotone,juice_bottle,0.4053030303030303,2.034090909090909,0.14393939393939395,0.35514018691588783,0.5946969696969697,264
uaat_monotone,pushpins,0.9475806451612904,5.092741935483871,0.5040322580645161,0.5319148936170213,0.05241935483870963,248
uaat_monotone,screw_bag,0.6190476190476191,4.043956043956044,0.3663003663003663,0.591715976331361,0.38095238095238093,273
uaat_monotone,splicing_connectors,0.5983935742971888,3.2931726907630523,0.2891566265060241,0.48322147651006714,0.40160642570281124,249
