{
  "name": "monotone_policy_net",
  "context_cols": [
    "ctx_cat_screw_bag",
    "ctx_cat_pushpins",
    "ctx_cat_splicing_connectors",
    "ctx_cat_juice_bottle",
    "ctx_cat_breakfast_box",
    "ctx_brightness",
    "ctx_contrast",
    "ctx_blur_risk",
    "ctx_saturation"
  ],
  "state_dict": {
    "b": -0.6761806011199951,
    "w_u_raw": 0.1694146692752838,
    "w_ctx": [
      0.44114920496940613,
      -3.226001739501953,
      -0.5352247357368469,
      -0.8277525305747986,
      0.05144881829619408,
      -0.20058467984199524,
      -0.2614026367664337,
      -0.621065080165863,
      -0.6586127877235413
    ],
    "best_loss": 3.771796464920044
  }
}