{
  "name": "uncertainty_grid",
  "alpha": 0.0,
  "theta": 0.09932132686851117,
  "calib_risk": 4.359872611464969,
  "calib_coverage": 0.7484076433121019
}