{
  "name": "monotone_policy_net",
  "context_cols": [
    "ctx_cat_hazelnut",
    "ctx_cat_bottle",
    "ctx_cat_toothbrush",
    "ctx_cat_pill",
    "ctx_cat_carpet",
    "ctx_cat_wood",
    "ctx_cat_grid",
    "ctx_cat_capsule",
    "ctx_cat_metal_nut",
    "ctx_cat_tile",
    "ctx_cat_transistor",
    "ctx_cat_leather",
    "ctx_cat_cable",
    "ctx_cat_screw",
    "ctx_cat_zipper",
    "ctx_brightness",
    "ctx_contrast",
    "ctx_blur_risk",
    "ctx_saturation"
  ],
  "state_dict": {
    "b": -1.305685043334961,
    "w_u_raw": -0.8688188195228577,
    "w_ctx": [
      -0.9697571396827698,
      -1.3156180381774902,
      0.041547443717718124,
      -0.9870874881744385,
      -1.99310302734375,
      -2.4735236167907715,
      -1.123078465461731,
      -1.0986824035644531,
      -0.8963693976402283,
      -1.1390600204467773,
      -0.6454787254333496,
      -2.140275716781616,
      -0.9471769332885742,
      -1.0053660869598389,
      -1.4631173610687256,
      -1.3232901096343994,
      -1.2714223861694336,
      -1.286919355392456,
      -1.4510022401809692
    ],
    "best_loss": 1.2676516771316528
  }
}