{
  "name": "uncertainty_grid",
  "alpha": 0.0,
  "theta": 0.0010875173989975777,
  "calib_risk": 1.2608695652173914,
  "calib_coverage": 0.8
}