policy,coverage,risk,wrong_auto_rate,auto_error_rate,defer_rate,n
uaat_monotone,0.30861244019138756,1.9992025518341308,0.13078149920255183,0.42377260981912146,0.6913875598086124,1254
fixed,0.4609250398724083,2.6842105263157894,0.21451355661881977,0.46539792387543255,0.5390749601275917,1254
uncertainty_grid,0.4609250398724083,2.6842105263157894,0.21451355661881977,0.46539792387543255,0.5390749601275917,1254
