{
  "name": "uncertainty_grid",
  "alpha": 0.0,
  "theta": 0.8733223050832748,
  "calib_risk": 0.6125239267158873,
  "calib_coverage": 0.6499863275909216
}