policy,category,coverage,risk,wrong_auto_rate,auto_error_rate,defer_rate,n
fixed,breakfast_box,0.39090909090909093,2.2,0.1590909090909091,0.4069767441860465,0.6090909090909091,220
fixed,juice_bottle,0.2840909090909091,1.549242424242424,0.08333333333333333,0.29333333333333333,0.7159090909090908,264
fixed,pushpins,0.4798387096774194,2.858870967741935,0.23387096774193547,0.48739495798319327,0.5201612903225806,248
fixed,screw_bag,0.673992673992674,4.208791208791209,0.3882783882783883,0.5760869565217391,0.32600732600732596,273
fixed,splicing_connectors,0.46987951807228917,2.578313253012048,0.20481927710843373,0.4358974358974359,0.5301204819277108,249
