policy,coverage,risk,wrong_auto_rate,auto_error_rate,defer_rate,n
uaat_monotone,0.30063795853269537,1.9274322169059008,0.12280701754385964,0.40848806366047746,0.6993620414673046,1254
fixed,0.46331738437001596,2.705741626794258,0.21690590111642744,0.46815834767641995,0.536682615629984,1254
uncertainty_grid,0.46331738437001596,2.705741626794258,0.21690590111642744,0.46815834767641995,0.536682615629984,1254
