{
  "name": "uncertainty_grid",
  "alpha": 0.0,
  "theta": 0.35021517279252345,
  "calib_risk": 2.8662420382165603,
  "calib_coverage": 0.49044585987261147
}