{
  "name": "uncertainty_grid",
  "alpha": 0.0,
  "theta": 0.09368839132022803,
  "calib_risk": 3.608695652173913,
  "calib_coverage": 0.5507246376811594
}