policy,category,coverage,risk,wrong_auto_rate,auto_error_rate,defer_rate,n
uaat_monotone,breakfast_box,0.41818181818181815,2.536363636363636,0.19545454545454546,0.4673913043478261,0.5818181818181818,220
uaat_monotone,juice_bottle,0.3560606060606061,2.0454545454545454,0.14015151515151514,0.39361702127659576,0.6439393939393939,264
uaat_monotone,pushpins,0.8346774193548387,4.560483870967742,0.43951612903225806,0.5265700483091788,0.16532258064516125,248
uaat_monotone,screw_bag,0.8571428571428571,5.380952380952381,0.5238095238095238,0.6111111111111112,0.1428571428571429,273
uaat_monotone,splicing_connectors,0.5421686746987951,2.867469879518072,0.24096385542168675,0.4444444444444444,0.45783132530120485,249
