policy,category,coverage,risk,wrong_auto_rate,auto_error_rate,defer_rate,n
fixed,breakfast_box,0.6681818181818182,3.786363636363636,0.34545454545454546,0.5170068027210885,0.3318181818181818,220
fixed,juice_bottle,0.4128787878787879,2.1780303030303028,0.1590909090909091,0.3853211009174312,0.5871212121212122,264
fixed,pushpins,0.717741935483871,3.911290322580645,0.3629032258064516,0.5056179775280899,0.282258064516129,248
fixed,screw_bag,0.9230769230769231,5.827838827838827,0.575091575091575,0.623015873015873,0.07692307692307687,273
fixed,splicing_connectors,0.6827309236947792,3.771084337349398,0.3453815261044177,0.5058823529411764,0.31726907630522083,249
