policy,wilds_split,coverage,risk,wrong_auto_rate,auto_error_rate,defer_rate,n
fixed,test,0.9334439484938422,2.246687387534762,0.43602626720572085,0.46711563978669607,0.06655605150615784,42791
