{
  "name": "uncertainty_grid",
  "alpha": 0.8,
  "theta": -0.07819257885217669,
  "calib_risk": 1.1506699480448455,
  "calib_coverage": 0.9499589827727646
}