policy,wilds_split,coverage,risk,wrong_auto_rate,auto_error_rate,defer_rate,n
fixed,test,0.769320651538875,1.6953565001986397,0.29293543034750297,0.380771567436209,0.23067934846112503,42791
