{
  "name": "uncertainty_grid",
  "alpha": 1.2000000000000002,
  "theta": 0.06145312786102291,
  "calib_risk": 1.2146568225321304,
  "calib_coverage": 0.9098988241728192
}