policy,wilds_split,coverage,risk,wrong_auto_rate,auto_error_rate,defer_rate,n
uaat_monotone,test,0.4623168423266575,0.904933280362693,0.07345002453787011,0.1588737805186271,0.5376831576733425,42791
