policy,wilds_split,coverage,risk,wrong_auto_rate,auto_error_rate,defer_rate,n
uncertainty_grid,test,0.46210651772569,0.906428921969573,0.0737070879390526,0.15950237685850105,0.53789348227431,42791
