{
  "name": "uncertainty_grid",
  "alpha": 0.25,
  "theta": 0.8656559451669454,
  "calib_risk": 0.6017227235438884,
  "calib_coverage": 0.6300246103363413
}