policy,category,coverage,risk,wrong_auto_rate,auto_error_rate,defer_rate,n
uaat_monotone,breakfast_box,0.8,4.5636363636363635,0.43636363636363634,0.5454545454545454,0.19999999999999996,220
uaat_monotone,juice_bottle,0.3712121212121212,2.0681818181818183,0.14393939393939395,0.3877551020408163,0.6287878787878788,264
uaat_monotone,pushpins,0.9233870967741935,4.955645161290322,0.4879032258064516,0.5283842794759825,0.0766129032258065,248
uaat_monotone,screw_bag,0.9304029304029304,5.893772893772894,0.5824175824175825,0.6259842519685039,0.06959706959706957,273
uaat_monotone,splicing_connectors,0.6907630522088354,3.8032128514056223,0.3493975903614458,0.5058139534883721,0.3092369477911646,249
