policy,category,coverage,risk,wrong_auto_rate,auto_error_rate,defer_rate,n
uncertainty_grid,breakfast_box,0.8681818181818182,5.086363636363637,0.4954545454545455,0.5706806282722513,0.13181818181818183,220
uncertainty_grid,juice_bottle,0.6174242424242424,3.715909090909091,0.3333333333333333,0.5398773006134969,0.38257575757575757,264
uncertainty_grid,pushpins,0.9475806451612904,5.092741935483871,0.5040322580645161,0.5319148936170213,0.05241935483870963,248
uncertainty_grid,screw_bag,1.0,6.410256410256411,0.6410256410256411,0.6410256410256411,0.0,273
uncertainty_grid,splicing_connectors,0.8674698795180723,4.991967871485944,0.4859437751004016,0.5601851851851852,0.1325301204819277,249
