{
  "name": "uncertainty_grid",
  "alpha": 0.0,
  "theta": 0.020099746807879987,
  "calib_risk": 4.990445859872612,
  "calib_coverage": 0.8503184713375797
}