{
  "name": "uncertainty_grid",
  "alpha": 0.0,
  "theta": 8.103882093174963e-05,
  "calib_risk": 5.843478260869565,
  "calib_coverage": 0.8376811594202899
}