{
  "name": "uncertainty_grid",
  "alpha": 0.0,
  "theta": 0.9418681228160858,
  "calib_risk": 0.6048673776319387,
  "calib_coverage": 0.589964451736396
}