policy,category,coverage,risk,wrong_auto_rate,auto_error_rate,defer_rate,n
fixed,breakfast_box,0.42727272727272725,2.5727272727272728,0.2,0.46808510638297873,0.5727272727272728,220
fixed,juice_bottle,0.2840909090909091,1.625,0.09090909090909091,0.32,0.7159090909090908,264
fixed,pushpins,0.46774193548387094,2.629032258064516,0.20967741935483872,0.4482758620689655,0.532258064516129,248
fixed,screw_bag,0.6923076923076923,4.263736263736264,0.3956043956043956,0.5714285714285714,0.3076923076923077,273
fixed,splicing_connectors,0.46184738955823296,2.465863453815261,0.1927710843373494,0.41739130434782606,0.5381526104417671,249
