policy,category,coverage,risk,wrong_auto_rate,auto_error_rate,defer_rate,n
uaat_monotone,breakfast_box,0.4636363636363636,2.718181818181818,0.21818181818181817,0.47058823529411764,0.5363636363636364,220
uaat_monotone,juice_bottle,0.36363636363636365,2.0757575757575757,0.14393939393939395,0.3958333333333333,0.6363636363636364,264
uaat_monotone,pushpins,0.3387096774193548,2.153225806451613,0.14919354838709678,0.44047619047619047,0.6612903225806452,248
uaat_monotone,screw_bag,0.2967032967032967,2.1318681318681314,0.14285714285714285,0.48148148148148145,0.7032967032967032,273
uaat_monotone,splicing_connectors,0.3534136546184739,1.9317269076305221,0.1285140562248996,0.36363636363636365,0.6465863453815262,249
