{
  "name": "uncertainty_grid",
  "alpha": 0.0,
  "theta": 0.36185362891848966,
  "calib_risk": 2.4904458598726116,
  "calib_coverage": 0.42038216560509556
}