policy,category,coverage,risk,wrong_auto_rate,auto_error_rate,defer_rate,n
uaat_monotone,breakfast_box,0.41818181818181815,1.559090909090909,0.19545454545454546,0.4673913043478261,0.5818181818181818,220
uaat_monotone,juice_bottle,0.35984848484848486,1.3409090909090908,0.14015151515151514,0.3894736842105263,0.6401515151515151,264
uaat_monotone,pushpins,0.7741935483870968,2.221774193548387,0.39919354838709675,0.515625,0.22580645161290325,248
uaat_monotone,screw_bag,0.8571428571428571,2.761904761904762,0.5238095238095238,0.6111111111111112,0.1428571428571429,273
uaat_monotone,splicing_connectors,0.5582329317269076,1.7269076305220885,0.2570281124497992,0.460431654676259,0.4417670682730924,249
