policy,category,coverage,risk,wrong_auto_rate,auto_error_rate,defer_rate,n
uncertainty_grid,breakfast_box,0.5681818181818182,1.8409090909090908,0.2818181818181818,0.496,0.43181818181818177,220
uncertainty_grid,juice_bottle,0.3712121212121212,1.3295454545454546,0.14015151515151514,0.37755102040816324,0.6287878787878788,264
uncertainty_grid,pushpins,0.6129032258064516,1.879032258064516,0.29838709677419356,0.4868421052631579,0.3870967741935484,248
uncertainty_grid,screw_bag,0.8534798534798534,2.7472527472527473,0.5201465201465202,0.6094420600858369,0.14652014652014655,273
uncertainty_grid,splicing_connectors,0.5783132530120482,1.78714859437751,0.27309236947791166,0.4722222222222222,0.42168674698795183,249
