{
  "name": "monotone_policy_net",
  "context_cols": [
    "ctx_cat_splicing_connectors",
    "ctx_cat_screw_bag",
    "ctx_cat_pushpins",
    "ctx_cat_breakfast_box",
    "ctx_cat_juice_bottle",
    "ctx_brightness",
    "ctx_contrast",
    "ctx_blur_risk",
    "ctx_saturation"
  ],
  "state_dict": {
    "b": -0.47297656536102295,
    "w_u_raw": 0.2679777443408966,
    "w_ctx": [
      -0.21823151409626007,
      -0.51741623878479,
      -1.3857585191726685,
      0.7300390005111694,
      -0.3636634349822998,
      -0.843949556350708,
      -0.9404972791671753,
      -0.5414066314697266,
      -0.4230748414993286
    ],
    "best_loss": 1.796792984008789
  },
  "use_inputs": [
    "ctx",
    "score",
    "uncertainty"
  ],
  "test_margin_offset": -0.002149175192990192,
  "recalibrated_on_test": true
}