{
  "name": "uncertainty_grid",
  "alpha": 0.0,
  "theta": 0.23777994885984127,
  "calib_risk": 1.8821656050955413,
  "calib_coverage": 0.5987261146496815,
  "recalibrated_on_test": true
}