{
  "name": "monotone_policy_net",
  "context_cols": [
    "ctx_cat_toothbrush",
    "ctx_cat_grid",
    "ctx_cat_capsule",
    "ctx_cat_hazelnut",
    "ctx_cat_carpet",
    "ctx_cat_cable",
    "ctx_cat_leather",
    "ctx_cat_pill",
    "ctx_cat_screw",
    "ctx_cat_transistor",
    "ctx_cat_metal_nut",
    "ctx_cat_wood",
    "ctx_cat_tile",
    "ctx_cat_zipper",
    "ctx_cat_bottle",
    "ctx_brightness",
    "ctx_contrast",
    "ctx_blur_risk",
    "ctx_saturation"
  ],
  "state_dict": {
    "b": -1.1854870319366455,
    "w_u_raw": 3.6069815158843994,
    "w_ctx": [
      -0.0929429829120636,
      -0.7681160569190979,
      -0.46969905495643616,
      -1.3106977939605713,
      -0.714232325553894,
      -0.9353668093681335,
      -3.5942959785461426,
      -0.551921546459198,
      -1.552073359489441,
      -0.3033442199230194,
      0.853472888469696,
      6.0725410548911896e-06,
      -2.7689123153686523,
      0.6408591866493225,
      -2.117500066757202,
      0.30010512471199036,
      -0.20128947496414185,
      -1.1494265794754028,
      -1.998475193977356
    ],
    "best_loss": 2.2361831665039062
  }
}