{
  "name": "uncertainty_grid",
  "alpha": 0.0,
  "theta": 0.18664140888,
  "calib_risk": 2.8579710144927537,
  "calib_coverage": 0.4608695652173913
}