{
  "name": "monotone_policy_net",
  "context_cols": [
    "ctx_cat_toothbrush",
    "ctx_cat_grid",
    "ctx_cat_capsule",
    "ctx_cat_hazelnut",
    "ctx_cat_carpet",
    "ctx_cat_cable",
    "ctx_cat_leather",
    "ctx_cat_pill",
    "ctx_cat_screw",
    "ctx_cat_transistor",
    "ctx_cat_metal_nut",
    "ctx_cat_wood",
    "ctx_cat_tile",
    "ctx_cat_zipper",
    "ctx_cat_bottle",
    "ctx_brightness",
    "ctx_contrast",
    "ctx_blur_risk",
    "ctx_saturation"
  ],
  "state_dict": {
    "b": -1.142382025718689,
    "w_u_raw": 3.143476963043213,
    "w_ctx": [
      -0.012627506628632545,
      -0.6574081778526306,
      -0.2950810492038727,
      -1.1731971502304077,
      -1.4092953205108643,
      -0.7446739077568054,
      -3.393376350402832,
      -0.31692835688591003,
      -1.4206751585006714,
      -0.17965325713157654,
      -1.0795317888259888,
      5.111821155878715e-05,
      -2.5579655170440674,
      0.8204657435417175,
      -1.7745224237442017,
      0.3486870527267456,
      -0.8874901533126831,
      -0.948647677898407,
      -1.979822039604187
    ],
    "best_loss": 2.425503730773926
  }
}