{
  "name": "uncertainty_grid",
  "alpha": 0.0,
  "theta": 0.15513607231999998,
  "calib_risk": 3.031884057971014,
  "calib_coverage": 0.48985507246376814
}