policy,coverage,risk,wrong_auto_rate,auto_error_rate,defer_rate,n
uaat_monotone,0.5934782608695652,3.7471014492753625,0.33405797101449275,0.5628815628815629,0.40652173913043477,1380
fixed,0.8101449275362319,5.588405797101449,0.5398550724637681,0.6663685152057245,0.1898550724637681,1380
uncertainty_grid,0.8101449275362319,5.588405797101449,0.5398550724637681,0.6663685152057245,0.1898550724637681,1380
