{
  "name": "uncertainty_grid",
  "alpha": 0.1,
  "theta": 0.9959194944351911,
  "calib_risk": 0.6557631578947369,
  "calib_coverage": 0.41
}