{
  "name": "monotone_policy_net",
  "context_cols": [
    "ctx_severity",
    "ctx_corr_gaussian_noise",
    "ctx_corr_pixelate",
    "ctx_corr_frost",
    "ctx_corr_fog",
    "ctx_corr_brightness",
    "ctx_corr_glass_blur",
    "ctx_corr_gaussian_blur",
    "ctx_corr_snow",
    "ctx_corr_contrast",
    "ctx_corr_impulse_noise",
    "ctx_corr_zoom_blur",
    "ctx_corr_elastic_transform",
    "ctx_corr_saturate",
    "ctx_corr_defocus_blur",
    "ctx_corr_jpeg_compression",
    "ctx_corr_motion_blur",
    "ctx_corr_shot_noise",
    "ctx_corr_spatter",
    "ctx_corr_speckle_noise",
    "ctx_brightness",
    "ctx_contrast",
    "ctx_blur_risk",
    "ctx_saturation"
  ],
  "state_dict": {
    "b": 1.0929924249649048,
    "w_u_raw": 1.48716139793396,
    "w_ctx": [
      1.6576138734817505,
      2.608030080795288,
      1.0039557218551636,
      1.0808769464492798,
      -0.11456947028636932,
      -0.9501104354858398,
      2.3917834758758545,
      0.8327533006668091,
      0.7146255373954773,
      0.6450345516204834,
      1.7714382410049438,
      0.9591257572174072,
      -0.058748677372932434,
      -0.6251590251922607,
      0.03539520502090454,
      0.568962574005127,
      1.0116171836853027,
      2.007459878921509,
      0.10686532407999039,
      1.727399468421936,
      1.0124591588974,
      1.0078192949295044,
      1.0492161512374878,
      0.9945360422134399
    ],
    "best_loss": 0.7208147644996643
  }
}