{
  "name": "monotone_policy_net",
  "context_cols": [
    "ctx_cat_toothbrush",
    "ctx_cat_grid",
    "ctx_cat_capsule",
    "ctx_cat_hazelnut",
    "ctx_cat_carpet",
    "ctx_cat_cable",
    "ctx_cat_leather",
    "ctx_cat_pill",
    "ctx_cat_screw",
    "ctx_cat_transistor",
    "ctx_cat_metal_nut",
    "ctx_cat_wood",
    "ctx_cat_tile",
    "ctx_cat_zipper",
    "ctx_cat_bottle",
    "ctx_brightness",
    "ctx_contrast",
    "ctx_blur_risk",
    "ctx_saturation"
  ],
  "state_dict": {
    "b": -0.8127446174621582,
    "w_u_raw": -0.24224333465099335,
    "w_ctx": [
      0.7941528558731079,
      -1.0234403610229492,
      1.0201895236968994,
      -0.8831133842468262,
      -4.926332950592041,
      -0.6275842189788818,
      -4.675607204437256,
      -0.062197327613830566,
      0.07136527448892593,
      -0.286417156457901,
      -0.4243963658809662,
      -2.4429171085357666,
      -0.7738869190216064,
      -0.09877707809209824,
      -0.14665083587169647,
      -0.5730193853378296,
      -0.3840618133544922,
      -0.7528447508811951,
      -1.488683819770813
    ],
    "best_loss": 4.369093894958496
  }
}