{
  "name": "uncertainty_grid",
  "alpha": 0.0,
  "theta": 0.005232723450399999,
  "calib_risk": 5.35072463768116,
  "calib_coverage": 0.7797101449275362
}