{
  "name": "monotone_policy_net",
  "context_cols": [
    "ctx_cat_grid",
    "ctx_cat_metal_nut",
    "ctx_cat_hazelnut",
    "ctx_cat_pill",
    "ctx_cat_screw",
    "ctx_cat_toothbrush",
    "ctx_cat_capsule",
    "ctx_cat_wood",
    "ctx_cat_transistor",
    "ctx_cat_cable",
    "ctx_cat_tile",
    "ctx_cat_bottle",
    "ctx_cat_zipper",
    "ctx_cat_leather",
    "ctx_cat_carpet",
    "ctx_brightness",
    "ctx_contrast",
    "ctx_blur_risk",
    "ctx_saturation"
  ],
  "state_dict": {
    "b": -1.0309516191482544,
    "w_u_raw": -0.6055789589881897,
    "w_ctx": [
      -1.7362390756607056,
      -0.3444434404373169,
      -0.5754477381706238,
      -0.5828694105148315,
      -0.7721644043922424,
      -0.404699444770813,
      -0.444402813911438,
      -1.5448086261749268,
      -0.35514846444129944,
      -1.26703679561615,
      -1.7679939270019531,
      0.007073043379932642,
      0.4340307414531708,
      -2.4842262268066406,
      -1.903989553451538,
      -1.0448755025863647,
      -0.7832998633384705,
      -1.009020447731018,
      -1.3209660053253174
    ],
    "best_loss": 1.1701585054397583
  }
}