{
  "name": "uncertainty_grid",
  "alpha": 0.0,
  "theta": 0.021535992735585763,
  "calib_risk": 1.1826086956521737,
  "calib_coverage": 0.6985507246376812
}