policy,wilds_split,coverage,risk,wrong_auto_rate,auto_error_rate,defer_rate,n
fixed,test,0.2825594166997733,0.7473534154378256,0.005982566427519806,0.021172773137044083,0.7174405833002266,42791
