{
  "name": "uncertainty_grid",
  "alpha": 0.0,
  "theta": 0.9916732335090638,
  "calib_risk": 0.6531309816789718,
  "calib_coverage": 0.4200164068908942
}