{
  "name": "monotone_policy_net",
  "context_cols": [
    "ctx_severity",
    "ctx_corr_motion_blur",
    "ctx_corr_shot_noise",
    "ctx_corr_elastic_transform",
    "ctx_corr_contrast",
    "ctx_corr_zoom_blur",
    "ctx_corr_saturate",
    "ctx_corr_glass_blur",
    "ctx_corr_impulse_noise",
    "ctx_corr_brightness",
    "ctx_corr_frost",
    "ctx_corr_gaussian_blur",
    "ctx_corr_speckle_noise",
    "ctx_corr_snow",
    "ctx_corr_fog",
    "ctx_corr_pixelate",
    "ctx_corr_spatter",
    "ctx_corr_jpeg_compression",
    "ctx_corr_gaussian_noise",
    "ctx_corr_defocus_blur",
    "ctx_brightness",
    "ctx_contrast",
    "ctx_blur_risk",
    "ctx_saturation"
  ],
  "state_dict": {
    "b": 0.43584251403808594,
    "w_u_raw": 2.8806090354919434,
    "w_ctx": [
      2.277367115020752,
      -0.25772562623023987,
      1.2957404851913452,
      -0.7989356517791748,
      0.17642374336719513,
      -0.19116973876953125,
      -1.6049357652664185,
      1.508636474609375,
      1.1480631828308105,
      -1.592734456062317,
      0.020872589200735092,
      0.49055054783821106,
      0.8271318078041077,
      -0.458106130361557,
      -0.6217125058174133,
      0.26286500692367554,
      -0.9821339845657349,
      -0.8340427279472351,
      2.223827838897705,
      -0.3229885697364807,
      0.032734956592321396,
      0.05914903059601784,
      0.24797168374061584,
      -0.4230782091617584
    ],
    "best_loss": 1.0693367719650269
  }
}