{
  "name": "uncertainty_grid",
  "alpha": 1.2750000000000001,
  "theta": 0.1254359364509582,
  "calib_risk": 0.6055509980858627,
  "calib_coverage": 0.700027344818157,
  "recalibrated_on_test": true
}