policy,category,coverage,risk,wrong_auto_rate,auto_error_rate,defer_rate,n
uaat_monotone,breakfast_box,0.4863636363636364,5.059090909090909,0.22727272727272727,0.4672897196261682,0.5136363636363637,220
uaat_monotone,juice_bottle,0.4053030303030303,3.4734848484848486,0.14393939393939395,0.35514018691588783,0.5946969696969697,264
uaat_monotone,pushpins,0.9516129032258065,10.209677419354838,0.5080645161290323,0.5338983050847458,0.048387096774193505,248
uaat_monotone,screw_bag,0.6227106227106227,7.776556776556777,0.36996336996337,0.5941176470588235,0.3772893772893773,273
uaat_monotone,splicing_connectors,0.5301204819277109,5.208835341365462,0.23694779116465864,0.44696969696969696,0.4698795180722891,249
