policy,wilds_split,coverage,risk,wrong_auto_rate,auto_error_rate,defer_rate,n
uaat_monotone,test,0.48601341403566173,0.9484237339627491,0.08688742959968218,0.1787757849689859,0.5139865859643382,42791
