{
  "name": "uncertainty_grid",
  "alpha": 0.0,
  "theta": 0.8353403055667877,
  "calib_risk": 0.7428219852337982,
  "calib_coverage": 0.689909762100082
}