policy,coverage,risk,wrong_auto_rate,auto_error_rate,defer_rate,n
uaat_monotone,0.6065217391304348,3.8789855072463766,0.34855072463768116,0.5746714456391876,0.39347826086956517,1380
fixed,0.8507246376811595,5.946376811594202,0.5797101449275363,0.6814310051107325,0.14927536231884053,1380
uncertainty_grid,0.8507246376811595,5.946376811594202,0.5797101449275363,0.6814310051107325,0.14927536231884053,1380
