{
  "name": "monotone_policy_net",
  "context_cols": [
    "ctx_cat_hazelnut",
    "ctx_cat_bottle",
    "ctx_cat_toothbrush",
    "ctx_cat_pill",
    "ctx_cat_carpet",
    "ctx_cat_wood",
    "ctx_cat_grid",
    "ctx_cat_capsule",
    "ctx_cat_metal_nut",
    "ctx_cat_tile",
    "ctx_cat_transistor",
    "ctx_cat_leather",
    "ctx_cat_cable",
    "ctx_cat_screw",
    "ctx_cat_zipper",
    "ctx_brightness",
    "ctx_contrast",
    "ctx_blur_risk",
    "ctx_saturation"
  ],
  "state_dict": {
    "b": -0.9683652520179749,
    "w_u_raw": -0.44800567626953125,
    "w_ctx": [
      -0.6787320375442505,
      -1.7658069133758545,
      0.2890333831310272,
      0.5926514863967896,
      -3.9179365634918213,
      -4.724083423614502,
      -2.839905261993408,
      1.3634264469146729,
      0.27943155169487,
      -0.3410238027572632,
      0.18330185115337372,
      -3.0846028327941895,
      -0.621623158454895,
      0.20613500475883484,
      -2.3013761043548584,
      -0.8375098705291748,
      -0.7491751313209534,
      -0.9009326696395874,
      -1.256666660308838
    ],
    "best_loss": 4.784486770629883
  }
}