{
  "name": "uncertainty_grid",
  "alpha": 1.675,
  "theta": 0.9622023357087747,
  "calib_risk": 0.641921052631579,
  "calib_coverage": 0.46
}