{
  "name": "monotone_policy_net",
  "context_cols": [
    "ctx_severity",
    "ctx_corr_gaussian_noise",
    "ctx_corr_pixelate",
    "ctx_corr_frost",
    "ctx_corr_fog",
    "ctx_corr_brightness",
    "ctx_corr_glass_blur",
    "ctx_corr_gaussian_blur",
    "ctx_corr_snow",
    "ctx_corr_contrast",
    "ctx_corr_impulse_noise",
    "ctx_corr_zoom_blur",
    "ctx_corr_elastic_transform",
    "ctx_corr_saturate",
    "ctx_corr_defocus_blur",
    "ctx_corr_jpeg_compression",
    "ctx_corr_motion_blur",
    "ctx_corr_shot_noise",
    "ctx_corr_spatter",
    "ctx_corr_speckle_noise",
    "ctx_brightness",
    "ctx_contrast",
    "ctx_blur_risk",
    "ctx_saturation"
  ],
  "state_dict": {
    "b": 0.983756422996521,
    "w_u_raw": 1.6727697849273682,
    "w_ctx": [
      1.708687424659729,
      2.7868874073028564,
      0.7235039472579956,
      0.7445487976074219,
      -0.1879139095544815,
      -0.9736964702606201,
      2.5566396713256836,
      0.6328684091567993,
      0.3821064531803131,
      0.43962347507476807,
      1.6938807964324951,
      0.5731483101844788,
      -0.21079261600971222,
      -0.6843756437301636,
      -0.05487533286213875,
      0.2315756231546402,
      0.6687857508659363,
      1.9924131631851196,
      -0.04167933389544487,
      1.6201391220092773,
      0.8522405028343201,
      0.8459284901618958,
      0.9395930171012878,
      0.7684757709503174
    ],
    "best_loss": 0.6918783187866211
  }
}