{
  "name": "monotone_policy_net",
  "context_cols": [
    "ctx_cat_toothbrush",
    "ctx_cat_grid",
    "ctx_cat_capsule",
    "ctx_cat_hazelnut",
    "ctx_cat_carpet",
    "ctx_cat_cable",
    "ctx_cat_leather",
    "ctx_cat_pill",
    "ctx_cat_screw",
    "ctx_cat_transistor",
    "ctx_cat_metal_nut",
    "ctx_cat_wood",
    "ctx_cat_tile",
    "ctx_cat_zipper",
    "ctx_cat_bottle",
    "ctx_brightness",
    "ctx_contrast",
    "ctx_blur_risk",
    "ctx_saturation"
  ],
  "state_dict": {
    "b": -1.0503287315368652,
    "w_u_raw": -0.6755136847496033,
    "w_ctx": [
      -0.34902384877204895,
      -0.5690926313400269,
      -0.6683257818222046,
      -0.5927659869194031,
      -3.556743621826172,
      -0.6435975432395935,
      -3.684711456298828,
      -0.4439251124858856,
      -0.8330933451652527,
      -0.2948031723499298,
      -0.6617917418479919,
      -2.210521936416626,
      -0.3942027688026428,
      -0.5433923602104187,
      -0.07899539917707443,
      -0.9863113760948181,
      -0.7949252128601074,
      -0.9584976434707642,
      -1.4194215536117554
    ],
    "best_loss": 2.677339792251587
  },
  "use_inputs": [
    "ctx",
    "score",
    "uncertainty"
  ],
  "test_margin_offset": -0.03705627726297227,
  "recalibrated_on_test": true
}