policy,category,coverage,risk,wrong_auto_rate,auto_error_rate,defer_rate,n
fixed,breakfast_box,0.40454545454545454,2.2318181818181815,0.16363636363636364,0.4044943820224719,0.5954545454545455,220
fixed,juice_bottle,0.30303030303030304,1.643939393939394,0.0946969696969697,0.3125,0.696969696969697,264
fixed,pushpins,0.5,2.9193548387096775,0.24193548387096775,0.4838709677419355,0.5,248
fixed,screw_bag,0.6959706959706959,4.333333333333333,0.40293040293040294,0.5789473684210527,0.30402930402930406,273
fixed,splicing_connectors,0.4819277108433735,2.566265060240964,0.20481927710843373,0.425,0.5180722891566265,249
