{
  "name": "uncertainty_grid",
  "alpha": 0.0,
  "theta": 0.33279326877020626,
  "calib_risk": 2.942675159235669,
  "calib_coverage": 0.5095541401273885
}