{
  "name": "uncertainty_grid",
  "alpha": 0.7000000000000001,
  "theta": 0.6800398468971253,
  "calib_risk": 0.6286573694284934,
  "calib_coverage": 0.7199890620727372
}