policy,category,coverage,risk,wrong_auto_rate,auto_error_rate,defer_rate,n
uaat_monotone,breakfast_box,0.4863636363636364,2.786363636363636,0.22727272727272727,0.4672897196261682,0.5136363636363637,220
uaat_monotone,juice_bottle,0.3371212121212121,1.799242424242424,0.11363636363636363,0.33707865168539325,0.6628787878787878,264
uaat_monotone,pushpins,0.5282258064516129,2.971774193548387,0.25,0.4732824427480916,0.4717741935483871,248
uaat_monotone,screw_bag,0.5897435897435898,3.8534798534798536,0.3443223443223443,0.5838509316770186,0.41025641025641024,273
uaat_monotone,splicing_connectors,0.5140562248995983,2.734939759036145,0.2248995983935743,0.4375,0.48594377510040165,249
