policy,coverage,risk,wrong_auto_rate,auto_error_rate,defer_rate,n
uaat_monotone,0.49122807017543857,2.8373205741626792,0.23285486443381181,0.474025974025974,0.5087719298245614,1254
fixed,0.5733652312599681,3.313397129186603,0.2886762360446571,0.5034770514603616,0.4266347687400319,1254
uncertainty_grid,0.5733652312599681,3.313397129186603,0.2886762360446571,0.5034770514603616,0.4266347687400319,1254
