{
  "name": "uncertainty_grid",
  "alpha": 0.0,
  "theta": 0.25921927271648204,
  "calib_risk": 3.2961783439490446,
  "calib_coverage": 0.5700636942675159
}