policy,coverage,risk,wrong_auto_rate,auto_error_rate,defer_rate,n
uaat_monotone,0.8651447368421052,1.021703947368421,0.17736973684210527,0.2050174141838147,0.13485526315789476,760000
fixed,0.9208434210526316,1.1828144736842106,0.22073157894736842,0.23970587604898827,0.07915657894736838,760000
uncertainty_grid,0.9208434210526316,1.1828144736842106,0.22073157894736842,0.23970587604898827,0.07915657894736838,760000
