{
  "name": "uncertainty_grid",
  "alpha": 0.0,
  "theta": 0.5386793518066405,
  "calib_risk": 1.178342105263158,
  "calib_coverage": 0.92
}