{
  "name": "monotone_policy_net",
  "context_cols": [
    "ctx_severity",
    "ctx_corr_motion_blur",
    "ctx_corr_shot_noise",
    "ctx_corr_elastic_transform",
    "ctx_corr_contrast",
    "ctx_corr_zoom_blur",
    "ctx_corr_saturate",
    "ctx_corr_glass_blur",
    "ctx_corr_impulse_noise",
    "ctx_corr_brightness",
    "ctx_corr_frost",
    "ctx_corr_gaussian_blur",
    "ctx_corr_speckle_noise",
    "ctx_corr_snow",
    "ctx_corr_fog",
    "ctx_corr_pixelate",
    "ctx_corr_spatter",
    "ctx_corr_jpeg_compression",
    "ctx_corr_gaussian_noise",
    "ctx_corr_defocus_blur",
    "ctx_brightness",
    "ctx_contrast",
    "ctx_blur_risk",
    "ctx_saturation"
  ],
  "state_dict": {
    "b": -1.472055435180664,
    "w_u_raw": 0.4704565405845642,
    "w_ctx": [
      4.075300216674805,
      -1.0942286252975464,
      1.4588797092437744,
      -1.9654815196990967,
      -0.19967567920684814,
      -0.3179854154586792,
      -1.0791367292404175,
      0.8179796934127808,
      1.4198764562606812,
      -1.6885756254196167,
      -0.8581448793411255,
      1.19881010055542,
      0.9412792325019836,
      -2.4116978645324707,
      -1.8984801769256592,
      0.35020309686660767,
      -2.374356746673584,
      -2.2324371337890625,
      2.672997236251831,
      -0.7326717972755432,
      1.0932008028030396,
      -2.0055668354034424,
      -1.5341097116470337,
      -4.780767917633057
    ],
    "best_loss": 1.0796552896499634
  }
}