policy,severity,coverage,risk,wrong_auto_rate,auto_error_rate,defer_rate,n
fixed,1,0.881425,0.42082499999999995,0.06045,0.06858212553535468,0.11857499999999999,40000
fixed,2,0.8344,0.677975,0.102475,0.12281279961649089,0.16559999999999997,40000
fixed,3,0.798825,0.926925,0.14515,0.1817043783056364,0.201175,40000
fixed,4,0.775375,1.072,0.169475,0.21857165887473803,0.22462499999999996,40000
fixed,5,0.709125,1.4441249999999999,0.23065,0.3252600035254715,0.290875,40000
