{
  "name": "monotone_policy_net",
  "context_cols": [
    "ctx_cat_toothbrush",
    "ctx_cat_grid",
    "ctx_cat_capsule",
    "ctx_cat_hazelnut",
    "ctx_cat_carpet",
    "ctx_cat_cable",
    "ctx_cat_leather",
    "ctx_cat_pill",
    "ctx_cat_screw",
    "ctx_cat_transistor",
    "ctx_cat_metal_nut",
    "ctx_cat_wood",
    "ctx_cat_tile",
    "ctx_cat_zipper",
    "ctx_cat_bottle",
    "ctx_brightness",
    "ctx_contrast",
    "ctx_blur_risk",
    "ctx_saturation"
  ],
  "state_dict": {
    "b": -1.305274248123169,
    "w_u_raw": -0.877525269985199,
    "w_ctx": [
      -0.7886555194854736,
      -0.6125431656837463,
      -0.9727171063423157,
      -0.7620897889137268,
      -2.8161873817443848,
      -1.1066367626190186,
      -2.8754501342773438,
      -1.1003199815750122,
      -0.9713314175605774,
      -0.6050640940666199,
      -0.9369630217552185,
      -1.8109023571014404,
      -1.1004762649536133,
      -1.1989396810531616,
      -1.0577359199523926,
      -1.287123680114746,
      -1.2279788255691528,
      -1.2809263467788696,
      -1.595725655555725
    ],
    "best_loss": 3.0769872665405273
  }
}