{
  "name": "monotone_policy_net",
  "context_cols": [
    "ctx_severity",
    "ctx_corr_fog",
    "ctx_corr_impulse_noise",
    "ctx_corr_snow",
    "ctx_corr_elastic_transform",
    "ctx_corr_zoom_blur",
    "ctx_corr_frost",
    "ctx_corr_contrast",
    "ctx_corr_pixelate",
    "ctx_corr_defocus_blur",
    "ctx_corr_saturate",
    "ctx_corr_motion_blur",
    "ctx_corr_gaussian_blur",
    "ctx_corr_speckle_noise",
    "ctx_corr_gaussian_noise",
    "ctx_corr_jpeg_compression",
    "ctx_corr_spatter",
    "ctx_corr_brightness",
    "ctx_corr_glass_blur",
    "ctx_corr_shot_noise",
    "ctx_brightness",
    "ctx_contrast",
    "ctx_blur_risk",
    "ctx_saturation"
  ],
  "state_dict": {
    "b": 0.8121715784072876,
    "w_u_raw": 2.0269124507904053,
    "w_ctx": [
      1.8025954961776733,
      -0.2972668409347534,
      1.386800765991211,
      -0.10774307698011398,
      -0.37781569361686707,
      0.17417770624160767,
      0.40267279744148254,
      0.2389373928308487,
      0.5173794031143188,
      -0.1714692860841751,
      -0.7419170141220093,
      0.3886141777038574,
      0.5675516724586487,
      1.1409642696380615,
      2.937032461166382,
      -0.07740696519613266,
      -0.3004319965839386,
      -1.0875462293624878,
      2.602832317352295,
      1.5149751901626587,
      0.5696581602096558,
      0.6700341105461121,
      0.712521493434906,
      0.37392619252204895
    ],
    "best_loss": 0.6605393290519714
  }
}