{
  "name": "uncertainty_grid",
  "alpha": 1.5750000000000002,
  "theta": 0.9057589568216353,
  "calib_risk": 0.6433684210526316,
  "calib_coverage": 0.54
}