policy,coverage,risk,wrong_auto_rate,auto_error_rate,defer_rate,n
uaat_monotone,0.6269565789473684,0.6578921052631579,0.05696973684210526,0.09086711704621532,0.37304342105263155,760000
uncertainty_grid,0.6198092105263158,0.6909473684210526,0.062151315789473686,0.10027491481886404,0.38019078947368423,760000
fixed,0.6198289473684211,0.6925131578947368,0.062468421052631576,0.10078332307300401,0.3801710526315789,760000
