{
  "name": "monotone_policy_net",
  "context_cols": [
    "ctx_severity",
    "ctx_corr_motion_blur",
    "ctx_corr_shot_noise",
    "ctx_corr_elastic_transform",
    "ctx_corr_contrast",
    "ctx_corr_zoom_blur",
    "ctx_corr_saturate",
    "ctx_corr_glass_blur",
    "ctx_corr_impulse_noise",
    "ctx_corr_brightness",
    "ctx_corr_frost",
    "ctx_corr_gaussian_blur",
    "ctx_corr_speckle_noise",
    "ctx_corr_snow",
    "ctx_corr_fog",
    "ctx_corr_pixelate",
    "ctx_corr_spatter",
    "ctx_corr_jpeg_compression",
    "ctx_corr_gaussian_noise",
    "ctx_corr_defocus_blur",
    "ctx_brightness",
    "ctx_contrast",
    "ctx_blur_risk",
    "ctx_saturation"
  ],
  "state_dict": {
    "b": 0.5716632604598999,
    "w_u_raw": 2.173933267593384,
    "w_ctx": [
      1.8825308084487915,
      0.007916108705103397,
      1.279767632484436,
      -0.6366779208183289,
      0.23185046017169952,
      -0.031182942911982536,
      -0.9958327412605286,
      1.8803776502609253,
      1.176632285118103,
      -1.5212095975875854,
      0.19199532270431519,
      0.5703104734420776,
      0.9330041408538818,
      -0.2790587842464447,
      -0.3246644139289856,
      0.43990451097488403,
      -0.46591830253601074,
      -0.522051990032196,
      2.3740530014038086,
      -0.12291060388088226,
      0.32528939843177795,
      0.33822500705718994,
      0.4365818202495575,
      0.10331610590219498
    ],
    "best_loss": 0.6669965386390686
  }
}