{
  "name": "uncertainty_grid",
  "alpha": 2.75,
  "theta": 0.6381099972128867,
  "calib_risk": 0.6908684210526316,
  "calib_coverage": 0.62
}