policy,coverage,risk,wrong_auto_rate,auto_error_rate,defer_rate,n
uaat_monotone,0.6610845295055822,3.7440191387559807,0.3405103668261563,0.5150784077201448,0.33891547049441784,1254
fixed,0.8110047846889952,4.670653907496013,0.4481658692185008,0.5526057030481809,0.18899521531100483,1254
uncertainty_grid,0.8110047846889952,4.670653907496013,0.4481658692185008,0.5526057030481809,0.18899521531100483,1254
