{
  "name": "uncertainty_grid",
  "alpha": 0.0,
  "theta": 0.04872045728061132,
  "calib_risk": 4.573248407643312,
  "calib_coverage": 0.7898089171974523
}