{
  "name": "monotone_policy_net",
  "context_cols": [
    "ctx_cat_screw_bag",
    "ctx_cat_pushpins",
    "ctx_cat_splicing_connectors",
    "ctx_cat_juice_bottle",
    "ctx_cat_breakfast_box",
    "ctx_brightness",
    "ctx_contrast",
    "ctx_blur_risk",
    "ctx_saturation"
  ],
  "state_dict": {
    "b": -0.705808699131012,
    "w_u_raw": -0.008748873136937618,
    "w_ctx": [
      0.6191544532775879,
      -3.105039596557617,
      -0.39732617139816284,
      -0.6022855043411255,
      -0.6868888139724731,
      -0.35396847128868103,
      -0.36929064989089966,
      -0.6674297451972961,
      -1.1109402179718018
    ],
    "best_loss": 4.007748603820801
  }
}