policy,category,coverage,risk,wrong_auto_rate,auto_error_rate,defer_rate,n
uaat_monotone,breakfast_box,0.4681818181818182,2.668181818181818,0.21363636363636362,0.4563106796116505,0.5318181818181817,220
uaat_monotone,juice_bottle,0.38257575757575757,1.981060606060606,0.13636363636363635,0.3564356435643564,0.6174242424242424,264
uaat_monotone,pushpins,0.5524193548387096,2.9879032258064515,0.2540322580645161,0.45985401459854014,0.44758064516129037,248
uaat_monotone,screw_bag,0.663003663003663,4.183150183150183,0.38461538461538464,0.580110497237569,0.336996336996337,273
uaat_monotone,splicing_connectors,0.46586345381526106,2.461847389558233,0.1927710843373494,0.41379310344827586,0.5341365461847389,249
