{
  "name": "uncertainty_grid",
  "alpha": 0.0,
  "theta": 0.24287424940457691,
  "calib_risk": 3.2197452229299364,
  "calib_coverage": 0.5509554140127388
}