policy,wilds_split,coverage,risk,wrong_auto_rate,auto_error_rate,defer_rate,n
uaat_monotone,test,0.6487579163842864,1.1212638171578138,0.15400434670842,0.237383379561255,0.35124208361571363,42791
