{
  "name": "uncertainty_grid",
  "alpha": 2.5500000000000003,
  "theta": -0.25977820615470415,
  "calib_risk": 0.8984140005468965,
  "calib_coverage": 0.8699753896636587
}