{
  "name": "uncertainty_grid",
  "alpha": 0.07500000000000001,
  "theta": 0.9950414765747264,
  "calib_risk": 0.6491315789473685,
  "calib_coverage": 0.43
}