{
  "name": "monotone_policy_net",
  "context_cols": [
    "ctx_severity",
    "ctx_corr_motion_blur",
    "ctx_corr_shot_noise",
    "ctx_corr_elastic_transform",
    "ctx_corr_contrast",
    "ctx_corr_zoom_blur",
    "ctx_corr_saturate",
    "ctx_corr_glass_blur",
    "ctx_corr_impulse_noise",
    "ctx_corr_brightness",
    "ctx_corr_frost",
    "ctx_corr_gaussian_blur",
    "ctx_corr_speckle_noise",
    "ctx_corr_snow",
    "ctx_corr_fog",
    "ctx_corr_pixelate",
    "ctx_corr_spatter",
    "ctx_corr_jpeg_compression",
    "ctx_corr_gaussian_noise",
    "ctx_corr_defocus_blur",
    "ctx_brightness",
    "ctx_contrast",
    "ctx_blur_risk",
    "ctx_saturation"
  ],
  "state_dict": {
    "b": 1.0571091175079346,
    "w_u_raw": 1.5472731590270996,
    "w_ctx": [
      1.6968305110931396,
      0.9231497049331665,
      2.0269060134887695,
      -0.21432408690452576,
      0.3932798504829407,
      0.690024733543396,
      -0.729518473148346,
      2.421895980834961,
      1.9257296323776245,
      -1.1407809257507324,
      0.9435824155807495,
      0.775623083114624,
      1.6408888101577759,
      0.554934561252594,
      -0.06623772531747818,
      1.0384232997894287,
      -0.028935613110661507,
      0.45617860555648804,
      2.735766649246216,
      0.028875667601823807,
      0.9574382305145264,
      0.9656521081924438,
      0.994420051574707,
      0.9097136855125427
    ],
    "best_loss": 0.707213819026947
  }
}