{
  "name": "uncertainty_grid",
  "alpha": 0.0,
  "theta": 0.3727426094911815,
  "calib_risk": 2.436305732484076,
  "calib_coverage": 0.410828025477707
}