{
  "name": "uncertainty_grid",
  "alpha": 0.0,
  "theta": 0.05765799613698731,
  "calib_risk": 2.2115942028985507,
  "calib_coverage": 0.6
}