{
  "name": "uncertainty_grid",
  "alpha": 0.0,
  "theta": 0.9924102854728699,
  "calib_risk": 0.6010391030899644,
  "calib_coverage": 0.43997812414547444
}