{
  "name": "uncertainty_grid",
  "alpha": 0.375,
  "theta": 0.6579340305179358,
  "calib_risk": 0.7190319934372437,
  "calib_coverage": 0.7499316379546076
}