policy,wilds_split,coverage,risk,wrong_auto_rate,auto_error_rate,defer_rate,n
fixed,test,0.5062279451286485,0.9921245121637727,0.09967049145848426,0.19688856061305512,0.49377205487135145,42791
