{
  "name": "uncertainty_grid",
  "alpha": 1.375,
  "theta": 0.6418942882865667,
  "calib_risk": 0.728876127973749,
  "calib_coverage": 0.6799289034727919
}