{
  "name": "uncertainty_grid",
  "alpha": 0.0,
  "theta": 0.027011275350083665,
  "calib_risk": 4.475362318840579,
  "calib_coverage": 0.6695652173913044
}