policy,wilds_split,coverage,risk,wrong_auto_rate,auto_error_rate,defer_rate,n
uaat_monotone,test,0.647706293379449,1.220934308616298,0.17372812039914937,0.2682205224419108,0.35229370662055104,42791
