policy,wilds_split,coverage,risk,wrong_auto_rate,auto_error_rate,defer_rate,n
fixed,test,0.7052651258442196,1.362833306069033,0.21361968638265055,0.30289273998475763,0.29473487415578037,42791
