{
  "name": "uncertainty_grid",
  "alpha": 1.225,
  "theta": 0.20683713298290982,
  "calib_risk": 0.8174733388022969,
  "calib_coverage": 0.8299152310637135
}