policy,coverage,risk,wrong_auto_rate,auto_error_rate,defer_rate,n
uaat_monotone,0.3427536231884058,2.157246376811594,0.15,0.4376321353065539,0.6572463768115941,1380
fixed,0.48405797101449277,3.073913043478261,0.25579710144927537,0.5284431137724551,0.5159420289855072,1380
uncertainty_grid,0.48405797101449277,3.073913043478261,0.25579710144927537,0.5284431137724551,0.5159420289855072,1380
