{
  "name": "uncertainty_grid",
  "alpha": 0.0,
  "theta": 0.1634440347784044,
  "calib_risk": 2.907246376811594,
  "calib_coverage": 0.46956521739130436
}