{
  "name": "uncertainty_grid",
  "alpha": 0.0,
  "theta": 0.9874674415588379,
  "calib_risk": 0.5780694558381188,
  "calib_coverage": 0.48003828274541976
}