{
  "name": "uncertainty_grid",
  "alpha": 0.0,
  "theta": 0.9659992551803589,
  "calib_risk": 0.6498496035001367,
  "calib_coverage": 0.5299425758818704
}