policy,wilds_split,coverage,risk,wrong_auto_rate,auto_error_rate,defer_rate,n
uaat_monotone,test,0.47126732256782966,2.115047556729219,0.07931574396485243,0.16830308439948427,0.5287326774321703,42791
