{
  "name": "monotone_policy_net",
  "context_cols": [
    "ctx_meta_location",
    "ctx_meta_sequence",
    "ctx_meta_year",
    "ctx_meta_month",
    "ctx_meta_day",
    "ctx_meta_hour"
  ],
  "state_dict": {
    "b": 0.8393250107765198,
    "w_u_raw": 4.048124313354492,
    "w_ctx": [
      0.13176023960113525,
      -0.757946252822876,
      0.8359411358833313,
      1.43727707862854,
      0.2286514788866043,
      -0.9982418417930603
    ],
    "best_loss": 2.1578762531280518
  }
}