policy,category,coverage,risk,wrong_auto_rate,auto_error_rate,defer_rate,n
fixed,breakfast_box,0.6318181818181818,3.5954545454545457,0.32272727272727275,0.5107913669064749,0.36818181818181817,220
fixed,juice_bottle,0.3977272727272727,1.9659090909090908,0.13636363636363635,0.34285714285714286,0.6022727272727273,264
fixed,pushpins,0.6895161290322581,3.899193548387097,0.3588709677419355,0.52046783625731,0.3104838709677419,248
fixed,screw_bag,0.9047619047619048,5.736263736263735,0.5641025641025641,0.6234817813765182,0.09523809523809523,273
fixed,splicing_connectors,0.6586345381526104,3.5542168674698793,0.321285140562249,0.4878048780487805,0.3413654618473896,249
