policy,category,coverage,risk,wrong_auto_rate,auto_error_rate,defer_rate,n
uaat_monotone,breakfast_box,0.5863636363636363,3.368181818181818,0.29545454545454547,0.5038759689922481,0.4136363636363637,220
uaat_monotone,juice_bottle,0.2765151515151515,1.518939393939394,0.07954545454545454,0.2876712328767123,0.7234848484848485,264
uaat_monotone,pushpins,0.5040322580645161,2.955645161290323,0.24596774193548387,0.488,0.4959677419354839,248
uaat_monotone,screw_bag,0.7655677655677655,4.84981684981685,0.46153846153846156,0.6028708133971292,0.2344322344322345,273
uaat_monotone,splicing_connectors,0.46987951807228917,2.578313253012048,0.20481927710843373,0.4358974358974359,0.5301204819277108,249
