policy,coverage,risk,wrong_auto_rate,auto_error_rate,defer_rate,n
uaat_monotone,0.5207336523125997,3.0629984051036683,0.2583732057416268,0.49617151607963245,0.4792663476874003,1254
fixed,0.6586921850079744,3.7703349282296648,0.34290271132376393,0.5205811138014528,0.34130781499202556,1254
uncertainty_grid,0.6586921850079744,3.7703349282296648,0.34290271132376393,0.5205811138014528,0.34130781499202556,1254
