{
  "name": "uncertainty_grid",
  "alpha": 0.0,
  "theta": 0.17723058412647605,
  "calib_risk": 3.8885350318471334,
  "calib_coverage": 0.678343949044586
}