policy,coverage,risk,wrong_auto_rate,auto_error_rate,defer_rate,n
uaat_monotone,0.41956521739130437,2.5804347826086955,0.2,0.47668393782383417,0.5804347826086956,1380
fixed,0.5869565217391305,3.8043478260869565,0.3391304347826087,0.5777777777777777,0.4130434782608695,1380
uncertainty_grid,0.5869565217391305,3.8043478260869565,0.3391304347826087,0.5777777777777777,0.4130434782608695,1380
