{
  "name": "monotone_policy_net",
  "context_cols": [
    "ctx_cat_hazelnut",
    "ctx_cat_bottle",
    "ctx_cat_toothbrush",
    "ctx_cat_pill",
    "ctx_cat_carpet",
    "ctx_cat_wood",
    "ctx_cat_grid",
    "ctx_cat_capsule",
    "ctx_cat_metal_nut",
    "ctx_cat_tile",
    "ctx_cat_transistor",
    "ctx_cat_leather",
    "ctx_cat_cable",
    "ctx_cat_screw",
    "ctx_cat_zipper",
    "ctx_brightness",
    "ctx_contrast",
    "ctx_blur_risk",
    "ctx_saturation"
  ],
  "state_dict": {
    "b": -0.962807834148407,
    "w_u_raw": 1.5628114938735962,
    "w_ctx": [
      -1.7511955499649048,
      -1.5887956619262695,
      -0.15484078228473663,
      -0.7351295351982117,
      -0.8156397342681885,
      -3.0225086212158203,
      0.6209337711334229,
      -0.29320967197418213,
      -0.9264228343963623,
      -1.8083394765853882,
      -0.7364165782928467,
      -2.3331387042999268,
      -0.7748461961746216,
      -0.2987061142921448,
      -0.6900044679641724,
      0.4340742528438568,
      -0.41074955463409424,
      -0.9223770499229431,
      -1.4763022661209106
    ],
    "best_loss": 2.8191823959350586
  }
}