{
  "name": "uncertainty_grid",
  "alpha": 0.0,
  "theta": 0.08168724452697837,
  "calib_risk": 3.63768115942029,
  "calib_coverage": 0.5507246376811594
}