policy,wilds_split,coverage,risk,wrong_auto_rate,auto_error_rate,defer_rate,n
fixed,test,0.7090275992615269,1.5150615783692833,0.24481783552616204,0.34528675016479893,0.2909724007384731,42791
