policy,wilds_split,coverage,risk,wrong_auto_rate,auto_error_rate,defer_rate,n
uncertainty_grid,test,0.6908462059778926,1.4543712462901077,0.22904349045360006,0.331540491171098,0.3091537940221074,42791
