{
  "name": "uncertainty_grid",
  "alpha": 2.125,
  "theta": -0.10070299182087171,
  "calib_risk": 1.1158053048947225,
  "calib_coverage": 0.8699753896636587
}