{
  "name": "monotone_policy_net",
  "context_cols": [
    "ctx_severity",
    "ctx_corr_fog",
    "ctx_corr_impulse_noise",
    "ctx_corr_snow",
    "ctx_corr_elastic_transform",
    "ctx_corr_zoom_blur",
    "ctx_corr_frost",
    "ctx_corr_contrast",
    "ctx_corr_pixelate",
    "ctx_corr_defocus_blur",
    "ctx_corr_saturate",
    "ctx_corr_motion_blur",
    "ctx_corr_gaussian_blur",
    "ctx_corr_speckle_noise",
    "ctx_corr_gaussian_noise",
    "ctx_corr_jpeg_compression",
    "ctx_corr_spatter",
    "ctx_corr_brightness",
    "ctx_corr_glass_blur",
    "ctx_corr_shot_noise",
    "ctx_brightness",
    "ctx_contrast",
    "ctx_blur_risk",
    "ctx_saturation"
  ],
  "state_dict": {
    "b": -0.1419837325811386,
    "w_u_raw": 0.5308708548545837,
    "w_ctx": [
      2.9138832092285156,
      -1.5099753141403198,
      0.8921241164207458,
      -1.7738977670669556,
      -1.8463696241378784,
      -0.7863500714302063,
      -0.567271888256073,
      -0.04401073604822159,
      0.17548003792762756,
      -0.8110841512680054,
      -2.278010368347168,
      -0.30074644088745117,
      0.1793258935213089,
      0.7032397985458374,
      2.2203102111816406,
      -1.353085994720459,
      -2.445955514907837,
      -2.1928822994232178,
      0.9615659117698669,
      0.9760975241661072,
      -0.27937212586402893,
      -0.3096029758453369,
      -0.47694918513298035,
      -1.5446072816848755
    ],
    "best_loss": 0.9025181531906128
  }
}