{
  "name": "uncertainty_grid",
  "alpha": 0.17500000000000002,
  "theta": 0.6066445761173964,
  "calib_risk": 0.9869473684210527,
  "calib_coverage": 0.83
}