{
  "name": "monotone_policy_net",
  "context_cols": [
    "ctx_severity",
    "ctx_corr_gaussian_noise",
    "ctx_corr_pixelate",
    "ctx_corr_frost",
    "ctx_corr_fog",
    "ctx_corr_brightness",
    "ctx_corr_glass_blur",
    "ctx_corr_gaussian_blur",
    "ctx_corr_snow",
    "ctx_corr_contrast",
    "ctx_corr_impulse_noise",
    "ctx_corr_zoom_blur",
    "ctx_corr_elastic_transform",
    "ctx_corr_saturate",
    "ctx_corr_defocus_blur",
    "ctx_corr_jpeg_compression",
    "ctx_corr_motion_blur",
    "ctx_corr_shot_noise",
    "ctx_corr_spatter",
    "ctx_corr_speckle_noise",
    "ctx_brightness",
    "ctx_contrast",
    "ctx_blur_risk",
    "ctx_saturation"
  ],
  "state_dict": {
    "b": -0.3402141332626343,
    "w_u_raw": 1.2629708051681519,
    "w_ctx": [
      3.327820062637329,
      2.4222755432128906,
      -0.08516525477170944,
      -0.42137110233306885,
      -2.4980900287628174,
      -2.6754207611083984,
      0.8839234709739685,
      0.21659228205680847,
      -2.2951860427856445,
      -0.08676628768444061,
      1.1415783166885376,
      -0.6686210036277771,
      -1.7754751443862915,
      -2.2333765029907227,
      -1.308142066001892,
      -1.8249062299728394,
      -0.6157373189926147,
      0.9998446106910706,
      -3.605072021484375,
      0.4221428632736206,
      -0.2771381735801697,
      -0.3146232068538666,
      -0.6647045612335205,
      -1.8645880222320557
    ],
    "best_loss": 1.7758913040161133
  }
}