{
  "name": "uncertainty_grid",
  "alpha": 0.025,
  "theta": 0.5574639514088631,
  "calib_risk": 2.1709473684210527,
  "calib_coverage": 0.9
}