{
  "name": "monotone_policy_net",
  "context_cols": [
    "ctx_severity",
    "ctx_corr_gaussian_noise",
    "ctx_corr_pixelate",
    "ctx_corr_frost",
    "ctx_corr_fog",
    "ctx_corr_brightness",
    "ctx_corr_glass_blur",
    "ctx_corr_gaussian_blur",
    "ctx_corr_snow",
    "ctx_corr_contrast",
    "ctx_corr_impulse_noise",
    "ctx_corr_zoom_blur",
    "ctx_corr_elastic_transform",
    "ctx_corr_saturate",
    "ctx_corr_defocus_blur",
    "ctx_corr_jpeg_compression",
    "ctx_corr_motion_blur",
    "ctx_corr_shot_noise",
    "ctx_corr_spatter",
    "ctx_corr_speckle_noise",
    "ctx_brightness",
    "ctx_contrast",
    "ctx_blur_risk",
    "ctx_saturation"
  ],
  "state_dict": {
    "b": 0.8973098397254944,
    "w_u_raw": 1.853898286819458,
    "w_ctx": [
      1.7338321208953857,
      2.8861641883850098,
      0.5935279130935669,
      0.550724446773529,
      -0.23539333045482635,
      -1.0532809495925903,
      2.6445772647857666,
      0.5612884163856506,
      0.1691243052482605,
      0.3676515519618988,
      1.5012686252593994,
      0.37633076310157776,
      -0.316530704498291,
      -0.7218524217605591,
      -0.11864392459392548,
      0.07774598151445389,
      0.4727585017681122,
      1.8276293277740479,
      -0.15679317712783813,
      1.4040324687957764,
      0.7197510004043579,
      0.7208346128463745,
      0.8454192280769348,
      0.5815502405166626
    ],
    "best_loss": 0.674042284488678
  }
}