{
  "name": "uncertainty_grid",
  "alpha": 1.7000000000000002,
  "theta": 0.9368632159195842,
  "calib_risk": 0.640578947368421,
  "calib_coverage": 0.5
}