{
  "name": "uncertainty_grid",
  "alpha": 0.0,
  "theta": 0.20006807575298308,
  "calib_risk": 3.4585987261146496,
  "calib_coverage": 0.5987261146496815
}