{
  "name": "monotone_policy_net",
  "context_cols": [
    "ctx_cat_splicing_connectors",
    "ctx_cat_pushpins",
    "ctx_cat_juice_bottle",
    "ctx_cat_breakfast_box",
    "ctx_cat_screw_bag",
    "ctx_brightness",
    "ctx_contrast",
    "ctx_blur_risk",
    "ctx_saturation"
  ],
  "state_dict": {
    "b": -0.6240758895874023,
    "w_u_raw": 1.1720051765441895,
    "w_ctx": [
      -0.41997984051704407,
      -0.5449450016021729,
      -1.1819027662277222,
      -0.7264440655708313,
      -0.3440192937850952,
      -0.03124053403735161,
      0.7810356020927429,
      -0.7124080657958984,
      -2.0402872562408447
    ],
    "best_loss": 3.094466209411621
  }
}