{
  "name": "monotone_policy_net",
  "context_cols": [
    "ctx_cat_grid",
    "ctx_cat_metal_nut",
    "ctx_cat_hazelnut",
    "ctx_cat_pill",
    "ctx_cat_screw",
    "ctx_cat_toothbrush",
    "ctx_cat_capsule",
    "ctx_cat_wood",
    "ctx_cat_transistor",
    "ctx_cat_cable",
    "ctx_cat_tile",
    "ctx_cat_bottle",
    "ctx_cat_zipper",
    "ctx_cat_leather",
    "ctx_cat_carpet",
    "ctx_brightness",
    "ctx_contrast",
    "ctx_blur_risk",
    "ctx_saturation"
  ],
  "state_dict": {
    "b": -0.759276807308197,
    "w_u_raw": -0.07750582695007324,
    "w_ctx": [
      -2.628415822982788,
      0.43974992632865906,
      -1.058838129043579,
      0.0038390676490962505,
      -0.38753268122673035,
      0.7841490507125854,
      0.5953149795532227,
      -0.3380523920059204,
      -0.2950288653373718,
      -1.9863234758377075,
      -0.8249353170394897,
      -0.7261325716972351,
      -0.17712944746017456,
      -2.3557705879211426,
      -0.7922590374946594,
      -0.6581542491912842,
      -0.479258269071579,
      -0.7330158948898315,
      -1.3682845830917358
    ],
    "best_loss": 1.95550537109375
  }
}