{
  "name": "uncertainty_grid",
  "alpha": 0.0,
  "theta": 0.06405838926024876,
  "calib_risk": 2.1681159420289853,
  "calib_coverage": 0.6
}