{
  "name": "monotone_policy_net",
  "context_cols": [
    "ctx_cat_toothbrush",
    "ctx_cat_grid",
    "ctx_cat_capsule",
    "ctx_cat_hazelnut",
    "ctx_cat_carpet",
    "ctx_cat_cable",
    "ctx_cat_leather",
    "ctx_cat_pill",
    "ctx_cat_screw",
    "ctx_cat_transistor",
    "ctx_cat_metal_nut",
    "ctx_cat_wood",
    "ctx_cat_tile",
    "ctx_cat_zipper",
    "ctx_cat_bottle",
    "ctx_brightness",
    "ctx_contrast",
    "ctx_blur_risk",
    "ctx_saturation"
  ],
  "state_dict": {
    "b": -0.8656911253929138,
    "w_u_raw": -0.41944921016693115,
    "w_ctx": [
      0.8423886299133301,
      -0.9312659502029419,
      0.4319832921028137,
      -0.9373682141304016,
      -4.863708972930908,
      -0.6653714179992676,
      -4.748231410980225,
      -0.009547249414026737,
      0.15742067992687225,
      -0.23915715515613556,
      -0.5078913569450378,
      -3.050931930541992,
      -0.7465511560440063,
      -0.05225830525159836,
      -0.16078811883926392,
      -0.6766191124916077,
      -0.4609418511390686,
      -0.8112146258354187,
      -1.6724889278411865
    ],
    "best_loss": 4.7207536697387695
  }
}