{
  "name": "uncertainty_grid",
  "alpha": 0.0,
  "theta": 0.0034351456296000107,
  "calib_risk": 5.6869565217391305,
  "calib_coverage": 0.8202898550724638
}