policy,category,coverage,risk,wrong_auto_rate,auto_error_rate,defer_rate,n
uncertainty_grid,breakfast_box,0.6590909090909091,3.7499999999999996,0.3409090909090909,0.5172413793103449,0.34090909090909094,220
uncertainty_grid,juice_bottle,0.4053030303030303,2.034090909090909,0.14393939393939395,0.35514018691588783,0.5946969696969697,264
uncertainty_grid,pushpins,0.7096774193548387,3.838709677419355,0.3548387096774194,0.5,0.29032258064516125,248
uncertainty_grid,screw_bag,0.9194139194139194,5.794871794871794,0.5714285714285714,0.6215139442231076,0.08058608058608063,273
uncertainty_grid,splicing_connectors,0.6546184738955824,3.5983935742971886,0.3253012048192771,0.49693251533742333,0.34538152610441764,249
