policy,category,coverage,risk,wrong_auto_rate,auto_error_rate,defer_rate,n
uaat_monotone,breakfast_box,0.4909090909090909,2.827272727272727,0.2318181818181818,0.4722222222222222,0.509090909090909,220
uaat_monotone,juice_bottle,0.3409090909090909,1.7954545454545454,0.11363636363636363,0.3333333333333333,0.6590909090909092,264
uaat_monotone,pushpins,0.5403225806451613,3.040322580645161,0.25806451612903225,0.47761194029850745,0.45967741935483875,248
uaat_monotone,screw_bag,0.7106227106227107,4.575091575091575,0.42857142857142855,0.6030927835051546,0.28937728937728935,273
uaat_monotone,splicing_connectors,0.5421686746987951,2.907630522088353,0.24497991967871485,0.45185185185185184,0.45783132530120485,249
