{
  "name": "uncertainty_grid",
  "alpha": 0.0,
  "theta": 0.17113440854731224,
  "calib_risk": 3.7802547770700636,
  "calib_coverage": 0.6592356687898089
}