{
  "name": "uncertainty_grid",
  "alpha": 0.0,
  "theta": 0.06127573085999998,
  "calib_risk": 3.9275362318840576,
  "calib_coverage": 0.6086956521739131
}