{
  "name": "monotone_policy_net",
  "context_cols": [
    "ctx_cat_toothbrush",
    "ctx_cat_grid",
    "ctx_cat_capsule",
    "ctx_cat_hazelnut",
    "ctx_cat_carpet",
    "ctx_cat_cable",
    "ctx_cat_leather",
    "ctx_cat_pill",
    "ctx_cat_screw",
    "ctx_cat_transistor",
    "ctx_cat_metal_nut",
    "ctx_cat_wood",
    "ctx_cat_tile",
    "ctx_cat_zipper",
    "ctx_cat_bottle",
    "ctx_brightness",
    "ctx_contrast",
    "ctx_blur_risk",
    "ctx_saturation"
  ],
  "state_dict": {
    "b": -0.8911306858062744,
    "w_u_raw": 1.4635788202285767,
    "w_ctx": [
      0.44629967212677,
      -1.602346658706665,
      0.5708194375038147,
      -1.2927063703536987,
      -0.5267567038536072,
      -1.1165698766708374,
      -2.3651487827301025,
      -0.6513903737068176,
      -0.3872534930706024,
      -0.8251920342445374,
      -0.9173340201377869,
      -1.9975067377090454,
      -1.4072879552841187,
      1.2324532270431519,
      -0.7993300557136536,
      -0.37005066871643066,
      -0.22741232812404633,
      -0.8509833812713623,
      -1.9258452653884888
    ],
    "best_loss": 3.0845870971679688
  }
}