{
  "name": "monotone_policy_net",
  "context_cols": [
    "ctx_severity",
    "ctx_corr_gaussian_noise",
    "ctx_corr_pixelate",
    "ctx_corr_frost",
    "ctx_corr_fog",
    "ctx_corr_brightness",
    "ctx_corr_glass_blur",
    "ctx_corr_gaussian_blur",
    "ctx_corr_snow",
    "ctx_corr_contrast",
    "ctx_corr_impulse_noise",
    "ctx_corr_zoom_blur",
    "ctx_corr_elastic_transform",
    "ctx_corr_saturate",
    "ctx_corr_defocus_blur",
    "ctx_corr_jpeg_compression",
    "ctx_corr_motion_blur",
    "ctx_corr_shot_noise",
    "ctx_corr_spatter",
    "ctx_corr_speckle_noise",
    "ctx_brightness",
    "ctx_contrast",
    "ctx_blur_risk",
    "ctx_saturation"
  ],
  "state_dict": {
    "b": 0.06997687369585037,
    "w_u_raw": 2.987396240234375,
    "w_ctx": [
      2.9309587478637695,
      2.309258222579956,
      -0.04402710124850273,
      -0.62445467710495,
      -2.5391719341278076,
      -2.8329567909240723,
      1.2239551544189453,
      0.27763840556144714,
      -0.8556269407272339,
      -0.12479354441165924,
      1.0353883504867554,
      -0.45168930292129517,
      -1.949399709701538,
      -2.187346935272217,
      -0.9291494488716125,
      -1.7672325372695923,
      -0.7203853726387024,
      1.0208967924118042,
      -1.410652756690979,
      0.2486182153224945,
      0.03439367562532425,
      0.037602733820676804,
      -0.2761094272136688,
      -1.7708323001861572
    ],
    "best_loss": 2.8438477516174316
  }
}