{
  "name": "monotone_policy_net",
  "context_cols": [
    "ctx_cat_splicing_connectors",
    "ctx_cat_screw_bag",
    "ctx_cat_pushpins",
    "ctx_cat_breakfast_box",
    "ctx_cat_juice_bottle",
    "ctx_brightness",
    "ctx_contrast",
    "ctx_blur_risk",
    "ctx_saturation"
  ],
  "state_dict": {
    "b": -0.9135898947715759,
    "w_u_raw": -0.29465240240097046,
    "w_ctx": [
      -0.6409511566162109,
      -0.3245033323764801,
      -1.9721633195877075,
      -0.5626630783081055,
      0.5021637082099915,
      -0.8214060068130493,
      -0.8963460922241211,
      -0.8396175503730774,
      -1.1400490999221802
    ],
    "best_loss": 2.2727742195129395
  },
  "use_inputs": [
    "ctx",
    "score",
    "uncertainty"
  ],
  "test_margin_offset": -0.03057317043652255,
  "recalibrated_on_test": true
}