{
  "name": "uncertainty_grid",
  "alpha": 0.0,
  "theta": 0.014546069621992458,
  "calib_risk": 4.869565217391305,
  "calib_coverage": 0.7101449275362319
}