policy,wilds_split,coverage,risk,wrong_auto_rate,auto_error_rate,defer_rate,n
uaat_monotone,test,0.6999836414199248,1.2508004019536818,0.19015680867472132,0.2716589323273128,0.30001635858007525,42791
