policy,coverage,risk,wrong_auto_rate,auto_error_rate,defer_rate,n
uncertainty_grid,0.6999836414199248,1.243555887920357,0.18870790586805636,0.2695890228023904,0.30001635858007525,42791
uaat_monotone,0.6999836414199248,1.2508004019536818,0.19015680867472132,0.2716589323273128,0.30001635858007525,42791
fixed,0.6999836414199248,1.2552405879741069,0.1910448458788063,0.27292758655226523,0.30001635858007525,42791
