policy,coverage,risk,wrong_auto_rate,auto_error_rate,defer_rate,n
uncertainty_grid,0.5064616391297235,0.8319272744268655,0.0676777827113178,0.13362864525655224,0.49353836087027647,42791
fixed,0.5092192283424084,0.8424902432754552,0.07034189432357271,0.13813675998164296,0.4907807716575916,42791
uaat_monotone,0.5271902970250754,0.8723095978126242,0.0798999789675399,0.1515581364422182,0.47280970297492464,42791
