{
  "name": "monotone_policy_net",
  "context_cols": [
    "ctx_cat_grid",
    "ctx_cat_metal_nut",
    "ctx_cat_hazelnut",
    "ctx_cat_pill",
    "ctx_cat_screw",
    "ctx_cat_toothbrush",
    "ctx_cat_capsule",
    "ctx_cat_wood",
    "ctx_cat_transistor",
    "ctx_cat_cable",
    "ctx_cat_tile",
    "ctx_cat_bottle",
    "ctx_cat_zipper",
    "ctx_cat_leather",
    "ctx_cat_carpet",
    "ctx_brightness",
    "ctx_contrast",
    "ctx_blur_risk",
    "ctx_saturation"
  ],
  "state_dict": {
    "b": -0.8475363850593567,
    "w_u_raw": 1.1383428573608398,
    "w_ctx": [
      -1.554843783378601,
      0.01504227239638567,
      -0.3104686141014099,
      -0.5383959412574768,
      -0.899655818939209,
      1.1620312929153442,
      -0.08494673669338226,
      -0.8050832748413086,
      -0.696947455406189,
      -1.374115228652954,
      -1.3582414388656616,
      -1.4557898044586182,
      -0.7195812463760376,
      -1.9212669134140015,
      -0.5839449763298035,
      -0.14464618265628815,
      -0.17779061198234558,
      -0.830289363861084,
      -1.903327465057373
    ],
    "best_loss": 3.107117176055908
  }
}