policy,wilds_split,coverage,risk,wrong_auto_rate,auto_error_rate,defer_rate,n
fixed,test,0.6566801430207286,1.3661984996845131,0.20457572854104836,0.3115302491103203,0.34331985697927137,42791
