{
  "name": "uncertainty_grid",
  "alpha": 2.125,
  "theta": 0.026725358814001347,
  "calib_risk": 1.0164068908941755,
  "calib_coverage": 0.8299152310637135
}