{
  "name": "monotone_policy_net",
  "context_cols": [
    "ctx_severity",
    "ctx_corr_fog",
    "ctx_corr_impulse_noise",
    "ctx_corr_snow",
    "ctx_corr_elastic_transform",
    "ctx_corr_zoom_blur",
    "ctx_corr_frost",
    "ctx_corr_contrast",
    "ctx_corr_pixelate",
    "ctx_corr_defocus_blur",
    "ctx_corr_saturate",
    "ctx_corr_motion_blur",
    "ctx_corr_gaussian_blur",
    "ctx_corr_speckle_noise",
    "ctx_corr_gaussian_noise",
    "ctx_corr_jpeg_compression",
    "ctx_corr_spatter",
    "ctx_corr_brightness",
    "ctx_corr_glass_blur",
    "ctx_corr_shot_noise",
    "ctx_brightness",
    "ctx_contrast",
    "ctx_blur_risk",
    "ctx_saturation"
  ],
  "state_dict": {
    "b": 1.1181988716125488,
    "w_u_raw": 1.4467369318008423,
    "w_ctx": [
      1.6916604042053223,
      -0.05197606608271599,
      1.8531228303909302,
      0.7177265286445618,
      0.25592857599258423,
      0.8967688083648682,
      1.0560972690582275,
      0.5256326794624329,
      1.0780494213104248,
      -0.006520444992929697,
      -0.6087060570716858,
      1.2172185182571411,
      0.8923401832580566,
      1.6716026067733765,
      2.584184408187866,
      0.6572177410125732,
      0.21015354990959167,
      -0.9930320978164673,
      2.3135178089141846,
      1.9705182313919067,
      1.0361531972885132,
      1.0534567832946777,
      1.059773325920105,
      1.0371780395507812
    ],
    "best_loss": 0.7266642451286316
  }
}