{
  "name": "uncertainty_grid",
  "alpha": 0.07500000000000001,
  "theta": 0.9967883505718782,
  "calib_risk": 0.6603157894736842,
  "calib_coverage": 0.4
}