{
  "name": "uncertainty_grid",
  "alpha": 0.0,
  "theta": 0.13934497602133317,
  "calib_risk": 2.994202898550725,
  "calib_coverage": 0.46956521739130436
}