{
  "name": "monotone_policy_net",
  "context_cols": [
    "ctx_severity",
    "ctx_corr_motion_blur",
    "ctx_corr_shot_noise",
    "ctx_corr_elastic_transform",
    "ctx_corr_contrast",
    "ctx_corr_zoom_blur",
    "ctx_corr_saturate",
    "ctx_corr_glass_blur",
    "ctx_corr_impulse_noise",
    "ctx_corr_brightness",
    "ctx_corr_frost",
    "ctx_corr_gaussian_blur",
    "ctx_corr_speckle_noise",
    "ctx_corr_snow",
    "ctx_corr_fog",
    "ctx_corr_pixelate",
    "ctx_corr_spatter",
    "ctx_corr_jpeg_compression",
    "ctx_corr_gaussian_noise",
    "ctx_corr_defocus_blur",
    "ctx_brightness",
    "ctx_contrast",
    "ctx_blur_risk",
    "ctx_saturation"
  ],
  "state_dict": {
    "b": 0.780404269695282,
    "w_u_raw": 2.066493272781372,
    "w_ctx": [
      1.810526967048645,
      0.23980304598808289,
      1.4639438390731812,
      -0.458821177482605,
      0.21661557257175446,
      0.17183394730091095,
      -0.8199192881584167,
      2.5673229694366455,
      1.3511123657226562,
      -1.1020909547805786,
      0.3710101246833801,
      0.5571655035018921,
      1.0902597904205322,
      -0.11336977034807205,
      -0.3064489960670471,
      0.5969133377075195,
      -0.3585975766181946,
      -0.3307057023048401,
      2.9648425579071045,
      -0.09854264557361603,
      0.5653077960014343,
      0.584988534450531,
      0.689944326877594,
      0.3554096817970276
    ],
    "best_loss": 0.6586667895317078
  }
}