{
  "name": "uncertainty_grid",
  "alpha": 1.9000000000000001,
  "theta": 0.8751897808536887,
  "calib_risk": 0.6486315789473684,
  "calib_coverage": 0.55
}