policy,coverage,risk,wrong_auto_rate,auto_error_rate,defer_rate,n
uaat_monotone,0.5582137161084529,3.2009569377990434,0.2759170653907496,0.4942857142857143,0.44178628389154706,1254
fixed,0.7033492822966507,4.028708133971292,0.37320574162679426,0.5306122448979592,0.2966507177033493,1254
uncertainty_grid,0.7033492822966507,4.028708133971292,0.37320574162679426,0.5306122448979592,0.2966507177033493,1254
