policy,category,coverage,risk,wrong_auto_rate,auto_error_rate,defer_rate,n
uncertainty_grid,breakfast_box,0.5954545454545455,3.4045454545454543,0.3,0.5038167938931297,0.40454545454545454,220
uncertainty_grid,juice_bottle,0.38636363636363635,1.9015151515151514,0.12878787878787878,0.3333333333333333,0.6136363636363636,264
uncertainty_grid,pushpins,0.6653225806451613,3.762096774193548,0.34274193548387094,0.5151515151515151,0.33467741935483875,248
uncertainty_grid,screw_bag,0.8937728937728938,5.637362637362637,0.5531135531135531,0.6188524590163934,0.10622710622710618,273
uncertainty_grid,splicing_connectors,0.6265060240963856,3.4658634538152615,0.3092369477911647,0.4935897435897436,0.37349397590361444,249
