policy,coverage,risk,wrong_auto_rate,auto_error_rate,defer_rate,n
uaat_monotone,0.518341307814992,3.0574162679425836,0.25757575757575757,0.4969230769230769,0.481658692185008,1254
fixed,0.6363636363636364,3.657097288676236,0.3293460925039872,0.5175438596491229,0.36363636363636365,1254
uncertainty_grid,0.6363636363636364,3.657097288676236,0.3293460925039872,0.5175438596491229,0.36363636363636365,1254
