{
  "name": "uncertainty_grid",
  "alpha": 0.0,
  "theta": 0.19460785236577025,
  "calib_risk": 3.8025477707006368,
  "calib_coverage": 0.6687898089171974
}