policy,category,coverage,risk,wrong_auto_rate,auto_error_rate,defer_rate,n
fixed,breakfast_box,0.8681818181818182,5.086363636363637,0.4954545454545455,0.5706806282722513,0.13181818181818183,220
fixed,juice_bottle,0.625,3.7840909090909087,0.3409090909090909,0.5454545454545454,0.375,264
fixed,pushpins,0.9516129032258065,5.129032258064516,0.5080645161290323,0.5338983050847458,0.048387096774193505,248
fixed,screw_bag,0.9963369963369964,6.377289377289377,0.6373626373626373,0.6397058823529411,0.00366300366300365,273
fixed,splicing_connectors,0.8755020080321285,5.06425702811245,0.4939759036144578,0.5642201834862385,0.12449799196787148,249
