{
  "name": "uncertainty_grid",
  "alpha": 0.375,
  "theta": 0.9897605605376883,
  "calib_risk": 0.6459736842105264,
  "calib_coverage": 0.44
}