{
  "name": "monotone_policy_net",
  "context_cols": [
    "ctx_severity",
    "ctx_corr_gaussian_noise",
    "ctx_corr_pixelate",
    "ctx_corr_frost",
    "ctx_corr_fog",
    "ctx_corr_brightness",
    "ctx_corr_glass_blur",
    "ctx_corr_gaussian_blur",
    "ctx_corr_snow",
    "ctx_corr_contrast",
    "ctx_corr_impulse_noise",
    "ctx_corr_zoom_blur",
    "ctx_corr_elastic_transform",
    "ctx_corr_saturate",
    "ctx_corr_defocus_blur",
    "ctx_corr_jpeg_compression",
    "ctx_corr_motion_blur",
    "ctx_corr_shot_noise",
    "ctx_corr_spatter",
    "ctx_corr_speckle_noise",
    "ctx_brightness",
    "ctx_contrast",
    "ctx_blur_risk",
    "ctx_saturation"
  ],
  "state_dict": {
    "b": 1.0262346267700195,
    "w_u_raw": 1.5918375253677368,
    "w_ctx": [
      1.6910303831100464,
      2.7203123569488525,
      0.822134792804718,
      0.8774558305740356,
      -0.16227957606315613,
      -0.9512299299240112,
      2.495530366897583,
      0.6997710466384888,
      0.5009196400642395,
      0.5008893609046936,
      1.744342565536499,
      0.7189913392066956,
      -0.1582280844449997,
      -0.6645525693893433,
      -0.022079164162278175,
      0.3390420973300934,
      0.799044132232666,
      2.0168323516845703,
      0.012456612661480904,
      1.684463620185852,
      0.917099118232727,
      0.910150945186615,
      0.9828764796257019,
      0.8604640960693359
    ],
    "best_loss": 0.7026993036270142
  }
}