policy,wilds_split,coverage,risk,wrong_auto_rate,auto_error_rate,defer_rate,n
uaat_monotone,test,0.8000046738800215,1.53695870627001,0.2673926760300063,0.3342388922969065,0.1999953261199785,42791
