policy,coverage,risk,wrong_auto_rate,auto_error_rate,defer_rate,n
uaat_monotone,0.49927536231884057,3.0804347826086955,0.2579710144927536,0.5166908563134979,0.5007246376811594,1380
fixed,0.6797101449275362,4.57391304347826,0.42536231884057973,0.6257995735607675,0.32028985507246377,1380
uncertainty_grid,0.6797101449275362,4.57391304347826,0.42536231884057973,0.6257995735607675,0.32028985507246377,1380
