{
  "name": "uncertainty_grid",
  "alpha": 0.0,
  "theta": 0.027844543116594248,
  "calib_risk": 4.321739130434783,
  "calib_coverage": 0.6492753623188405
}