policy,wilds_split,coverage,risk,wrong_auto_rate,auto_error_rate,defer_rate,n
fixed,test,0.3722745437124629,0.6928092355869225,0.013016755859877077,0.0349654739485248,0.6277254562875372,42791
