{
  "name": "uncertainty_grid",
  "alpha": 0.0,
  "theta": 0.9819371163845062,
  "calib_risk": 0.5686354935739677,
  "calib_coverage": 0.5099808586272901
}