{
  "name": "uncertainty_grid",
  "alpha": 0.0,
  "theta": 0.11736411151999997,
  "calib_risk": 3.339130434782609,
  "calib_coverage": 0.5304347826086957
}