policy,coverage,risk,wrong_auto_rate,auto_error_rate,defer_rate,n
uaat_monotone,0.7045407894736843,0.7399921052631578,0.08890657894736842,0.12619081858097192,0.29545921052631574,760000
fixed,0.7299552631578947,0.820446052631579,0.11008026315789474,0.15080412281935085,0.2700447368421053,760000
uncertainty_grid,0.7299552631578947,0.820446052631579,0.11008026315789474,0.15080412281935085,0.2700447368421053,760000
