{
  "name": "uncertainty_grid",
  "alpha": 0.0,
  "theta": 0.8351206505298615,
  "calib_risk": 0.8164473684210526,
  "calib_coverage": 0.73
}