{
  "name": "monotone_policy_net",
  "context_cols": [
    "ctx_severity",
    "ctx_corr_fog",
    "ctx_corr_impulse_noise",
    "ctx_corr_snow",
    "ctx_corr_elastic_transform",
    "ctx_corr_zoom_blur",
    "ctx_corr_frost",
    "ctx_corr_contrast",
    "ctx_corr_pixelate",
    "ctx_corr_defocus_blur",
    "ctx_corr_saturate",
    "ctx_corr_motion_blur",
    "ctx_corr_gaussian_blur",
    "ctx_corr_speckle_noise",
    "ctx_corr_gaussian_noise",
    "ctx_corr_jpeg_compression",
    "ctx_corr_spatter",
    "ctx_corr_brightness",
    "ctx_corr_glass_blur",
    "ctx_corr_shot_noise",
    "ctx_brightness",
    "ctx_contrast",
    "ctx_blur_risk",
    "ctx_saturation"
  ],
  "state_dict": {
    "b": 0.2203323096036911,
    "w_u_raw": 1.5508663654327393,
    "w_ctx": [
      2.1075527667999268,
      -1.0486104488372803,
      1.1771751642227173,
      -0.7945406436920166,
      -1.6120126247406006,
      -0.10663651674985886,
      -0.2646741271018982,
      -0.1409657746553421,
      0.26404714584350586,
      -0.5009680986404419,
      -1.5936853885650635,
      -0.6320001482963562,
      0.4731157422065735,
      0.7733924984931946,
      2.0698883533477783,
      -0.6808986663818359,
      -1.061097502708435,
      -1.486147403717041,
      0.9809256792068481,
      1.0895887613296509,
      0.12591148912906647,
      -0.11965075880289078,
      0.14068664610385895,
      -0.6817602515220642
    ],
    "best_loss": 0.7550980448722839
  }
}