{
  "name": "monotone_policy_net",
  "context_cols": [
    "ctx_cat_splicing_connectors",
    "ctx_cat_pushpins",
    "ctx_cat_juice_bottle",
    "ctx_cat_breakfast_box",
    "ctx_cat_screw_bag",
    "ctx_brightness",
    "ctx_contrast",
    "ctx_blur_risk",
    "ctx_saturation"
  ],
  "state_dict": {
    "b": -1.0342745780944824,
    "w_u_raw": -0.6116069555282593,
    "w_ctx": [
      -1.2131563425064087,
      -2.563488483428955,
      -0.740668773651123,
      0.031660083681344986,
      -0.7424548864364624,
      -0.7046757936477661,
      -0.8261317610740662,
      -1.0307769775390625,
      -0.6792851090431213
    ],
    "best_loss": 2.6037418842315674
  }
}