{
  "name": "uncertainty_grid",
  "alpha": 0.875,
  "theta": 0.5572992613166571,
  "calib_risk": 0.6858080393765382,
  "calib_coverage": 0.7599124965818977
}