{
  "name": "monotone_policy_net",
  "context_cols": [
    "ctx_cat_splicing_connectors",
    "ctx_cat_pushpins",
    "ctx_cat_juice_bottle",
    "ctx_cat_breakfast_box",
    "ctx_cat_screw_bag",
    "ctx_brightness",
    "ctx_contrast",
    "ctx_blur_risk",
    "ctx_saturation"
  ],
  "state_dict": {
    "b": -0.8333621025085449,
    "w_u_raw": -0.24094253778457642,
    "w_ctx": [
      -1.1366709470748901,
      -3.1540777683258057,
      -0.9576025605201721,
      0.2184644639492035,
      0.09518852829933167,
      -0.30661699175834656,
      -0.3853672444820404,
      -0.8456910848617554,
      -0.5627102851867676
    ],
    "best_loss": 4.680401802062988
  }
}