policy,coverage,risk,wrong_auto_rate,auto_error_rate,defer_rate,n
uaat_monotone,0.26231884057971017,1.7159420289855074,0.09782608695652174,0.3729281767955801,0.7376811594202899,1380
fixed,0.41594202898550725,2.6420289855072463,0.20579710144927535,0.49477351916376305,0.5840579710144927,1380
uncertainty_grid,0.41594202898550725,2.6420289855072463,0.20579710144927535,0.49477351916376305,0.5840579710144927,1380
