policy,wilds_split,coverage,risk,wrong_auto_rate,auto_error_rate,defer_rate,n
fixed,test,0.6893973031712276,1.3281063775092892,0.2035007361361034,0.2951864406779661,0.3106026968287724,42791
