policy,wilds_split,coverage,risk,wrong_auto_rate,auto_error_rate,defer_rate,n
uncertainty_grid,test,0.6585263256292211,1.245285223528312,0.18076230983150662,0.27449519145462936,0.3414736743707789,42791
