policy,coverage,risk,wrong_auto_rate,auto_error_rate,defer_rate,n
uaat_monotone,0.6140076184244351,1.1526255521020774,0.1533266341053025,0.24971454670015986,0.3859923815755649,42791
uncertainty_grid,0.6585263256292211,1.245285223528312,0.18076230983150662,0.27449519145462936,0.3414736743707789,42791
fixed,0.6893973031712276,1.3281063775092892,0.2035007361361034,0.2951864406779661,0.3106026968287724,42791
