{
  "name": "uncertainty_grid",
  "alpha": 2.475,
  "theta": -0.13731354176998117,
  "calib_risk": 0.8048947224500956,
  "calib_coverage": 0.8199343724364233
}