{
  "name": "uncertainty_grid",
  "alpha": 2.075,
  "theta": 0.7939044542424383,
  "calib_risk": 0.6683684210526316,
  "calib_coverage": 0.59
}