{
  "name": "monotone_policy_net",
  "context_cols": [
    "ctx_severity",
    "ctx_corr_fog",
    "ctx_corr_impulse_noise",
    "ctx_corr_snow",
    "ctx_corr_elastic_transform",
    "ctx_corr_zoom_blur",
    "ctx_corr_frost",
    "ctx_corr_contrast",
    "ctx_corr_pixelate",
    "ctx_corr_defocus_blur",
    "ctx_corr_saturate",
    "ctx_corr_motion_blur",
    "ctx_corr_gaussian_blur",
    "ctx_corr_speckle_noise",
    "ctx_corr_gaussian_noise",
    "ctx_corr_jpeg_compression",
    "ctx_corr_spatter",
    "ctx_corr_brightness",
    "ctx_corr_glass_blur",
    "ctx_corr_shot_noise",
    "ctx_brightness",
    "ctx_contrast",
    "ctx_blur_risk",
    "ctx_saturation"
  ],
  "state_dict": {
    "b": 0.6769187450408936,
    "w_u_raw": 2.1989758014678955,
    "w_ctx": [
      1.8377164602279663,
      -0.3900569677352905,
      1.2387349605560303,
      -0.18301023542881012,
      -0.6759409308433533,
      0.04915538430213928,
      0.23425503075122833,
      0.2410474717617035,
      0.4537426829338074,
      -0.1528448760509491,
      -0.7657085061073303,
      0.13733810186386108,
      0.5702517032623291,
      0.9887393116950989,
      2.660937786102295,
      -0.344833105802536,
      -0.41828012466430664,
      -1.0497286319732666,
      2.290809392929077,
      1.3018202781677246,
      0.4209292531013489,
      0.49736228585243225,
      0.5398697257041931,
      0.1380862146615982
    ],
    "best_loss": 0.658780038356781
  }
}