{
  "name": "monotone_policy_net",
  "context_cols": [
    "ctx_severity",
    "ctx_corr_motion_blur",
    "ctx_corr_shot_noise",
    "ctx_corr_elastic_transform",
    "ctx_corr_contrast",
    "ctx_corr_zoom_blur",
    "ctx_corr_saturate",
    "ctx_corr_glass_blur",
    "ctx_corr_impulse_noise",
    "ctx_corr_brightness",
    "ctx_corr_frost",
    "ctx_corr_gaussian_blur",
    "ctx_corr_speckle_noise",
    "ctx_corr_snow",
    "ctx_corr_fog",
    "ctx_corr_pixelate",
    "ctx_corr_spatter",
    "ctx_corr_jpeg_compression",
    "ctx_corr_gaussian_noise",
    "ctx_corr_defocus_blur",
    "ctx_brightness",
    "ctx_contrast",
    "ctx_blur_risk",
    "ctx_saturation"
  ],
  "state_dict": {
    "b": 0.6071783900260925,
    "w_u_raw": 1.52116060256958,
    "w_ctx": [
      1.47340989112854,
      0.11135104298591614,
      1.2664843797683716,
      -0.4962046444416046,
      0.34737157821655273,
      0.07337775081396103,
      -0.7793970704078674,
      1.701580286026001,
      1.209631323814392,
      -1.1968525648117065,
      0.2691940367221832,
      0.6055956482887268,
      0.9336382746696472,
      -0.08591114729642868,
      -0.1719048172235489,
      0.5338755249977112,
      -0.34224632382392883,
      -0.3640148341655731,
      2.346001386642456,
      0.020474430173635483,
      0.46697404980659485,
      0.5054974555969238,
      0.4739936888217926,
      0.3812534511089325
    ],
    "best_loss": 0.5032475590705872
  }
}