{
  "name": "monotone_policy_net",
  "context_cols": [
    "ctx_severity",
    "ctx_corr_fog",
    "ctx_corr_impulse_noise",
    "ctx_corr_snow",
    "ctx_corr_elastic_transform",
    "ctx_corr_zoom_blur",
    "ctx_corr_frost",
    "ctx_corr_contrast",
    "ctx_corr_pixelate",
    "ctx_corr_defocus_blur",
    "ctx_corr_saturate",
    "ctx_corr_motion_blur",
    "ctx_corr_gaussian_blur",
    "ctx_corr_speckle_noise",
    "ctx_corr_gaussian_noise",
    "ctx_corr_jpeg_compression",
    "ctx_corr_spatter",
    "ctx_corr_brightness",
    "ctx_corr_glass_blur",
    "ctx_corr_shot_noise",
    "ctx_brightness",
    "ctx_contrast",
    "ctx_blur_risk",
    "ctx_saturation"
  ],
  "state_dict": {
    "b": 0.6438779234886169,
    "w_u_raw": 2.212392807006836,
    "w_ctx": [
      1.850069522857666,
      -0.4223364293575287,
      1.2269957065582275,
      -0.1882408708333969,
      -0.6777212619781494,
      0.026835408061742783,
      0.1979391723871231,
      0.238928884267807,
      0.4464041590690613,
      -0.1454465091228485,
      -0.7573670744895935,
      0.08651212602853775,
      0.5707671046257019,
      0.9677010774612427,
      2.5422544479370117,
      -0.38165125250816345,
      -0.461586058139801,
      -1.0597628355026245,
      2.165311336517334,
      1.279449224472046,
      0.395427405834198,
      0.45764750242233276,
      0.5029885172843933,
      0.09350591152906418
    ],
    "best_loss": 0.6605945229530334
  }
}