{
  "name": "monotone_policy_net",
  "context_cols": [
    "ctx_severity",
    "ctx_corr_gaussian_noise",
    "ctx_corr_pixelate",
    "ctx_corr_frost",
    "ctx_corr_fog",
    "ctx_corr_brightness",
    "ctx_corr_glass_blur",
    "ctx_corr_gaussian_blur",
    "ctx_corr_snow",
    "ctx_corr_contrast",
    "ctx_corr_impulse_noise",
    "ctx_corr_zoom_blur",
    "ctx_corr_elastic_transform",
    "ctx_corr_saturate",
    "ctx_corr_defocus_blur",
    "ctx_corr_jpeg_compression",
    "ctx_corr_motion_blur",
    "ctx_corr_shot_noise",
    "ctx_corr_spatter",
    "ctx_corr_speckle_noise",
    "ctx_brightness",
    "ctx_contrast",
    "ctx_blur_risk",
    "ctx_saturation"
  ],
  "state_dict": {
    "b": -1.1508266925811768,
    "w_u_raw": -0.9271429777145386,
    "w_ctx": [
      3.7364604473114014,
      2.3467719554901123,
      0.20531149208545685,
      -1.28233802318573,
      -2.6579318046569824,
      -2.2183804512023926,
      0.4854535758495331,
      0.580558180809021,
      -1.6306143999099731,
      0.03656838461756706,
      1.2733348608016968,
      -0.9382246732711792,
      -2.069882869720459,
      -1.3635554313659668,
      -0.8280712962150574,
      -1.577953815460205,
      -1.780812382698059,
      1.1956837177276611,
      -2.3846728801727295,
      1.1654994487762451,
      0.15450254082679749,
      -1.2197456359863281,
      -0.7537552118301392,
      -2.099022388458252
    ],
    "best_loss": 1.0595526695251465
  }
}