{
  "name": "uncertainty_grid",
  "alpha": 0.025,
  "theta": 0.5421779554635285,
  "calib_risk": 1.1569210526315787,
  "calib_coverage": 0.91
}