policy,wilds_split,coverage,risk,wrong_auto_rate,auto_error_rate,defer_rate,n
fixed,test,0.3594681124535533,0.7496669860484682,0.02182701970040429,0.060720322454817316,0.6405318875464467,42791
