{
  "name": "uncertainty_grid",
  "alpha": 0.0,
  "theta": 0.9765102046728135,
  "calib_risk": 0.5810773858353842,
  "calib_coverage": 0.49001914137270985
}