{
  "name": "monotone_policy_net",
  "context_cols": [
    "ctx_meta_location",
    "ctx_meta_sequence",
    "ctx_meta_year",
    "ctx_meta_month",
    "ctx_meta_day",
    "ctx_meta_hour"
  ],
  "state_dict": {
    "b": 0.915668249130249,
    "w_u_raw": 2.3834962844848633,
    "w_ctx": [
      0.39020049571990967,
      -0.3178977370262146,
      0.9121516346931458,
      0.9147069454193115,
      0.4476020336151123,
      -0.02828103117644787
    ],
    "best_loss": 0.6183944940567017
  }
}