{
  "name": "uncertainty_grid",
  "alpha": 0.0,
  "theta": 0.25711755412059983,
  "calib_risk": 3.5764331210191083,
  "calib_coverage": 0.60828025477707
}