{
  "name": "monotone_policy_net",
  "context_cols": [
    "ctx_severity",
    "ctx_corr_motion_blur",
    "ctx_corr_shot_noise",
    "ctx_corr_elastic_transform",
    "ctx_corr_contrast",
    "ctx_corr_zoom_blur",
    "ctx_corr_saturate",
    "ctx_corr_glass_blur",
    "ctx_corr_impulse_noise",
    "ctx_corr_brightness",
    "ctx_corr_frost",
    "ctx_corr_gaussian_blur",
    "ctx_corr_speckle_noise",
    "ctx_corr_snow",
    "ctx_corr_fog",
    "ctx_corr_pixelate",
    "ctx_corr_spatter",
    "ctx_corr_jpeg_compression",
    "ctx_corr_gaussian_noise",
    "ctx_corr_defocus_blur",
    "ctx_brightness",
    "ctx_contrast",
    "ctx_blur_risk",
    "ctx_saturation"
  ],
  "state_dict": {
    "b": -1.2778851985931396,
    "w_u_raw": 0.01881263218820095,
    "w_ctx": [
      3.8894879817962646,
      -1.3447184562683105,
      1.2065258026123047,
      -2.1024858951568604,
      -0.3475901186466217,
      -0.48737406730651855,
      -1.4176281690597534,
      0.6206548810005188,
      1.1249536275863647,
      -1.9787205457687378,
      -1.0776667594909668,
      0.9109154343605042,
      0.7463153600692749,
      -2.118060827255249,
      -2.079711675643921,
      0.1302662193775177,
      -2.4855175018310547,
      -2.3550586700439453,
      2.355808734893799,
      -1.030115008354187,
      1.1360704898834229,
      -1.714407205581665,
      -1.248299479484558,
      -3.6077425479888916
    ],
    "best_loss": 1.0574547052383423
  }
}