{
  "name": "uncertainty_grid",
  "alpha": 0.275,
  "theta": 0.40202310602366914,
  "calib_risk": 1.1561842105263156,
  "calib_coverage": 0.91
}