{
  "name": "uncertainty_grid",
  "alpha": 1.2750000000000001,
  "theta": 0.12810575973987576,
  "calib_risk": 0.9239814055236533,
  "calib_coverage": 0.8799562482909489
}