policy,category,coverage,risk,wrong_auto_rate,auto_error_rate,defer_rate,n
uaat_monotone,breakfast_box,0.7181818181818181,4.054545454545455,0.37727272727272726,0.5253164556962026,0.28181818181818186,220
uaat_monotone,juice_bottle,0.38257575757575757,1.9053030303030303,0.12878787878787878,0.33663366336633666,0.6174242424242424,264
uaat_monotone,pushpins,0.5201612903225806,3.060483870967742,0.25806451612903225,0.49612403100775193,0.4798387096774194,248
uaat_monotone,screw_bag,0.9230769230769231,5.827838827838827,0.575091575091575,0.623015873015873,0.07692307692307687,273
uaat_monotone,splicing_connectors,0.6586345381526104,3.5542168674698793,0.321285140562249,0.4878048780487805,0.3413654618473896,249
