policy,category,coverage,risk,wrong_auto_rate,auto_error_rate,defer_rate,n
fixed,breakfast_box,0.8318181818181818,4.759090909090909,0.4590909090909091,0.5519125683060109,0.1681818181818182,220
fixed,juice_bottle,0.5340909090909091,2.965909090909091,0.25,0.46808510638297873,0.46590909090909094,264
fixed,pushpins,0.9193548387096774,4.838709677419355,0.47580645161290325,0.5175438596491229,0.08064516129032262,248
fixed,screw_bag,0.9963369963369964,6.377289377289377,0.6373626373626373,0.6397058823529411,0.00366300366300365,273
fixed,splicing_connectors,0.8192771084337349,4.598393574297189,0.44176706827309237,0.5392156862745098,0.1807228915662651,249
