{
  "name": "uncertainty_grid",
  "alpha": 0.0,
  "theta": 0.039406385004950084,
  "calib_risk": 4.971337579617835,
  "calib_coverage": 0.8375796178343949
}