policy,wilds_split,coverage,risk,wrong_auto_rate,auto_error_rate,defer_rate,n
uaat_monotone,test,0.4986328900937113,1.136547404828118,0.06351802949218294,0.1273843558138445,0.5013671099062886,42791
