{
  "name": "monotone_policy_net",
  "context_cols": [
    "ctx_severity",
    "ctx_corr_gaussian_noise",
    "ctx_corr_pixelate",
    "ctx_corr_frost",
    "ctx_corr_fog",
    "ctx_corr_brightness",
    "ctx_corr_glass_blur",
    "ctx_corr_gaussian_blur",
    "ctx_corr_snow",
    "ctx_corr_contrast",
    "ctx_corr_impulse_noise",
    "ctx_corr_zoom_blur",
    "ctx_corr_elastic_transform",
    "ctx_corr_saturate",
    "ctx_corr_defocus_blur",
    "ctx_corr_jpeg_compression",
    "ctx_corr_motion_blur",
    "ctx_corr_shot_noise",
    "ctx_corr_spatter",
    "ctx_corr_speckle_noise",
    "ctx_brightness",
    "ctx_contrast",
    "ctx_blur_risk",
    "ctx_saturation"
  ],
  "state_dict": {
    "b": 0.8746374249458313,
    "w_u_raw": 1.9010649919509888,
    "w_ctx": [
      1.7398232221603394,
      2.900019645690918,
      0.5709755420684814,
      0.5157722234725952,
      -0.24614407122135162,
      -1.070844292640686,
      2.6554903984069824,
      0.554095447063446,
      0.11924608796834946,
      0.3568451702594757,
      1.4419121742248535,
      0.3399609327316284,
      -0.3413739502429962,
      -0.727175235748291,
      -0.13245265185832977,
      0.04574726149439812,
      0.43092435598373413,
      1.7592082023620605,
      -0.1871170550584793,
      1.3442888259887695,
      0.6862238049507141,
      0.6906919479370117,
      0.818967342376709,
      0.5349085927009583
    ],
    "best_loss": 0.6705114841461182
  }
}