{
  "name": "uncertainty_grid",
  "alpha": 0.225,
  "theta": 0.9793771052276716,
  "calib_risk": 0.641578947368421,
  "calib_coverage": 0.51
}