policy,coverage,risk,wrong_auto_rate,auto_error_rate,defer_rate,n
uaat_monotone,0.4963768115942029,3.0688405797101455,0.2565217391304348,0.5167883211678832,0.5036231884057971,1380
fixed,0.6608695652173913,4.411594202898551,0.4072463768115942,0.6162280701754386,0.33913043478260874,1380
uncertainty_grid,0.6608695652173913,4.411594202898551,0.4072463768115942,0.6162280701754386,0.33913043478260874,1380
