{
  "name": "uncertainty_grid",
  "alpha": 0.0,
  "theta": 0.036572260286612715,
  "calib_risk": 4.243478260869566,
  "calib_coverage": 0.6405797101449275
}