{
  "name": "uncertainty_grid",
  "alpha": 0.0,
  "theta": 0.0006650864329990693,
  "calib_risk": 5.843478260869565,
  "calib_coverage": 0.8376811594202899
}