policy,wilds_split,coverage,risk,wrong_auto_rate,auto_error_rate,defer_rate,n
fixed,test,0.41990138113154635,0.7144726694865742,0.026874810123624127,0.0640026714158504,0.5800986188684536,42791
