{
  "name": "uncertainty_grid",
  "alpha": 0.05,
  "theta": 0.9487278852835298,
  "calib_risk": 0.5488105004101722,
  "calib_coverage": 0.589964451736396
}