{
  "name": "uncertainty_grid",
  "alpha": 0.0,
  "theta": 0.1395984873970893,
  "calib_risk": 3.110144927536232,
  "calib_coverage": 0.4985507246376812
}