policy,wilds_split,coverage,risk,wrong_auto_rate,auto_error_rate,defer_rate,n
fixed,test,0.44766422845925546,0.8247061297936482,0.05447407165058073,0.12168511171434537,0.5523357715407445,42791
