{
  "name": "uncertainty_grid",
  "alpha": 0.0,
  "theta": 0.8919366121292114,
  "calib_risk": 0.6296144380639868,
  "calib_coverage": 0.6499863275909216
}