{
  "name": "uncertainty_grid",
  "alpha": 1.175,
  "theta": 0.7464233459345995,
  "calib_risk": 0.7210263157894736,
  "calib_coverage": 0.65
}