{
  "name": "monotone_policy_net",
  "context_cols": [
    "ctx_severity",
    "ctx_corr_gaussian_noise",
    "ctx_corr_pixelate",
    "ctx_corr_frost",
    "ctx_corr_fog",
    "ctx_corr_brightness",
    "ctx_corr_glass_blur",
    "ctx_corr_gaussian_blur",
    "ctx_corr_snow",
    "ctx_corr_contrast",
    "ctx_corr_impulse_noise",
    "ctx_corr_zoom_blur",
    "ctx_corr_elastic_transform",
    "ctx_corr_saturate",
    "ctx_corr_defocus_blur",
    "ctx_corr_jpeg_compression",
    "ctx_corr_motion_blur",
    "ctx_corr_shot_noise",
    "ctx_corr_spatter",
    "ctx_corr_speckle_noise",
    "ctx_brightness",
    "ctx_contrast",
    "ctx_blur_risk",
    "ctx_saturation"
  ],
  "state_dict": {
    "b": 0.46403414011001587,
    "w_u_raw": 2.025477170944214,
    "w_ctx": [
      1.9770729541778564,
      2.134291887283325,
      0.3265250623226166,
      0.014144950546324253,
      -0.4990350306034088,
      -0.9307900071144104,
      1.5746257305145264,
      0.5766263008117676,
      -0.3880237936973572,
      0.35060012340545654,
      1.1168568134307861,
      -0.11576943099498749,
      -0.7038673758506775,
      -0.946840226650238,
      -0.3194063603878021,
      -0.8138267993927002,
      -0.02728334441781044,
      1.2610137462615967,
      -0.939581573009491,
      0.9850215315818787,
      0.29822251200675964,
      0.33091041445732117,
      0.2453298568725586,
      -0.12136140465736389
    ],
    "best_loss": 0.6837066411972046
  }
}