policy,category,coverage,risk,wrong_auto_rate,auto_error_rate,defer_rate,n
uaat_monotone,breakfast_box,0.5681818181818182,3.2954545454545454,0.2863636363636364,0.504,0.43181818181818177,220
uaat_monotone,juice_bottle,0.3977272727272727,2.041666666666667,0.14393939393939395,0.3619047619047619,0.6022727272727273,264
uaat_monotone,pushpins,0.6774193548387096,3.6693548387096775,0.3346774193548387,0.49404761904761907,0.32258064516129037,248
uaat_monotone,screw_bag,0.7619047619047619,4.8901098901098905,0.4652014652014652,0.6105769230769231,0.23809523809523814,273
uaat_monotone,splicing_connectors,0.4779116465863454,2.530120481927711,0.20080321285140562,0.42016806722689076,0.5220883534136547,249
