policy,category,coverage,risk,wrong_auto_rate,auto_error_rate,defer_rate,n
uncertainty_grid,breakfast_box,0.6818181818181818,3.954545454545455,0.36363636363636365,0.5333333333333333,0.31818181818181823,220
uncertainty_grid,juice_bottle,0.42045454545454547,2.1704545454545454,0.1590909090909091,0.3783783783783784,0.5795454545454546,264
uncertainty_grid,pushpins,0.7741935483870968,4.137096774193548,0.3911290322580645,0.5052083333333334,0.22580645161290325,248
uncertainty_grid,screw_bag,0.9304029304029304,5.857142857142858,0.5787545787545788,0.6220472440944882,0.06959706959706957,273
uncertainty_grid,splicing_connectors,0.6746987951807228,3.65863453815261,0.3333333333333333,0.49404761904761907,0.32530120481927716,249
