policy,wilds_split,coverage,risk,wrong_auto_rate,auto_error_rate,defer_rate,n
uaat_monotone,test,0.799981304479914,1.5383842396765675,0.2676731088312963,0.33459920542182753,0.200018695520086,42791
