policy,coverage,risk,wrong_auto_rate,auto_error_rate,defer_rate,n
uaat_monotone,0.6850079744816587,3.8636363636363633,0.3548644338118022,0.5180442374854481,0.31499202551834127,1254
fixed,0.8572567783094099,5.0470494417862835,0.4904306220095694,0.5720930232558139,0.14274322169059006,1254
uncertainty_grid,0.8572567783094099,5.0470494417862835,0.4904306220095694,0.5720930232558139,0.14274322169059006,1254
