{
  "name": "uncertainty_grid",
  "alpha": 0.0,
  "theta": 0.022451158202695932,
  "calib_risk": 4.821656050955414,
  "calib_coverage": 0.8280254777070064
}