policy,coverage,risk,wrong_auto_rate,auto_error_rate,defer_rate,n
uaat_monotone,0.44577352472089316,2.659489633173844,0.21052631578947367,0.47227191413237923,0.5542264752791068,1254
fixed,0.5558213716108453,3.203349282296651,0.2759170653907496,0.4964131994261119,0.4441786283891547,1254
uncertainty_grid,0.5558213716108453,3.203349282296651,0.2759170653907496,0.4964131994261119,0.4441786283891547,1254
