{
  "name": "uncertainty_grid",
  "alpha": 0.0,
  "theta": 0.26587517955434253,
  "calib_risk": 3.4363057324840764,
  "calib_coverage": 0.589171974522293
}