policy,wilds_split,coverage,risk,wrong_auto_rate,auto_error_rate,defer_rate,n
uaat_monotone,test,0.7268350821434414,1.3372905517515368,0.2128251267789956,0.2928107517201466,0.2731649178565586,42791
