{
  "name": "uncertainty_grid",
  "alpha": 0.7250000000000001,
  "theta": 0.1044227094203234,
  "calib_risk": 1.0966639321848508,
  "calib_coverage": 0.9499589827727646
}