{
  "name": "monotone_policy_net",
  "context_cols": [
    "ctx_cat_leather",
    "ctx_cat_hazelnut",
    "ctx_cat_bottle",
    "ctx_cat_carpet",
    "ctx_cat_metal_nut",
    "ctx_cat_grid",
    "ctx_cat_transistor",
    "ctx_cat_capsule",
    "ctx_cat_cable",
    "ctx_cat_toothbrush",
    "ctx_cat_screw",
    "ctx_cat_wood",
    "ctx_cat_zipper",
    "ctx_cat_tile",
    "ctx_cat_pill",
    "ctx_brightness",
    "ctx_contrast",
    "ctx_blur_risk",
    "ctx_saturation"
  ],
  "state_dict": {
    "b": -0.847015380859375,
    "w_u_raw": -0.31727170944213867,
    "w_ctx": [
      -4.578280925750732,
      0.24361424148082733,
      -0.5646076798439026,
      -5.709836006164551,
      -0.16911298036575317,
      -1.0071126222610474,
      -1.3711440563201904,
      1.2623872756958008,
      -1.94785737991333,
      -0.25737208127975464,
      -0.0809522494673729,
      -3.305997848510742,
      -0.008344627916812897,
      -2.255683183670044,
      0.9696187973022461,
      -0.7673721313476562,
      -0.4727385640144348,
      -0.7958171963691711,
      -2.3264920711517334
    ],
    "best_loss": 4.73905611038208
  }
}