{
  "name": "monotone_policy_net",
  "context_cols": [
    "ctx_severity",
    "ctx_corr_gaussian_noise",
    "ctx_corr_pixelate",
    "ctx_corr_frost",
    "ctx_corr_fog",
    "ctx_corr_brightness",
    "ctx_corr_glass_blur",
    "ctx_corr_gaussian_blur",
    "ctx_corr_snow",
    "ctx_corr_contrast",
    "ctx_corr_impulse_noise",
    "ctx_corr_zoom_blur",
    "ctx_corr_elastic_transform",
    "ctx_corr_saturate",
    "ctx_corr_defocus_blur",
    "ctx_corr_jpeg_compression",
    "ctx_corr_motion_blur",
    "ctx_corr_shot_noise",
    "ctx_corr_spatter",
    "ctx_corr_speckle_noise",
    "ctx_brightness",
    "ctx_contrast",
    "ctx_blur_risk",
    "ctx_saturation"
  ],
  "state_dict": {
    "b": 1.070212483406067,
    "w_u_raw": 1.5196712017059326,
    "w_ctx": [
      1.6693129539489746,
      2.646756172180176,
      0.9412853717803955,
      1.0163425207138062,
      -0.13356974720954895,
      -0.9477426409721375,
      2.42757511138916,
      0.7854584455490112,
      0.6383495926856995,
      0.5889807343482971,
      1.7677643299102783,
      0.8813782930374146,
      -0.09816605597734451,
      -0.6424421072006226,
      0.013037202879786491,
      0.4827299118041992,
      0.9422190189361572,
      2.0153608322143555,
      0.07066164910793304,
      1.719093918800354,
      0.9809768795967102,
      0.9752200245857239,
      1.0266685485839844,
      0.9504735469818115
    ],
    "best_loss": 0.7145535945892334
  }
}