{
  "name": "uncertainty_grid",
  "alpha": 0.0,
  "theta": 0.9964955282211305,
  "calib_risk": 0.6520789473684211,
  "calib_coverage": 0.42
}