policy,category,coverage,risk,wrong_auto_rate,auto_error_rate,defer_rate,n
uncertainty_grid,breakfast_box,0.5727272727272728,3.3363636363636364,0.2909090909090909,0.5079365079365079,0.42727272727272725,220
uncertainty_grid,juice_bottle,0.3787878787878788,1.9469696969696968,0.13257575757575757,0.35,0.6212121212121212,264
uncertainty_grid,pushpins,0.6814516129032258,3.705645161290322,0.3387096774193548,0.4970414201183432,0.31854838709677424,248
uncertainty_grid,screw_bag,0.8608058608058609,5.450549450549451,0.5311355311355311,0.6170212765957447,0.13919413919413914,273
uncertainty_grid,splicing_connectors,0.5783132530120482,3.112449799196787,0.26907630522088355,0.4652777777777778,0.42168674698795183,249
