policy,category,coverage,risk,wrong_auto_rate,auto_error_rate,defer_rate,n
uaat_monotone,breakfast_box,0.5636363636363636,3.3000000000000003,0.2863636363636364,0.5080645161290323,0.4363636363636364,220
uaat_monotone,juice_bottle,0.38636363636363635,2.015151515151515,0.14015151515151514,0.3627450980392157,0.6136363636363636,264
uaat_monotone,pushpins,0.5645161290322581,3.0161290322580645,0.25806451612903225,0.45714285714285713,0.4354838709677419,248
uaat_monotone,screw_bag,0.6666666666666666,4.216117216117216,0.3882783882783883,0.5824175824175825,0.33333333333333337,273
uaat_monotone,splicing_connectors,0.46987951807228917,2.497991967871486,0.19678714859437751,0.4188034188034188,0.5301204819277108,249
