{
  "name": "uncertainty_grid",
  "alpha": 0.0,
  "theta": 0.22504038693180872,
  "calib_risk": 3.3184713375796178,
  "calib_coverage": 0.5796178343949044
}