policy,category,coverage,risk,wrong_auto_rate,auto_error_rate,defer_rate,n
fixed,breakfast_box,0.8863636363636364,5.25,0.5136363636363637,0.5794871794871795,0.11363636363636365,220
fixed,juice_bottle,0.6628787878787878,4.125,0.3787878787878788,0.5714285714285714,0.33712121212121215,264
fixed,pushpins,0.9637096774193549,5.237903225806451,0.5201612903225806,0.5397489539748954,0.03629032258064513,248
fixed,screw_bag,1.0,6.410256410256411,0.6410256410256411,0.6410256410256411,0.0,273
fixed,splicing_connectors,0.8995983935742972,5.281124497991969,0.5180722891566265,0.5758928571428571,0.10040160642570284,249
