policy,category,coverage,risk,wrong_auto_rate,auto_error_rate,defer_rate,n
uaat_monotone,breakfast_box,0.7545454545454545,4.29090909090909,0.40454545454545454,0.536144578313253,0.24545454545454548,220
uaat_monotone,juice_bottle,0.42424242424242425,2.204545454545454,0.16287878787878787,0.38392857142857145,0.5757575757575757,264
uaat_monotone,pushpins,0.9637096774193549,5.237903225806451,0.5201612903225806,0.5397489539748954,0.03629032258064513,248
uaat_monotone,screw_bag,0.7142857142857143,4.608058608058609,0.43223443223443225,0.6051282051282051,0.2857142857142857,273
uaat_monotone,splicing_connectors,0.678714859437751,3.734939759036145,0.3413654618473896,0.5029585798816568,0.321285140562249,249
