policy,coverage,risk,wrong_auto_rate,auto_error_rate,defer_rate,n
uaat_monotone,0.7025518341307815,3.9976076555023927,0.3700159489633174,0.5266742338251986,0.2974481658692185,1254
fixed,0.8819776714513556,5.2695374800637955,0.5151515151515151,0.5840867992766727,0.11802232854864436,1254
uncertainty_grid,0.8819776714513556,5.2695374800637955,0.5151515151515151,0.5840867992766727,0.11802232854864436,1254
