{
  "name": "uncertainty_grid",
  "alpha": 0.0,
  "theta": 0.010818916557430327,
  "calib_risk": 5.076433121019107,
  "calib_coverage": 0.8598726114649682
}