{
  "name": "uncertainty_grid",
  "alpha": 2.0,
  "theta": 0.6638317847251893,
  "calib_risk": 0.7082631578947368,
  "calib_coverage": 0.64
}