{
  "name": "monotone_policy_net",
  "context_cols": [
    "ctx_severity",
    "ctx_corr_fog",
    "ctx_corr_impulse_noise",
    "ctx_corr_snow",
    "ctx_corr_elastic_transform",
    "ctx_corr_zoom_blur",
    "ctx_corr_frost",
    "ctx_corr_contrast",
    "ctx_corr_pixelate",
    "ctx_corr_defocus_blur",
    "ctx_corr_saturate",
    "ctx_corr_motion_blur",
    "ctx_corr_gaussian_blur",
    "ctx_corr_speckle_noise",
    "ctx_corr_gaussian_noise",
    "ctx_corr_jpeg_compression",
    "ctx_corr_spatter",
    "ctx_corr_brightness",
    "ctx_corr_glass_blur",
    "ctx_corr_shot_noise",
    "ctx_brightness",
    "ctx_contrast",
    "ctx_blur_risk",
    "ctx_saturation"
  ],
  "state_dict": {
    "b": 0.4985697865486145,
    "w_u_raw": 2.0728225708007812,
    "w_ctx": [
      1.9919477701187134,
      -0.5613418221473694,
      1.2006151676177979,
      -0.33278921246528625,
      -0.8872469067573547,
      -0.08955658972263336,
      0.10290937125682831,
      0.2197471410036087,
      0.42668357491493225,
      -0.16425858438014984,
      -0.7252457141876221,
      -0.09455907344818115,
      0.5477184653282166,
      0.9075333476066589,
      2.1776976585388184,
      -0.6099361181259155,
      -0.9503414034843445,
      -1.0793472528457642,
      1.702227234840393,
      1.2274807691574097,
      0.2850987911224365,
      0.31796979904174805,
      0.34795597195625305,
      -0.09000574052333832
    ],
    "best_loss": 0.6755865216255188
  }
}