policy,category,coverage,risk,wrong_auto_rate,auto_error_rate,defer_rate,n
fixed,breakfast_box,0.5727272727272728,3.245454545454545,0.2818181818181818,0.49206349206349204,0.42727272727272725,220
fixed,juice_bottle,0.375,1.875,0.125,0.3333333333333333,0.625,264
fixed,pushpins,0.657258064516129,3.528225806451613,0.3185483870967742,0.48466257668711654,0.342741935483871,248
fixed,screw_bag,0.8754578754578755,5.545787545787546,0.5421245421245421,0.6192468619246861,0.12454212454212454,273
fixed,splicing_connectors,0.5903614457831325,3.261044176706827,0.285140562248996,0.48299319727891155,0.40963855421686746,249
