policy,category,coverage,risk,wrong_auto_rate,auto_error_rate,defer_rate,n
uncertainty_grid,breakfast_box,0.5,2.909090909090909,0.2409090909090909,0.4818181818181818,0.5,220
uncertainty_grid,juice_bottle,0.3484848484848485,1.977272727272727,0.13257575757575757,0.3804347826086957,0.6515151515151515,264
uncertainty_grid,pushpins,0.5766129032258065,3.245967741935484,0.28225806451612906,0.48951048951048953,0.4233870967741935,248
uncertainty_grid,screw_bag,0.7692307692307693,4.846153846153847,0.46153846153846156,0.6,0.23076923076923073,273
uncertainty_grid,splicing_connectors,0.5261044176706827,2.7228915662650603,0.2248995983935743,0.42748091603053434,0.4738955823293173,249
