{
  "name": "uncertainty_grid",
  "alpha": 0.0,
  "theta": 0.2812444479121001,
  "calib_risk": 2.964968152866242,
  "calib_coverage": 0.5191082802547771
}