policy,category,coverage,risk,wrong_auto_rate,auto_error_rate,defer_rate,n
uaat_monotone,breakfast_box,0.4636363636363636,4.8999999999999995,0.21818181818181817,0.47058823529411764,0.5363636363636364,220
uaat_monotone,juice_bottle,0.3712121212121212,3.507575757575758,0.14393939393939395,0.3877551020408163,0.6287878787878788,264
uaat_monotone,pushpins,0.34274193548387094,3.721774193548387,0.1532258064516129,0.4470588235294118,0.657258064516129,248
uaat_monotone,screw_bag,0.652014652014652,7.747252747252747,0.36996336996337,0.5674157303370787,0.34798534798534797,273
uaat_monotone,splicing_connectors,0.6907630522088354,7.2971887550200805,0.3493975903614458,0.5058139534883721,0.3092369477911646,249
