{
  "name": "monotone_policy_net",
  "context_cols": [
    "ctx_severity",
    "ctx_corr_fog",
    "ctx_corr_impulse_noise",
    "ctx_corr_snow",
    "ctx_corr_elastic_transform",
    "ctx_corr_zoom_blur",
    "ctx_corr_frost",
    "ctx_corr_contrast",
    "ctx_corr_pixelate",
    "ctx_corr_defocus_blur",
    "ctx_corr_saturate",
    "ctx_corr_motion_blur",
    "ctx_corr_gaussian_blur",
    "ctx_corr_speckle_noise",
    "ctx_corr_gaussian_noise",
    "ctx_corr_jpeg_compression",
    "ctx_corr_spatter",
    "ctx_corr_brightness",
    "ctx_corr_glass_blur",
    "ctx_corr_shot_noise",
    "ctx_brightness",
    "ctx_contrast",
    "ctx_blur_risk",
    "ctx_saturation"
  ],
  "state_dict": {
    "b": 0.6091187000274658,
    "w_u_raw": 2.2122414112091064,
    "w_ctx": [
      1.8666090965270996,
      -0.4534527361392975,
      1.2182464599609375,
      -0.19607608020305634,
      -0.6849188208580017,
      0.008923663757741451,
      0.1609773337841034,
      0.23510321974754333,
      0.44054272770881653,
      -0.13917356729507446,
      -0.7494315505027771,
      0.04323786497116089,
      0.5691608190536499,
      0.9487885236740112,
      2.4176411628723145,
      -0.4418371617794037,
      -0.5074836611747742,
      -1.0542885065078735,
      2.0307505130767822,
      1.2608951330184937,
      0.37250053882598877,
      0.4193401038646698,
      0.4657835364341736,
      0.04812201112508774
    ],
    "best_loss": 0.6631948351860046
  }
}