{
  "name": "uncertainty_grid",
  "alpha": 0.7000000000000001,
  "theta": 0.8824775636568666,
  "calib_risk": 0.6827631578947368,
  "calib_coverage": 0.61
}