policy,category,coverage,risk,wrong_auto_rate,auto_error_rate,defer_rate,n
fixed,breakfast_box,0.8318181818181818,2.463636363636364,0.4590909090909091,0.5519125683060109,0.1681818181818182,220
fixed,juice_bottle,0.5340909090909091,1.7159090909090908,0.25,0.46808510638297873,0.46590909090909094,264
fixed,pushpins,0.907258064516129,2.471774193548387,0.47580645161290325,0.5244444444444445,0.092741935483871,248
fixed,screw_bag,0.9963369963369964,3.1904761904761902,0.6373626373626373,0.6397058823529411,0.00366300366300365,273
fixed,splicing_connectors,0.8032128514056225,2.3654618473895583,0.43373493975903615,0.54,0.19678714859437751,249
