policy,category,coverage,risk,wrong_auto_rate,auto_error_rate,defer_rate,n
uaat_monotone,breakfast_box,0.6181818181818182,2.018181818181818,0.32727272727272727,0.5294117647058824,0.38181818181818183,220
uaat_monotone,juice_bottle,0.4734848484848485,1.5492424242424243,0.20454545454545456,0.432,0.5265151515151515,264
uaat_monotone,pushpins,0.9556451612903226,2.6048387096774195,0.5120967741935484,0.5358649789029536,0.04435483870967738,248
uaat_monotone,screw_bag,0.8534798534798534,2.7655677655677655,0.5238095238095238,0.6137339055793991,0.14652014652014655,273
uaat_monotone,splicing_connectors,0.7550200803212851,2.21285140562249,0.39357429718875503,0.5212765957446809,0.2449799196787149,249
