{
  "name": "monotone_policy_net",
  "context_cols": [],
  "state_dict": {
    "b": 1.1384985446929932,
    "w_u_raw": 0.5168344974517822,
    "w_ctx": [],
    "best_loss": 0.7281622886657715
  },
  "use_inputs": [
    "score"
  ],
  "test_margin_offset": -0.28812754154205333,
  "recalibrated_on_test": true
}