policy,category,coverage,risk,wrong_auto_rate,auto_error_rate,defer_rate,n
uaat_monotone,breakfast_box,0.5681818181818182,6.159090909090909,0.2863636363636364,0.504,0.43181818181818177,220
uaat_monotone,juice_bottle,0.3939393939393939,3.4090909090909087,0.14015151515151514,0.3557692307692308,0.6060606060606061,264
uaat_monotone,pushpins,0.6774193548387096,7.016129032258064,0.3346774193548387,0.49404761904761907,0.32258064516129037,248
uaat_monotone,screw_bag,0.7728937728937729,9.677655677655677,0.4725274725274725,0.6113744075829384,0.22710622710622708,273
uaat_monotone,splicing_connectors,0.4819277108433735,4.614457831325301,0.20481927710843373,0.425,0.5180722891566265,249
