policy,category,coverage,risk,wrong_auto_rate,auto_error_rate,defer_rate,n
fixed,breakfast_box,0.5863636363636363,3.3227272727272728,0.2909090909090909,0.49612403100775193,0.4136363636363637,220
fixed,juice_bottle,0.38257575757575757,1.9431818181818181,0.13257575757575757,0.3465346534653465,0.6174242424242424,264
fixed,pushpins,0.6612903225806451,3.564516129032258,0.3225806451612903,0.4878048780487805,0.33870967741935487,248
fixed,screw_bag,0.8791208791208791,5.542124542124542,0.5421245421245421,0.6166666666666667,0.1208791208791209,273
fixed,splicing_connectors,0.5903614457831325,3.261044176706827,0.285140562248996,0.48299319727891155,0.40963855421686746,249
