policy,coverage,risk,wrong_auto_rate,auto_error_rate,defer_rate,n
uaat_monotone,0.5039872408293461,2.920255183413078,0.24242424242424243,0.4810126582278481,0.4960127591706539,1254
fixed,0.6228070175438597,3.5510366826156297,0.31738437001594894,0.5096030729833547,0.3771929824561403,1254
uncertainty_grid,0.6228070175438597,3.5510366826156297,0.31738437001594894,0.5096030729833547,0.3771929824561403,1254
