{
  "name": "uncertainty_grid",
  "alpha": 0.0,
  "theta": 0.21597995760805283,
  "calib_risk": 3.5445859872611463,
  "calib_coverage": 0.60828025477707
}