policy,coverage,risk,wrong_auto_rate,auto_error_rate,defer_rate,n
uaat_monotone,0.671451355661882,3.7894736842105265,0.34609250398724084,0.5154394299287411,0.32854864433811803,1254
fixed,0.8237639553429027,4.7854864433811795,0.4609250398724083,0.5595353339787028,0.1762360446570973,1254
uncertainty_grid,0.8237639553429027,4.7854864433811795,0.4609250398724083,0.5595353339787028,0.1762360446570973,1254
