{
  "name": "uncertainty_grid",
  "alpha": 0.0,
  "theta": 0.04171577244308677,
  "calib_risk": 4.681528662420382,
  "calib_coverage": 0.8089171974522293
}