policy,category,coverage,risk,wrong_auto_rate,auto_error_rate,defer_rate,n
uaat_monotone,breakfast_box,0.8818181818181818,1.1363636363636362,0.509090909090909,0.5773195876288659,0.11818181818181817,220
uaat_monotone,juice_bottle,0.6439393939393939,1.0757575757575757,0.35984848484848486,0.5588235294117647,0.3560606060606061,264
uaat_monotone,pushpins,0.9556451612903226,1.068548387096774,0.5120967741935484,0.5358649789029536,0.04435483870967738,248
uaat_monotone,screw_bag,0.9963369963369964,1.2783882783882783,0.6373626373626373,0.6397058823529411,0.00366300366300365,273
uaat_monotone,splicing_connectors,0.8955823293172691,1.1325301204819276,0.5140562248995983,0.5739910313901345,0.10441767068273089,249
