{
  "name": "uncertainty_grid",
  "alpha": 0.0,
  "theta": 0.0017842785329218577,
  "calib_risk": 1.1656050955414012,
  "calib_coverage": 0.8980891719745223
}