{
  "name": "monotone_policy_net",
  "context_cols": [
    "ctx_cat_screw_bag",
    "ctx_cat_pushpins",
    "ctx_cat_splicing_connectors",
    "ctx_cat_juice_bottle",
    "ctx_cat_breakfast_box",
    "ctx_brightness",
    "ctx_contrast",
    "ctx_blur_risk",
    "ctx_saturation"
  ],
  "state_dict": {
    "b": -1.2266358137130737,
    "w_u_raw": -0.8399550318717957,
    "w_ctx": [
      -0.7608481645584106,
      -1.7598590850830078,
      -1.2867869138717651,
      -1.5525002479553223,
      -0.8686728477478027,
      -1.1472163200378418,
      -1.2269344329833984,
      -1.2277191877365112,
      -1.1607242822647095
    ],
    "best_loss": 1.1640127897262573
  }
}