policy,wilds_split,coverage,risk,wrong_auto_rate,auto_error_rate,defer_rate,n
fixed,test,0.6262999228809797,1.3156037484517773,0.1883807342665514,0.30078358208955225,0.3737000771190203,42791
