{
  "name": "uncertainty_grid",
  "alpha": 0.35000000000000003,
  "theta": 0.6185182018280029,
  "calib_risk": 0.7487011211375444,
  "calib_coverage": 0.7599124965818977
}