policy,coverage,risk,wrong_auto_rate,auto_error_rate,defer_rate,n
uaat_monotone,0.6028985507246377,3.8391304347826085,0.3442028985507246,0.5709134615384616,0.3971014492753623,1380
fixed,0.8724637681159421,6.142028985507246,0.6014492753623188,0.6893687707641196,0.12753623188405794,1380
uncertainty_grid,0.8724637681159421,6.142028985507246,0.6014492753623188,0.6893687707641196,0.12753623188405794,1380
