{
  "name": "monotone_policy_net",
  "context_cols": [
    "ctx_cat_grid",
    "ctx_cat_metal_nut",
    "ctx_cat_hazelnut",
    "ctx_cat_pill",
    "ctx_cat_screw",
    "ctx_cat_toothbrush",
    "ctx_cat_capsule",
    "ctx_cat_wood",
    "ctx_cat_transistor",
    "ctx_cat_cable",
    "ctx_cat_tile",
    "ctx_cat_bottle",
    "ctx_cat_zipper",
    "ctx_cat_leather",
    "ctx_cat_carpet",
    "ctx_brightness",
    "ctx_contrast",
    "ctx_blur_risk",
    "ctx_saturation"
  ],
  "state_dict": {
    "b": -1.0357646942138672,
    "w_u_raw": -0.6125890016555786,
    "w_ctx": [
      -2.9113872051239014,
      1.040329098701477,
      -0.669334888458252,
      0.17190563678741455,
      0.12973588705062866,
      -0.05857662856578827,
      1.0655440092086792,
      -2.7754006385803223,
      0.2457345724105835,
      -1.943019151687622,
      -2.656257390975952,
      -0.063217893242836,
      0.44606825709342957,
      -3.8168728351593018,
      -3.438746690750122,
      -0.977580189704895,
      -0.5542866587638855,
      -0.9787091016769409,
      -1.8405784368515015
    ],
    "best_loss": 5.2018022537231445
  }
}