{
  "name": "uncertainty_grid",
  "alpha": 0.07500000000000001,
  "theta": 0.700822530388832,
  "calib_risk": 0.9336052631578947,
  "calib_coverage": 0.8
}