{
  "name": "monotone_policy_net",
  "context_cols": [
    "ctx_severity",
    "ctx_corr_motion_blur",
    "ctx_corr_shot_noise",
    "ctx_corr_elastic_transform",
    "ctx_corr_contrast",
    "ctx_corr_zoom_blur",
    "ctx_corr_saturate",
    "ctx_corr_glass_blur",
    "ctx_corr_impulse_noise",
    "ctx_corr_brightness",
    "ctx_corr_frost",
    "ctx_corr_gaussian_blur",
    "ctx_corr_speckle_noise",
    "ctx_corr_snow",
    "ctx_corr_fog",
    "ctx_corr_pixelate",
    "ctx_corr_spatter",
    "ctx_corr_jpeg_compression",
    "ctx_corr_gaussian_noise",
    "ctx_corr_defocus_blur",
    "ctx_brightness",
    "ctx_contrast",
    "ctx_blur_risk",
    "ctx_saturation"
  ],
  "state_dict": {
    "b": 0.47960829734802246,
    "w_u_raw": 2.078796863555908,
    "w_ctx": [
      1.9499841928482056,
      -0.09623419493436813,
      1.26134192943573,
      -0.644935131072998,
      0.24211519956588745,
      -0.0818694457411766,
      -1.353450059890747,
      1.543555736541748,
      1.145475149154663,
      -1.4040744304656982,
      0.13378740847110748,
      0.5423372387886047,
      0.8522616624832153,
      -0.3529829978942871,
      -0.39248016476631165,
      0.3519931733608246,
      -0.6795220971107483,
      -0.5683008432388306,
      2.1783597469329834,
      -0.1797572523355484,
      0.22089242935180664,
      0.2749842703342438,
      0.3104475736618042,
      -0.030881742015480995
    ],
    "best_loss": 0.6820855140686035
  }
}