{
  "name": "uncertainty_grid",
  "alpha": 1.1,
  "theta": 0.7601521921157838,
  "calib_risk": 0.717078947368421,
  "calib_coverage": 0.65
}