policy,wilds_split,coverage,risk,wrong_auto_rate,auto_error_rate,defer_rate,n
uaat_monotone,test,0.446706083054848,1.8297305508167605,0.06382183169358042,0.14287208998168976,0.5532939169451521,42791
