{
  "name": "monotone_policy_net",
  "context_cols": [
    "ctx_meta_location",
    "ctx_meta_sequence",
    "ctx_meta_year",
    "ctx_meta_month",
    "ctx_meta_day",
    "ctx_meta_hour"
  ],
  "state_dict": {
    "b": 0.9109219312667847,
    "w_u_raw": 4.47530460357666,
    "w_ctx": [
      -0.706135630607605,
      -0.6813750863075256,
      0.9069820642471313,
      1.5949474573135376,
      0.3451154828071594,
      -0.059977028518915176
    ],
    "best_loss": 1.3398034572601318
  }
}