policy,wilds_split,coverage,risk,wrong_auto_rate,auto_error_rate,defer_rate,n
uaat_monotone,test,0.6758664205089855,1.2825126778995584,0.19167581968170877,0.2836001521385844,0.3241335794910145,42791
