policy,wilds_split,coverage,risk,wrong_auto_rate,auto_error_rate,defer_rate,n
fixed,test,0.738800214998481,1.4373816924119556,0.23523638148208736,0.31840323907129753,0.26119978500151897,42791
