policy,coverage,risk,wrong_auto_rate,auto_error_rate,defer_rate,n
uaat_monotone,0.6758664205089855,1.2825126778995584,0.19167581968170877,0.2836001521385844,0.3241335794910145,42791
uncertainty_grid,0.7107335654693744,1.3682316374938654,0.21579304059264798,0.3036201624305396,0.2892664345306256,42791
fixed,0.738800214998481,1.4373816924119556,0.23523638148208736,0.31840323907129753,0.26119978500151897,42791
