{
  "name": "uncertainty_grid",
  "alpha": 1.975,
  "theta": -0.10502658747136588,
  "calib_risk": 0.8506972928630026,
  "calib_coverage": 0.8500136724090784
}