policy,category,coverage,risk,wrong_auto_rate,auto_error_rate,defer_rate,n
uaat_monotone,breakfast_box,0.35,2.059090909090909,0.1409090909090909,0.4025974025974026,0.65,220
uaat_monotone,juice_bottle,0.2689393939393939,1.4507575757575757,0.07196969696969698,0.2676056338028169,0.7310606060606061,264
uaat_monotone,pushpins,0.5,2.9193548387096775,0.24193548387096775,0.4838709677419355,0.5,248
uaat_monotone,screw_bag,0.7362637362637363,4.65934065934066,0.43956043956043955,0.5970149253731343,0.2637362637362637,273
uaat_monotone,splicing_connectors,0.357429718875502,2.0883534136546187,0.14457831325301204,0.4044943820224719,0.642570281124498,249
