{
  "name": "uncertainty_grid",
  "alpha": 0.0,
  "theta": 0.9215409398078919,
  "calib_risk": 0.7733114574788078,
  "calib_coverage": 0.599945310363686
}