policy,category,coverage,risk,wrong_auto_rate,auto_error_rate,defer_rate,n
uncertainty_grid,breakfast_box,0.8454545454545455,4.881818181818182,0.4727272727272727,0.5591397849462365,0.15454545454545454,220
uncertainty_grid,juice_bottle,0.553030303030303,3.1363636363636367,0.2689393939393939,0.4863013698630137,0.446969696969697,264
uncertainty_grid,pushpins,0.9274193548387096,4.951612903225806,0.4879032258064516,0.5260869565217391,0.07258064516129037,248
uncertainty_grid,screw_bag,0.9963369963369964,6.377289377289377,0.6373626373626373,0.6397058823529411,0.00366300366300365,273
uncertainty_grid,splicing_connectors,0.8112449799196787,4.566265060240964,0.43775100401606426,0.5396039603960396,0.1887550200803213,249
