policy,category,coverage,risk,wrong_auto_rate,auto_error_rate,defer_rate,n
uaat_monotone,breakfast_box,0.5909090909090909,3.454545454545455,0.30454545454545456,0.5153846153846153,0.40909090909090906,220
uaat_monotone,juice_bottle,0.4128787878787879,2.140151515151515,0.1553030303030303,0.3761467889908257,0.5871212121212122,264
uaat_monotone,pushpins,0.9435483870967742,5.096774193548387,0.5040322580645161,0.5341880341880342,0.056451612903225756,248
uaat_monotone,screw_bag,0.7985347985347986,5.146520146520147,0.4945054945054945,0.6192660550458715,0.20146520146520142,273
uaat_monotone,splicing_connectors,0.6907630522088354,3.7630522088353415,0.3453815261044177,0.5,0.3092369477911646,249
