policy,coverage,risk,wrong_auto_rate,auto_error_rate,defer_rate,n
uaat_monotone,0.6881977671451356,3.9322169059011167,0.3620414673046252,0.526071842410197,0.3118022328548644,1254
fixed,0.8261562998405104,4.791068580542264,0.46172248803827753,0.5588803088803089,0.17384370015948958,1254
uncertainty_grid,0.8261562998405104,4.791068580542264,0.46172248803827753,0.5588803088803089,0.17384370015948958,1254
