policy,wilds_split,coverage,risk,wrong_auto_rate,auto_error_rate,defer_rate,n
fixed,test,0.41139491949241663,0.7819868663971395,0.03867635717791124,0.09401272438082255,0.5886050805075833,42791
