{
  "name": "uncertainty_grid",
  "alpha": 0.0,
  "theta": 0.9266929382085801,
  "calib_risk": 0.6122504785343178,
  "calib_coverage": 0.6099261689909762
}