policy,coverage,risk,wrong_auto_rate,auto_error_rate,defer_rate,n
uaat_monotone,0.7985815789473685,0.8876092105263157,0.13723815789473684,0.17185239618929615,0.20141842105263152,760000
fixed,0.8405631578947368,1.0111934210526317,0.17035131578947368,0.2026633146950353,0.1594368421052632,760000
uncertainty_grid,0.8407236842105263,1.0115723684210527,0.1704592105263158,0.20275295406526334,0.15927631578947365,760000
