{
  "name": "uncertainty_grid",
  "alpha": 0.225,
  "theta": 0.5614175519645214,
  "calib_risk": 1.0083157894736843,
  "calib_coverage": 0.84
}