{
  "name": "monotone_policy_net",
  "context_cols": [
    "ctx_severity",
    "ctx_corr_motion_blur",
    "ctx_corr_shot_noise",
    "ctx_corr_elastic_transform",
    "ctx_corr_contrast",
    "ctx_corr_zoom_blur",
    "ctx_corr_saturate",
    "ctx_corr_glass_blur",
    "ctx_corr_impulse_noise",
    "ctx_corr_brightness",
    "ctx_corr_frost",
    "ctx_corr_gaussian_blur",
    "ctx_corr_speckle_noise",
    "ctx_corr_snow",
    "ctx_corr_fog",
    "ctx_corr_pixelate",
    "ctx_corr_spatter",
    "ctx_corr_jpeg_compression",
    "ctx_corr_gaussian_noise",
    "ctx_corr_defocus_blur",
    "ctx_brightness",
    "ctx_contrast",
    "ctx_blur_risk",
    "ctx_saturation"
  ],
  "state_dict": {
    "b": -0.24262568354606628,
    "w_u_raw": 0.3344356119632721,
    "w_ctx": [
      2.8344225883483887,
      -1.415040135383606,
      1.0590291023254395,
      -2.2495312690734863,
      -0.12892699241638184,
      -0.8854560852050781,
      -1.3043670654296875,
      0.7309660911560059,
      1.0335590839385986,
      -2.2952699661254883,
      -0.3857947289943695,
      0.17740346491336823,
      0.7983852028846741,
      -1.3125460147857666,
      -1.5993250608444214,
      0.007636719383299351,
      -2.4294047355651855,
      -1.7332178354263306,
      2.063697338104248,
      -1.039648175239563,
      -0.05760055035352707,
      -0.31896740198135376,
      -0.44163069128990173,
      -1.3246452808380127
    ],
    "best_loss": 0.919917106628418
  }
}