policy,category,coverage,risk,wrong_auto_rate,auto_error_rate,defer_rate,n
uncertainty_grid,breakfast_box,0.6636363636363637,3.745454545454545,0.3409090909090909,0.5136986301369864,0.3363636363636363,220
uncertainty_grid,juice_bottle,0.4015151515151515,1.962121212121212,0.13636363636363635,0.33962264150943394,0.5984848484848485,264
uncertainty_grid,pushpins,0.7379032258064516,4.052419354838709,0.3790322580645161,0.5136612021857924,0.2620967741935484,248
uncertainty_grid,screw_bag,0.9487179487179487,6.021978021978022,0.5970695970695971,0.6293436293436293,0.05128205128205132,273
uncertainty_grid,splicing_connectors,0.6907630522088354,3.7228915662650603,0.3413654618473896,0.4941860465116279,0.3092369477911646,249
