policy,category,coverage,risk,wrong_auto_rate,auto_error_rate,defer_rate,n
uaat_monotone,breakfast_box,0.5863636363636363,3.368181818181818,0.29545454545454547,0.5038759689922481,0.4136363636363637,220
uaat_monotone,juice_bottle,0.3712121212121212,1.878787878787879,0.125,0.336734693877551,0.6287878787878788,264
uaat_monotone,pushpins,0.5040322580645161,2.955645161290323,0.24596774193548387,0.488,0.4959677419354839,248
uaat_monotone,screw_bag,0.7838827838827839,4.978021978021978,0.47619047619047616,0.6074766355140186,0.21611721611721613,273
uaat_monotone,splicing_connectors,0.4779116465863454,2.570281124497992,0.20481927710843373,0.42857142857142855,0.5220883534136547,249
