{
  "name": "uncertainty_grid",
  "alpha": 0.0,
  "theta": 0.14542329294877182,
  "calib_risk": 4.17515923566879,
  "calib_coverage": 0.7101910828025477
}