{
  "name": "uncertainty_grid",
  "alpha": 0.0,
  "theta": 0.8769554316997528,
  "calib_risk": 0.7071369975389664,
  "calib_coverage": 0.6599671862182116
}