{
  "name": "monotone_policy_net",
  "context_cols": [
    "ctx_severity",
    "ctx_corr_fog",
    "ctx_corr_impulse_noise",
    "ctx_corr_snow",
    "ctx_corr_elastic_transform",
    "ctx_corr_zoom_blur",
    "ctx_corr_frost",
    "ctx_corr_contrast",
    "ctx_corr_pixelate",
    "ctx_corr_defocus_blur",
    "ctx_corr_saturate",
    "ctx_corr_motion_blur",
    "ctx_corr_gaussian_blur",
    "ctx_corr_speckle_noise",
    "ctx_corr_gaussian_noise",
    "ctx_corr_jpeg_compression",
    "ctx_corr_spatter",
    "ctx_corr_brightness",
    "ctx_corr_glass_blur",
    "ctx_corr_shot_noise",
    "ctx_brightness",
    "ctx_contrast",
    "ctx_blur_risk",
    "ctx_saturation"
  ],
  "state_dict": {
    "b": -1.1789097785949707,
    "w_u_raw": 0.44635072350502014,
    "w_ctx": [
      3.869983673095703,
      -1.460507869720459,
      1.124040961265564,
      -2.5480904579162598,
      -1.7524267435073853,
      -0.33115363121032715,
      -1.0527245998382568,
      0.19131061434745789,
      0.7009268403053284,
      -1.075541377067566,
      -1.2711971998214722,
      -0.7732838988304138,
      1.0683708190917969,
      0.7978071570396423,
      2.2459170818328857,
      -2.234898328781128,
      -2.4283323287963867,
      -1.7033201456069946,
      0.9135898947715759,
      1.0584325790405273,
      0.0914272889494896,
      -0.6828635931015015,
      -2.0477144718170166,
      -2.401344060897827
    ],
    "best_loss": 1.1020292043685913
  }
}