{
  "name": "uncertainty_grid",
  "alpha": 0.0,
  "theta": 0.5267250508069992,
  "calib_risk": 1.2001315789473685,
  "calib_coverage": 0.93
}