policy,coverage,risk,wrong_auto_rate,auto_error_rate,defer_rate,n
uaat_monotone,0.41739130434782606,2.655072463768116,0.2072463768115942,0.4965277777777778,0.5826086956521739,1380
fixed,0.5818840579710145,3.7876811594202895,0.33695652173913043,0.5790784557907845,0.4181159420289855,1380
uncertainty_grid,0.5818840579710145,3.7876811594202895,0.33695652173913043,0.5790784557907845,0.4181159420289855,1380
