{
  "name": "monotone_policy_net",
  "context_cols": [
    "ctx_cat_grid",
    "ctx_cat_metal_nut",
    "ctx_cat_hazelnut",
    "ctx_cat_pill",
    "ctx_cat_screw",
    "ctx_cat_toothbrush",
    "ctx_cat_capsule",
    "ctx_cat_wood",
    "ctx_cat_transistor",
    "ctx_cat_cable",
    "ctx_cat_tile",
    "ctx_cat_bottle",
    "ctx_cat_zipper",
    "ctx_cat_leather",
    "ctx_cat_carpet",
    "ctx_brightness",
    "ctx_contrast",
    "ctx_blur_risk",
    "ctx_saturation"
  ],
  "state_dict": {
    "b": -0.8139260411262512,
    "w_u_raw": 1.2009161710739136,
    "w_ctx": [
      -1.6826423406600952,
      -0.10380883514881134,
      -0.433870792388916,
      -0.6832720041275024,
      -1.0715433359146118,
      1.0488715171813965,
      -0.2258831411600113,
      -0.9820809364318848,
      -0.8503637313842773,
      -0.2815960943698883,
      -1.4938316345214844,
      -1.6142431497573853,
      0.7310187220573425,
      -2.1048760414123535,
      -0.7373137474060059,
      -0.12757843732833862,
      -0.0646858662366867,
      -0.8144615292549133,
      -1.7319566011428833
    ],
    "best_loss": 2.982182264328003
  }
}