{
  "name": "uncertainty_grid",
  "alpha": 0.0,
  "theta": 0.08136462430989272,
  "calib_risk": 3.782608695652174,
  "calib_coverage": 0.5797101449275363
}