policy,wilds_split,coverage,risk,wrong_auto_rate,auto_error_rate,defer_rate,n
fixed,test,0.7347105699796687,1.352200229020121,0.21738215979995792,0.295874550717262,0.26528943002033134,42791
