{
  "name": "uncertainty_grid",
  "alpha": 1.0250000000000001,
  "theta": 0.18923865287750954,
  "calib_risk": 0.9454470877768663,
  "calib_coverage": 0.889937106918239
}