policy,coverage,risk,wrong_auto_rate,auto_error_rate,defer_rate,n
uaat_monotone,0.48768115942028983,3.0413043478260873,0.2528985507246377,0.5185735512630015,0.5123188405797101,1380
fixed,0.7507246376811594,5.118840579710145,0.48695652173913045,0.6486486486486487,0.24927536231884062,1380
uncertainty_grid,0.7507246376811594,5.118840579710145,0.48695652173913045,0.6486486486486487,0.24927536231884062,1380
