{
  "name": "uncertainty_grid",
  "alpha": 0.0,
  "theta": 0.008956121440378977,
  "calib_risk": 4.965217391304348,
  "calib_coverage": 0.7304347826086957
}