policy,wilds_split,coverage,risk,wrong_auto_rate,auto_error_rate,defer_rate,n
uaat_monotone,test,0.3873010679815849,0.7993035918767966,0.03732093197167629,0.09636155192180051,0.6126989320184151,42791
