policy,wilds_split,coverage,risk,wrong_auto_rate,auto_error_rate,defer_rate,n
fixed,test,0.3419410623729289,0.7628706971092052,0.02096235189642682,0.0613039912520503,0.6580589376270711,42791
