{
  "name": "uncertainty_grid",
  "alpha": 1.05,
  "theta": 0.9739998227804901,
  "calib_risk": 0.6447908121410992,
  "calib_coverage": 0.43997812414547444
}