policy,category,coverage,risk,wrong_auto_rate,auto_error_rate,defer_rate,n
fixed,breakfast_box,0.8454545454545455,4.881818181818182,0.4727272727272727,0.5591397849462365,0.15454545454545454,220
fixed,juice_bottle,0.553030303030303,3.1363636363636367,0.2689393939393939,0.4863013698630137,0.446969696969697,264
fixed,pushpins,0.9032258064516129,4.814516129032258,0.4717741935483871,0.5223214285714286,0.09677419354838712,248
fixed,screw_bag,1.0,6.410256410256411,0.6410256410256411,0.6410256410256411,0.0,273
fixed,splicing_connectors,0.8313253012048193,4.746987951807229,0.4578313253012048,0.5507246376811594,0.1686746987951807,249
