policy,coverage,risk,wrong_auto_rate,auto_error_rate,defer_rate,n
uaat_monotone,0.7327709097707462,1.5942604753335983,0.2654062770208689,0.3621954330909555,0.2672290902292538,42791
fixed,0.8399897174639527,1.9262695426608398,0.3532518520249585,0.4205430669931004,0.16001028253604732,42791
uncertainty_grid,0.8399897174639527,1.9262695426608398,0.3532518520249585,0.4205430669931004,0.16001028253604732,42791
