{
  "name": "uncertainty_grid",
  "alpha": 0.0,
  "theta": 0.4360213816165924,
  "calib_risk": 1.319524200164069,
  "calib_coverage": 0.9499589827727646
}