policy,wilds_split,coverage,risk,wrong_auto_rate,auto_error_rate,defer_rate,n
uncertainty_grid,test,0.5275642074267953,0.9641279708349887,0.09833843565235681,0.18640088593576964,0.47243579257320467,42791
