policy,wilds_split,coverage,risk,wrong_auto_rate,auto_error_rate,defer_rate,n
uaat_monotone,test,0.5238952116099179,0.9589165946110164,0.09656236124418686,0.18431617450263182,0.4761047883900821,42791
