policy,coverage,risk,wrong_auto_rate,auto_error_rate,defer_rate,n
uaat_monotone,0.5238952116099179,0.9589165946110164,0.09656236124418686,0.18431617450263182,0.4761047883900821,42791
fixed,0.5275642074267953,0.9641279708349887,0.09833843565235681,0.18640088593576964,0.47243579257320467,42791
uncertainty_grid,0.5275642074267953,0.9641279708349887,0.09833843565235681,0.18640088593576964,0.47243579257320467,42791
