{
  "name": "uncertainty_grid",
  "alpha": 0.0,
  "theta": 0.7943169212341309,
  "calib_risk": 0.6840306261963358,
  "calib_coverage": 0.7199890620727372
}