{
  "name": "uncertainty_grid",
  "alpha": 0.0,
  "theta": 0.015915900105532125,
  "calib_risk": 4.736231884057971,
  "calib_coverage": 0.6985507246376812
}