{
  "name": "uncertainty_grid",
  "alpha": 0.0,
  "theta": 7.206073762831228e-06,
  "calib_risk": 1.3594202898550725,
  "calib_coverage": 0.8985507246376812
}