policy,wilds_split,coverage,risk,wrong_auto_rate,auto_error_rate,defer_rate,n
fixed,test,0.6060152835876703,1.027295459325559,0.12666214858264588,0.20900817522751813,0.3939847164123297,42791
