{
  "name": "uncertainty_grid",
  "alpha": 2.475,
  "theta": 0.08569642852246762,
  "calib_risk": 0.7377631938747607,
  "calib_coverage": 0.7899917965545529
}