policy,coverage,risk,wrong_auto_rate,auto_error_rate,defer_rate,n
uaat_monotone,0.4855072463768116,3.0,0.24855072463768116,0.5119402985074627,0.5144927536231885,1380
fixed,0.65,4.328260869565217,0.3978260869565217,0.6120401337792643,0.35,1380
uncertainty_grid,0.65,4.328260869565217,0.3978260869565217,0.6120401337792643,0.35,1380
