{
  "name": "uncertainty_grid",
  "alpha": 0.0,
  "theta": 0.040994392619328454,
  "calib_risk": 4.089855072463768,
  "calib_coverage": 0.6202898550724638
}