{
  "name": "monotone_policy_net",
  "context_cols": [
    "ctx_cat_hazelnut",
    "ctx_cat_bottle",
    "ctx_cat_toothbrush",
    "ctx_cat_pill",
    "ctx_cat_carpet",
    "ctx_cat_wood",
    "ctx_cat_grid",
    "ctx_cat_capsule",
    "ctx_cat_metal_nut",
    "ctx_cat_tile",
    "ctx_cat_transistor",
    "ctx_cat_leather",
    "ctx_cat_cable",
    "ctx_cat_screw",
    "ctx_cat_zipper",
    "ctx_brightness",
    "ctx_contrast",
    "ctx_blur_risk",
    "ctx_saturation"
  ],
  "state_dict": {
    "b": -0.9149721264839172,
    "w_u_raw": 0.871550977230072,
    "w_ctx": [
      -1.1429641246795654,
      -0.805861234664917,
      -0.12181501090526581,
      -0.17516940832138062,
      -0.17077605426311493,
      -1.979117512702942,
      -3.392915964126587,
      0.5758844614028931,
      -0.383950799703598,
      -1.0372852087020874,
      -0.11342214792966843,
      -1.5451476573944092,
      -1.0554028749465942,
      -0.52616947889328,
      -0.07068613171577454,
      -0.4907546043395996,
      -0.13960203528404236,
      -0.8951005339622498,
      -1.784629225730896
    ],
    "best_loss": 3.29239559173584
  }
}