policy,wilds_split,coverage,risk,wrong_auto_rate,auto_error_rate,defer_rate,n
fixed,test,0.5424505152952723,1.0773059755556076,0.12395129817017597,0.22850249870756506,0.45754948470472767,42791
