policy,wilds_split,coverage,risk,wrong_auto_rate,auto_error_rate,defer_rate,n
uaat_monotone,test,0.49631931948306884,0.9716529176696034,0.09359444743053445,0.18857707882098126,0.5036806805169312,42791
