{
  "name": "uncertainty_grid",
  "alpha": 2.6750000000000003,
  "theta": 0.28146739286184314,
  "calib_risk": 0.7872573147388571,
  "calib_coverage": 0.7199890620727372
}