{
  "name": "uncertainty_grid",
  "alpha": 0.0,
  "theta": 3.738878276021421e-06,
  "calib_risk": 3.2463768115942027,
  "calib_coverage": 0.8985507246376812
}