policy,wilds_split,coverage,risk,wrong_auto_rate,auto_error_rate,defer_rate,n
uncertainty_grid,test,0.6806104087308079,1.4241779813512188,0.2209576780164053,0.3246463397884906,0.3193895912691921,42791
