policy,wilds_split,coverage,risk,wrong_auto_rate,auto_error_rate,defer_rate,n
uaat_monotone,test,0.6255754714776471,1.279871935687411,0.18108948143301162,0.2894766334192536,0.37442452852235286,42791
