policy,coverage,risk,wrong_auto_rate,auto_error_rate,defer_rate,n
uaat_monotone,0.6255754714776471,1.279871935687411,0.18108948143301162,0.2894766334192536,0.37442452852235286,42791
uncertainty_grid,0.6806104087308079,1.4241779813512188,0.2209576780164053,0.3246463397884906,0.3193895912691921,42791
fixed,0.6945152017947699,1.4729031805753547,0.2334836764740249,0.33618224031764193,0.3054847982052301,42791
