{
  "name": "uncertainty_grid",
  "alpha": 2.9250000000000003,
  "theta": -0.32121772390604003,
  "calib_risk": 1.0895542794640416,
  "calib_coverage": 0.8599945310363686
}