policy,category,coverage,risk,wrong_auto_rate,auto_error_rate,defer_rate,n
uaat_monotone,breakfast_box,0.7363636363636363,4.127272727272727,0.38636363636363635,0.5246913580246914,0.26363636363636367,220
uaat_monotone,juice_bottle,0.5037878787878788,2.693181818181818,0.2196969696969697,0.43609022556390975,0.4962121212121212,264
uaat_monotone,pushpins,0.6088709677419355,3.495967741935484,0.31048387096774194,0.5099337748344371,0.3911290322580645,248
uaat_monotone,screw_bag,0.9267399267399268,5.860805860805861,0.5787545787545788,0.6245059288537549,0.07326007326007322,273
uaat_monotone,splicing_connectors,0.7751004016064257,4.281124497991968,0.40562248995983935,0.5233160621761658,0.22489959839357432,249
