policy,category,coverage,risk,wrong_auto_rate,auto_error_rate,defer_rate,n
fixed,breakfast_box,0.9681818181818181,5.986363636363637,0.5954545454545455,0.6150234741784038,0.03181818181818186,220
fixed,juice_bottle,0.8068181818181818,5.420454545454545,0.5227272727272727,0.647887323943662,0.19318181818181823,264
fixed,pushpins,0.9879032258064516,5.455645161290322,0.5443548387096774,0.5510204081632653,0.012096774193548376,248
fixed,screw_bag,1.0,6.410256410256411,0.6410256410256411,0.6410256410256411,0.0,273
fixed,splicing_connectors,0.9718875502008032,5.931726907630523,0.5903614457831325,0.6074380165289256,0.028112449799196804,249
