{
  "name": "uncertainty_grid",
  "alpha": 0.0,
  "theta": 0.00013412957833086806,
  "calib_risk": 5.792993630573248,
  "calib_coverage": 0.9394904458598726
}