policy,coverage,risk,wrong_auto_rate,auto_error_rate,defer_rate,n
uaat_monotone,0.6681311490734033,1.4544179850903225,0.2245098268327452,0.3360265827212312,0.3318688509265967,42791
uncertainty_grid,0.7425626884157883,1.6479166179804166,0.27809586127924096,0.3745082612116444,0.2574373115842117,42791
fixed,0.7463017924329882,1.661237176041691,0.28150779369493584,0.3772036950054799,0.2536982075670118,42791
