{
  "name": "uncertainty_grid",
  "alpha": 0.225,
  "theta": 0.4797095615044237,
  "calib_risk": 0.906754170084769,
  "calib_coverage": 0.8500136724090784
}