{
  "name": "uncertainty_grid",
  "alpha": 0.0,
  "theta": 0.2572329078897361,
  "calib_risk": 2.628985507246377,
  "calib_coverage": 0.4
}