policy,category,coverage,risk,wrong_auto_rate,auto_error_rate,defer_rate,n
uaat_monotone,breakfast_box,0.35,2.059090909090909,0.1409090909090909,0.4025974025974026,0.65,220
uaat_monotone,juice_bottle,0.2727272727272727,1.4848484848484849,0.07575757575757576,0.2777777777777778,0.7272727272727273,264
uaat_monotone,pushpins,0.24193548387096775,1.967741935483871,0.12096774193548387,0.5,0.7580645161290323,248
uaat_monotone,screw_bag,0.28205128205128205,2.0,0.1282051282051282,0.45454545454545453,0.717948717948718,273
uaat_monotone,splicing_connectors,0.357429718875502,2.0883534136546187,0.14457831325301204,0.4044943820224719,0.642570281124498,249
