policy,category,coverage,risk,wrong_auto_rate,auto_error_rate,defer_rate,n
uncertainty_grid,breakfast_box,0.37727272727272726,2.122727272727273,0.15,0.39759036144578314,0.6227272727272728,220
uncertainty_grid,juice_bottle,0.26136363636363635,1.4204545454545454,0.06818181818181818,0.2608695652173913,0.7386363636363636,264
uncertainty_grid,pushpins,0.45161290322580644,2.7661290322580645,0.2217741935483871,0.49107142857142855,0.5483870967741935,248
uncertainty_grid,screw_bag,0.6373626373626373,3.9523809523809526,0.358974358974359,0.5632183908045977,0.3626373626373627,273
uncertainty_grid,splicing_connectors,0.4578313253012048,2.5502008032128516,0.20080321285140562,0.43859649122807015,0.5421686746987953,249
