{
  "name": "uncertainty_grid",
  "alpha": 0.0,
  "theta": 0.37705437089688965,
  "calib_risk": 2.7898089171974525,
  "calib_coverage": 0.4713375796178344
}