{
  "name": "uncertainty_grid",
  "alpha": 0.0,
  "theta": 9.100235139541078e-07,
  "calib_risk": 6.57391304347826,
  "calib_coverage": 0.9188405797101449
}