policy,wilds_split,coverage,risk,wrong_auto_rate,auto_error_rate,defer_rate,n
uncertainty_grid,test,0.3672267532892431,0.691664134981655,0.011778177654179618,0.032073310423825885,0.632773246710757,42791
