policy,wilds_split,coverage,risk,wrong_auto_rate,auto_error_rate,defer_rate,n
fixed,test,0.36750718609053307,0.6923184781846651,0.011965132855039612,0.032557548009665524,0.632492813909467,42791
