{
  "name": "uncertainty_grid",
  "alpha": 0.9,
  "theta": 0.9617955984547735,
  "calib_risk": 0.572463768115942,
  "calib_coverage": 0.5
}