{
  "name": "monotone_policy_net",
  "context_cols": [
    "ctx_severity",
    "ctx_corr_fog",
    "ctx_corr_impulse_noise",
    "ctx_corr_snow",
    "ctx_corr_elastic_transform",
    "ctx_corr_zoom_blur",
    "ctx_corr_frost",
    "ctx_corr_contrast",
    "ctx_corr_pixelate",
    "ctx_corr_defocus_blur",
    "ctx_corr_saturate",
    "ctx_corr_motion_blur",
    "ctx_corr_gaussian_blur",
    "ctx_corr_speckle_noise",
    "ctx_corr_gaussian_noise",
    "ctx_corr_jpeg_compression",
    "ctx_corr_spatter",
    "ctx_corr_brightness",
    "ctx_corr_glass_blur",
    "ctx_corr_shot_noise",
    "ctx_brightness",
    "ctx_contrast",
    "ctx_blur_risk",
    "ctx_saturation"
  ],
  "state_dict": {
    "b": -0.2849872410297394,
    "w_u_raw": 0.3110637664794922,
    "w_ctx": [
      3.1085352897644043,
      -1.7955447435379028,
      0.9586890339851379,
      -1.7969383001327515,
      -1.7511448860168457,
      -0.6538362503051758,
      -0.5635948777198792,
      -0.04139632359147072,
      -0.038012877106666565,
      -1.014171838760376,
      -1.9853651523590088,
      -0.45960819721221924,
      0.3005278706550598,
      0.6326133608818054,
      2.1486353874206543,
      -1.366827368736267,
      -2.597449541091919,
      -2.0763890743255615,
      0.5870023965835571,
      0.9492414593696594,
      -0.22797416150569916,
      -0.3538626432418823,
      -0.733881413936615,
      -2.0191292762756348
    ],
    "best_loss": 0.9574071168899536
  }
}