{
  "name": "uncertainty_grid",
  "alpha": 0.275,
  "theta": 0.5008718420267105,
  "calib_risk": 1.0464736842105262,
  "calib_coverage": 0.86
}