policy,category,coverage,risk,wrong_auto_rate,auto_error_rate,defer_rate,n
fixed,breakfast_box,0.5,2.8636363636363638,0.23636363636363636,0.4727272727272727,0.5,220
fixed,juice_bottle,0.3522727272727273,1.8977272727272727,0.125,0.3548387096774194,0.6477272727272727,264
fixed,pushpins,0.6491935483870968,3.536290322580645,0.3185483870967742,0.4906832298136646,0.35080645161290325,248
fixed,screw_bag,0.7912087912087912,5.08058608058608,0.48717948717948717,0.6157407407407407,0.20879120879120883,273
fixed,splicing_connectors,0.5381526104417671,2.8714859437751,0.24096385542168675,0.44776119402985076,0.4618473895582329,249
