{
  "name": "uncertainty_grid",
  "alpha": 0.0,
  "theta": 0.267858141229427,
  "calib_risk": 2.996815286624204,
  "calib_coverage": 0.5191082802547771
}