policy,category,coverage,risk,wrong_auto_rate,auto_error_rate,defer_rate,n
uncertainty_grid,breakfast_box,0.4909090909090909,2.827272727272727,0.2318181818181818,0.4722222222222222,0.509090909090909,220
uncertainty_grid,juice_bottle,0.3371212121212121,1.875,0.12121212121212122,0.3595505617977528,0.6628787878787878,264
uncertainty_grid,pushpins,0.5282258064516129,2.8911290322580645,0.24193548387096775,0.4580152671755725,0.4717741935483871,248
uncertainty_grid,screw_bag,0.7472527472527473,4.684981684981685,0.4432234432234432,0.5931372549019608,0.25274725274725274,273
uncertainty_grid,splicing_connectors,0.4979919678714859,2.630522088353414,0.21285140562248997,0.4274193548387097,0.5020080321285141,249
