policy,coverage,risk,wrong_auto_rate,auto_error_rate,defer_rate,n
uaat_monotone,0.4609250398724083,2.7559808612440193,0.22169059011164274,0.4809688581314879,0.5390749601275917,1254
fixed,0.5231259968102073,3.0047846889952154,0.2527910685805423,0.48323170731707316,0.4768740031897927,1254
uncertainty_grid,0.5231259968102073,3.0047846889952154,0.2527910685805423,0.48323170731707316,0.4768740031897927,1254
