{
  "name": "uncertainty_grid",
  "alpha": 0.0,
  "theta": 0.30233118120770014,
  "calib_risk": 2.8980891719745223,
  "calib_coverage": 0.49044585987261147
}