{
  "name": "uncertainty_grid",
  "alpha": 0.0,
  "theta": 0.021535992735585763,
  "calib_risk": 2.5043478260869563,
  "calib_coverage": 0.6985507246376812
}