{
  "name": "monotone_policy_net",
  "context_cols": [
    "ctx_cat_grid",
    "ctx_cat_metal_nut",
    "ctx_cat_hazelnut",
    "ctx_cat_pill",
    "ctx_cat_screw",
    "ctx_cat_toothbrush",
    "ctx_cat_capsule",
    "ctx_cat_wood",
    "ctx_cat_transistor",
    "ctx_cat_cable",
    "ctx_cat_tile",
    "ctx_cat_bottle",
    "ctx_cat_zipper",
    "ctx_cat_leather",
    "ctx_cat_carpet",
    "ctx_brightness",
    "ctx_contrast",
    "ctx_blur_risk",
    "ctx_saturation"
  ],
  "state_dict": {
    "b": -0.9073194265365601,
    "w_u_raw": -0.49117374420166016,
    "w_ctx": [
      -2.6994950771331787,
      0.8214371800422668,
      -0.8283018469810486,
      0.37859225273132324,
      -0.019608771428465843,
      0.2995811700820923,
      0.974861204624176,
      -1.9215775728225708,
      0.023216737434267998,
      -1.9031392335891724,
      -2.4286975860595703,
      -0.31962692737579346,
      0.2051917463541031,
      -3.536299467086792,
      -2.900603771209717,
      -0.8503992557525635,
      -0.4646925628185272,
      -0.8570991158485413,
      -1.5937225818634033
    ],
    "best_loss": 2.30311918258667
  }
}