{
  "name": "monotone_policy_net",
  "context_cols": [
    "ctx_cat_hazelnut",
    "ctx_cat_bottle",
    "ctx_cat_toothbrush",
    "ctx_cat_pill",
    "ctx_cat_carpet",
    "ctx_cat_wood",
    "ctx_cat_grid",
    "ctx_cat_capsule",
    "ctx_cat_metal_nut",
    "ctx_cat_tile",
    "ctx_cat_transistor",
    "ctx_cat_leather",
    "ctx_cat_cable",
    "ctx_cat_screw",
    "ctx_cat_zipper",
    "ctx_brightness",
    "ctx_contrast",
    "ctx_blur_risk",
    "ctx_saturation"
  ],
  "state_dict": {
    "b": -1.167518973350525,
    "w_u_raw": 1.9039775133132935,
    "w_ctx": [
      -0.9441694021224976,
      -1.9679772853851318,
      -0.15316833555698395,
      -0.9030808806419373,
      -1.0308340787887573,
      -3.332061529159546,
      0.5323394536972046,
      -0.7456786036491394,
      -1.023076057434082,
      -2.0568320751190186,
      -0.9785769581794739,
      -2.4830996990203857,
      -1.0717393159866333,
      -0.4271162450313568,
      -0.8970431685447693,
      1.2744344472885132,
      -0.17194877564907074,
      -1.1254758834838867,
      -0.5166231393814087
    ],
    "best_loss": 2.5724170207977295
  }
}