{
  "name": "uncertainty_grid",
  "alpha": 0.0,
  "theta": 0.11315863180288163,
  "calib_risk": 3.301449275362319,
  "calib_coverage": 0.5101449275362319
}