{
  "name": "monotone_policy_net",
  "context_cols": [
    "ctx_severity",
    "ctx_corr_fog",
    "ctx_corr_impulse_noise",
    "ctx_corr_snow",
    "ctx_corr_elastic_transform",
    "ctx_corr_zoom_blur",
    "ctx_corr_frost",
    "ctx_corr_contrast",
    "ctx_corr_pixelate",
    "ctx_corr_defocus_blur",
    "ctx_corr_saturate",
    "ctx_corr_motion_blur",
    "ctx_corr_gaussian_blur",
    "ctx_corr_speckle_noise",
    "ctx_corr_gaussian_noise",
    "ctx_corr_jpeg_compression",
    "ctx_corr_spatter",
    "ctx_corr_brightness",
    "ctx_corr_glass_blur",
    "ctx_corr_shot_noise",
    "ctx_brightness",
    "ctx_contrast",
    "ctx_blur_risk",
    "ctx_saturation"
  ],
  "state_dict": {
    "b": 0.31349635124206543,
    "w_u_raw": 1.7053653001785278,
    "w_ctx": [
      2.142285108566284,
      -1.0895761251449585,
      1.1552197933197021,
      -0.8390548229217529,
      -1.1585350036621094,
      -0.13150432705879211,
      -0.01987770013511181,
      0.2029447704553604,
      0.24735110998153687,
      -0.23127774894237518,
      -0.8978731632232666,
      -0.2879755198955536,
      0.4872913658618927,
      0.7860150933265686,
      2.05959415435791,
      -0.7898756265640259,
      -1.163501262664795,
      -1.363897442817688,
      1.1136491298675537,
      1.128793716430664,
      0.13808150589466095,
      0.10385454446077347,
      0.15367750823497772,
      -0.4921059012413025
    ],
    "best_loss": 0.7212002873420715
  }
}