policy,category,coverage,risk,wrong_auto_rate,auto_error_rate,defer_rate,n
uncertainty_grid,breakfast_box,0.9636363636363636,5.945454545454545,0.5909090909090909,0.6132075471698113,0.036363636363636376,220
uncertainty_grid,juice_bottle,0.7765151515151515,5.1477272727272725,0.49242424242424243,0.6341463414634146,0.2234848484848485,264
uncertainty_grid,pushpins,0.9798387096774194,5.383064516129032,0.5362903225806451,0.5473251028806584,0.020161290322580627,248
uncertainty_grid,screw_bag,1.0,6.410256410256411,0.6410256410256411,0.6410256410256411,0.0,273
uncertainty_grid,splicing_connectors,0.9678714859437751,5.8955823293172696,0.5863453815261044,0.6058091286307054,0.032128514056224855,249
