policy,coverage,risk,wrong_auto_rate,auto_error_rate,defer_rate,n
uaat_monotone,0.773524720893142,4.421052631578948,0.4194577352472089,0.5422680412371134,0.22647527910685805,1254
fixed,0.9362041467304625,5.757575757575758,0.569377990430622,0.6081771720613288,0.06379585326953752,1254
uncertainty_grid,0.9362041467304625,5.757575757575758,0.569377990430622,0.6081771720613288,0.06379585326953752,1254
