policy,category,coverage,risk,wrong_auto_rate,auto_error_rate,defer_rate,n
uncertainty_grid,breakfast_box,0.8818181818181818,5.209090909090908,0.509090909090909,0.5773195876288659,0.11818181818181817,220
uncertainty_grid,juice_bottle,0.6401515151515151,3.9204545454545454,0.3560606060606061,0.5562130177514792,0.35984848484848486,264
uncertainty_grid,pushpins,0.9556451612903226,5.165322580645161,0.5120967741935484,0.5358649789029536,0.04435483870967738,248
uncertainty_grid,screw_bag,1.0,6.410256410256411,0.6410256410256411,0.6410256410256411,0.0,273
uncertainty_grid,splicing_connectors,0.8835341365461847,5.136546184738956,0.5020080321285141,0.5681818181818182,0.11646586345381527,249
