policy,category,coverage,risk,wrong_auto_rate,auto_error_rate,defer_rate,n
uaat_monotone,breakfast_box,0.8,4.5636363636363635,0.43636363636363634,0.5454545454545454,0.19999999999999996,220
uaat_monotone,juice_bottle,0.3712121212121212,2.0681818181818183,0.14393939393939395,0.3877551020408163,0.6287878787878788,264
uaat_monotone,pushpins,0.9354838709677419,5.064516129032258,0.5,0.5344827586206896,0.06451612903225812,248
uaat_monotone,screw_bag,0.9413919413919414,5.956043956043956,0.5897435897435898,0.6264591439688716,0.05860805860805862,273
uaat_monotone,splicing_connectors,0.6987951807228916,3.835341365461847,0.3534136546184739,0.5057471264367817,0.3012048192771084,249
