{
  "name": "monotone_policy_net",
  "context_cols": [
    "ctx_cat_splicing_connectors",
    "ctx_cat_screw_bag",
    "ctx_cat_pushpins",
    "ctx_cat_breakfast_box",
    "ctx_cat_juice_bottle",
    "ctx_brightness",
    "ctx_contrast",
    "ctx_blur_risk",
    "ctx_saturation"
  ],
  "state_dict": {
    "b": -0.8130649924278259,
    "w_u_raw": -0.12663182616233826,
    "w_ctx": [
      -0.12378865480422974,
      -0.3246440589427948,
      -2.180793285369873,
      -0.5526600480079651,
      0.4155243933200836,
      -0.9176385402679443,
      -1.1455477476119995,
      -0.8040065169334412,
      -1.1963958740234375
    ],
    "best_loss": 4.406986236572266
  }
}