{
  "name": "monotone_policy_net",
  "context_cols": [
    "ctx_cat_hazelnut",
    "ctx_cat_bottle",
    "ctx_cat_toothbrush",
    "ctx_cat_pill",
    "ctx_cat_carpet",
    "ctx_cat_wood",
    "ctx_cat_grid",
    "ctx_cat_capsule",
    "ctx_cat_metal_nut",
    "ctx_cat_tile",
    "ctx_cat_transistor",
    "ctx_cat_leather",
    "ctx_cat_cable",
    "ctx_cat_screw",
    "ctx_cat_zipper",
    "ctx_brightness",
    "ctx_contrast",
    "ctx_blur_risk",
    "ctx_saturation"
  ],
  "state_dict": {
    "b": -1.1307834386825562,
    "w_u_raw": -0.702537477016449,
    "w_ctx": [
      -0.5193584561347961,
      -2.3997421264648438,
      0.5991659760475159,
      0.7872541546821594,
      -3.6025853157043457,
      -4.038352012634277,
      -2.373415470123291,
      0.900078535079956,
      -0.27382969856262207,
      -0.07264591753482819,
      -0.2926044464111328,
      -3.238633394241333,
      -0.5373939275741577,
      -0.6497281193733215,
      -2.2041895389556885,
      -1.1545039415359497,
      -0.9448065757751465,
      -1.07160484790802,
      -1.3868365287780762
    ],
    "best_loss": 5.568039417266846
  }
}