{
  "name": "uncertainty_grid",
  "alpha": 0.0,
  "theta": 3.4333146186112678e-06,
  "calib_risk": 6.495652173913044,
  "calib_coverage": 0.9101449275362319
}