{
  "name": "monotone_policy_net",
  "context_cols": [
    "ctx_severity",
    "ctx_corr_motion_blur",
    "ctx_corr_shot_noise",
    "ctx_corr_elastic_transform",
    "ctx_corr_contrast",
    "ctx_corr_zoom_blur",
    "ctx_corr_saturate",
    "ctx_corr_glass_blur",
    "ctx_corr_impulse_noise",
    "ctx_corr_brightness",
    "ctx_corr_frost",
    "ctx_corr_gaussian_blur",
    "ctx_corr_speckle_noise",
    "ctx_corr_snow",
    "ctx_corr_fog",
    "ctx_corr_pixelate",
    "ctx_corr_spatter",
    "ctx_corr_jpeg_compression",
    "ctx_corr_gaussian_noise",
    "ctx_corr_defocus_blur",
    "ctx_brightness",
    "ctx_contrast",
    "ctx_blur_risk",
    "ctx_saturation"
  ],
  "state_dict": {
    "b": 0.9271622896194458,
    "w_u_raw": 1.7994093894958496,
    "w_ctx": [
      1.748781442642212,
      0.5163838863372803,
      1.8902418613433838,
      -0.33213403820991516,
      0.24906344711780548,
      0.3406723141670227,
      -0.7750541567802429,
      2.582756519317627,
      1.7506000995635986,
      -1.1697912216186523,
      0.5602980256080627,
      0.5948413014411926,
      1.3841331005096436,
      0.19434472918510437,
      -0.19220928847789764,
      0.719515860080719,
      -0.18981684744358063,
      0.10983192920684814,
      2.9307429790496826,
      -0.060016099363565445,
      0.7624607086181641,
      0.7892934679985046,
      0.8555869460105896,
      0.6292586326599121
    ],
    "best_loss": 0.6761279702186584
  }
}