{
  "name": "uncertainty_grid",
  "alpha": 2.9250000000000003,
  "theta": 0.9121903793835082,
  "calib_risk": 0.6385000000000001,
  "calib_coverage": 0.49
}