{
  "name": "uncertainty_grid",
  "alpha": 2.975,
  "theta": 0.38718946113809877,
  "calib_risk": 0.7382631578947367,
  "calib_coverage": 0.67
}