{
  "name": "monotone_policy_net",
  "context_cols": [
    "ctx_severity",
    "ctx_corr_fog",
    "ctx_corr_impulse_noise",
    "ctx_corr_snow",
    "ctx_corr_elastic_transform",
    "ctx_corr_zoom_blur",
    "ctx_corr_frost",
    "ctx_corr_contrast",
    "ctx_corr_pixelate",
    "ctx_corr_defocus_blur",
    "ctx_corr_saturate",
    "ctx_corr_motion_blur",
    "ctx_corr_gaussian_blur",
    "ctx_corr_speckle_noise",
    "ctx_corr_gaussian_noise",
    "ctx_corr_jpeg_compression",
    "ctx_corr_spatter",
    "ctx_corr_brightness",
    "ctx_corr_glass_blur",
    "ctx_corr_shot_noise",
    "ctx_brightness",
    "ctx_contrast",
    "ctx_blur_risk",
    "ctx_saturation"
  ],
  "state_dict": {
    "b": 0.39617419242858887,
    "w_u_raw": 1.8586552143096924,
    "w_ctx": [
      2.1174190044403076,
      -0.8474423885345459,
      1.1655917167663574,
      -0.4985198378562927,
      -1.1046340465545654,
      -0.18664656579494476,
      0.012376376427710056,
      0.20943988859653473,
      0.34726861119270325,
      -0.19391755759716034,
      -0.6909484267234802,
      -0.2507126033306122,
      0.5095628499984741,
      0.8415083289146423,
      2.096658945083618,
      -0.7762364745140076,
      -1.0974302291870117,
      -1.1989660263061523,
      1.4291139841079712,
      1.1823813915252686,
      0.20625075697898865,
      0.233921617269516,
      0.23341622948646545,
      -0.27752894163131714
    ],
    "best_loss": 0.6946003437042236
  }
}