{
  "name": "uncertainty_grid",
  "alpha": 1.5,
  "theta": 0.183064199090004,
  "calib_risk": 1.0440251572327044,
  "calib_coverage": 0.8398960896910036
}