{
  "name": "uncertainty_grid",
  "alpha": 0.0,
  "theta": 0.07769848166800002,
  "calib_risk": 3.773913043478261,
  "calib_coverage": 0.5884057971014492
}