{
  "name": "monotone_policy_net",
  "context_cols": [
    "ctx_cat_toothbrush",
    "ctx_cat_grid",
    "ctx_cat_capsule",
    "ctx_cat_hazelnut",
    "ctx_cat_carpet",
    "ctx_cat_cable",
    "ctx_cat_leather",
    "ctx_cat_pill",
    "ctx_cat_screw",
    "ctx_cat_transistor",
    "ctx_cat_metal_nut",
    "ctx_cat_wood",
    "ctx_cat_tile",
    "ctx_cat_zipper",
    "ctx_cat_bottle",
    "ctx_brightness",
    "ctx_contrast",
    "ctx_blur_risk",
    "ctx_saturation"
  ],
  "state_dict": {
    "b": -0.9301223158836365,
    "w_u_raw": 1.7414655685424805,
    "w_ctx": [
      0.36116325855255127,
      -1.7400785684585571,
      0.4391675591468811,
      -0.4967723488807678,
      -0.6525253057479858,
      -1.305843710899353,
      -2.5053505897521973,
      -0.7951127290725708,
      -0.49111953377723694,
      -0.9971923828125,
      -1.051141619682312,
      -2.238449811935425,
      -1.5632550716400146,
      1.1600143909454346,
      -0.9676952362060547,
      -0.3068017065525055,
      -0.15178707242012024,
      -0.8915374875068665,
      -1.5689663887023926
    ],
    "best_loss": 2.965371608734131
  }
}