{
  "name": "monotone_policy_net",
  "context_cols": [
    "ctx_cat_leather",
    "ctx_cat_hazelnut",
    "ctx_cat_bottle",
    "ctx_cat_carpet",
    "ctx_cat_metal_nut",
    "ctx_cat_grid",
    "ctx_cat_transistor",
    "ctx_cat_capsule",
    "ctx_cat_cable",
    "ctx_cat_toothbrush",
    "ctx_cat_screw",
    "ctx_cat_wood",
    "ctx_cat_zipper",
    "ctx_cat_tile",
    "ctx_cat_pill",
    "ctx_brightness",
    "ctx_contrast",
    "ctx_blur_risk",
    "ctx_saturation"
  ],
  "state_dict": {
    "b": -0.9720547795295715,
    "w_u_raw": 3.7498090267181396,
    "w_ctx": [
      -2.3167550563812256,
      -1.5555390119552612,
      -0.701198935508728,
      -0.8352741003036499,
      0.8947983384132385,
      -1.165218710899353,
      -1.1961086988449097,
      -0.44516512751579285,
      -1.0709985494613647,
      0.43513476848602295,
      -1.566114902496338,
      -2.3050708770751953,
      -2.1280481815338135,
      -0.4613446295261383,
      1.6109004020690918,
      0.3389846980571747,
      -0.9851884841918945,
      -1.0859699249267578,
      -5.2707672119140625
    ],
    "best_loss": 2.2203238010406494
  }
}