policy,wilds_split,coverage,risk,wrong_auto_rate,auto_error_rate,defer_rate,n
fixed,test,0.40344932345586687,0.7982285994718515,0.04033558458554369,0.09997683039851714,0.5965506765441331,42791
