policy,wilds_split,coverage,risk,wrong_auto_rate,auto_error_rate,defer_rate,n
uaat_monotone,test,0.42345352994788626,0.826715898202893,0.05003388563015587,0.11815673289183223,0.5765464700521137,42791
