{
  "name": "uncertainty_grid",
  "alpha": 0.07500000000000001,
  "theta": 0.9430336378514766,
  "calib_risk": 0.5787530762920426,
  "calib_coverage": 0.5600218758545256
}