policy,coverage,risk,wrong_auto_rate,auto_error_rate,defer_rate,n
uaat_monotone,0.7902486842105263,0.872053947368421,0.13246052631578947,0.16761878755688167,0.2097513157894737,760000
fixed,0.8307526315789474,0.9932407894736842,0.16479868421052632,0.19837275013779515,0.1692473684210526,760000
uncertainty_grid,0.8307526315789474,0.9932407894736842,0.16479868421052632,0.19837275013779515,0.1692473684210526,760000
