{
  "name": "monotone_policy_net",
  "context_cols": [
    "ctx_severity",
    "ctx_corr_gaussian_noise",
    "ctx_corr_pixelate",
    "ctx_corr_frost",
    "ctx_corr_fog",
    "ctx_corr_brightness",
    "ctx_corr_glass_blur",
    "ctx_corr_gaussian_blur",
    "ctx_corr_snow",
    "ctx_corr_contrast",
    "ctx_corr_impulse_noise",
    "ctx_corr_zoom_blur",
    "ctx_corr_elastic_transform",
    "ctx_corr_saturate",
    "ctx_corr_defocus_blur",
    "ctx_corr_jpeg_compression",
    "ctx_corr_motion_blur",
    "ctx_corr_shot_noise",
    "ctx_corr_spatter",
    "ctx_corr_speckle_noise",
    "ctx_brightness",
    "ctx_contrast",
    "ctx_blur_risk",
    "ctx_saturation"
  ],
  "state_dict": {
    "b": -0.21304379403591156,
    "w_u_raw": 0.6377623081207275,
    "w_ctx": [
      2.928898811340332,
      2.234715461730957,
      -0.07583983987569809,
      -0.21490781009197235,
      -2.1494672298431396,
      -2.421640157699585,
      0.8243025541305542,
      0.21391630172729492,
      -2.0377039909362793,
      -0.0819711983203888,
      1.0463435649871826,
      -0.6058349609375,
      -1.6216051578521729,
      -1.9280816316604614,
      -1.1793142557144165,
      -1.6358596086502075,
      -0.4938514530658722,
      0.9451539516448975,
      -2.1023852825164795,
      0.3748227655887604,
      -0.14916417002677917,
      -0.009424783289432526,
      -0.6099480986595154,
      -1.2507052421569824
    ],
    "best_loss": 0.9046739339828491
  }
}