{
  "name": "uncertainty_grid",
  "alpha": 0.0,
  "theta": 0.6859474056959154,
  "calib_risk": 0.9901578947368421,
  "calib_coverage": 0.83
}