{
  "name": "uncertainty_grid",
  "alpha": 0.0,
  "theta": 0.046422292270515725,
  "calib_risk": 1.0923566878980893,
  "calib_coverage": 0.7993630573248408
}