policy,wilds_split,coverage,risk,wrong_auto_rate,auto_error_rate,defer_rate,n
uncertainty_grid,test,0.46960809516019725,0.7731999719567197,0.04856161342338342,0.10340880816123414,0.5303919048398027,42791
