policy,wilds_split,coverage,risk,wrong_auto_rate,auto_error_rate,defer_rate,n
uaat_monotone,test,0.4903367530555491,0.8057535463064662,0.05921805987240308,0.12077018396721,0.5096632469444509,42791
