policy,wilds_split,coverage,risk,wrong_auto_rate,auto_error_rate,defer_rate,n
fixed,test,0.4698885279614872,0.7740880091608048,0.048795307424458416,0.10384443228726314,0.5301114720385127,42791
