{
  "name": "uncertainty_grid",
  "alpha": 0.2,
  "theta": 0.8729372666776178,
  "calib_risk": 0.57383100902379,
  "calib_coverage": 0.6599671862182116
}