{
  "name": "monotone_policy_net",
  "context_cols": [
    "ctx_cat_hazelnut",
    "ctx_cat_bottle",
    "ctx_cat_toothbrush",
    "ctx_cat_pill",
    "ctx_cat_carpet",
    "ctx_cat_wood",
    "ctx_cat_grid",
    "ctx_cat_capsule",
    "ctx_cat_metal_nut",
    "ctx_cat_tile",
    "ctx_cat_transistor",
    "ctx_cat_leather",
    "ctx_cat_cable",
    "ctx_cat_screw",
    "ctx_cat_zipper",
    "ctx_brightness",
    "ctx_contrast",
    "ctx_blur_risk",
    "ctx_saturation"
  ],
  "state_dict": {
    "b": -0.9421055316925049,
    "w_u_raw": -0.3594238758087158,
    "w_ctx": [
      -0.7574918866157532,
      -0.7638956308364868,
      0.2143659144639969,
      0.48435527086257935,
      -3.9090466499328613,
      -4.837739944458008,
      -2.9115843772888184,
      1.2446075677871704,
      0.18504472076892853,
      -0.43580490350723267,
      0.3305838704109192,
      -2.7424235343933105,
      -0.704869270324707,
      0.10216253995895386,
      -2.1909964084625244,
      -0.7875169515609741,
      -0.6703688502311707,
      -0.8757136464118958,
      -1.2010765075683594
    ],
    "best_loss": 4.621052265167236
  }
}