policy,coverage,risk,wrong_auto_rate,auto_error_rate,defer_rate,n
uaat_monotone,0.6181159420289855,3.954347826086957,0.3572463768115942,0.5779601406799532,0.38188405797101455,1380
fixed,0.881159420289855,6.220289855072464,0.6101449275362318,0.6924342105263158,0.11884057971014494,1380
uncertainty_grid,0.881159420289855,6.220289855072464,0.6101449275362318,0.6924342105263158,0.11884057971014494,1380
