{
  "name": "uncertainty_grid",
  "alpha": 0.0,
  "theta": 0.05206478424204855,
  "calib_risk": 4.0144927536231885,
  "calib_coverage": 0.6086956521739131
}