policy,wilds_split,coverage,risk,wrong_auto_rate,auto_error_rate,defer_rate,n
uaat_monotone,test,0.6779696665186604,1.204692575541586,0.17653244841204926,0.2603839922787908,0.3220303334813396,42791
