{
  "name": "uncertainty_grid",
  "alpha": 0.0,
  "theta": 0.041073000751999995,
  "calib_risk": 4.368115942028986,
  "calib_coverage": 0.6608695652173913
}