{
  "name": "monotone_policy_net",
  "context_cols": [
    "ctx_cat_toothbrush",
    "ctx_cat_grid",
    "ctx_cat_capsule",
    "ctx_cat_hazelnut",
    "ctx_cat_carpet",
    "ctx_cat_cable",
    "ctx_cat_leather",
    "ctx_cat_pill",
    "ctx_cat_screw",
    "ctx_cat_transistor",
    "ctx_cat_metal_nut",
    "ctx_cat_wood",
    "ctx_cat_tile",
    "ctx_cat_zipper",
    "ctx_cat_bottle",
    "ctx_brightness",
    "ctx_contrast",
    "ctx_blur_risk",
    "ctx_saturation"
  ],
  "state_dict": {
    "b": -0.8063410520553589,
    "w_u_raw": 0.8801239728927612,
    "w_ctx": [
      0.5419471859931946,
      -1.381571888923645,
      0.726064920425415,
      -1.1691715717315674,
      -0.37307968735694885,
      -0.9465842843055725,
      -2.517008066177368,
      -0.45305943489074707,
      -0.2499723881483078,
      -0.6688560843467712,
      -0.7496241331100464,
      -1.946847677230835,
      -1.1822714805603027,
      -0.2333284318447113,
      -0.550036609172821,
      -0.5066355466842651,
      -0.3573126196861267,
      -0.7522646188735962,
      -1.595908761024475
    ],
    "best_loss": 3.4446074962615967
  }
}