{
  "name": "uncertainty_grid",
  "alpha": 2.975,
  "theta": 0.4377711873576046,
  "calib_risk": 0.7282368421052632,
  "calib_coverage": 0.66
}