{
  "name": "monotone_policy_net",
  "context_cols": [
    "ctx_severity",
    "ctx_corr_fog",
    "ctx_corr_impulse_noise",
    "ctx_corr_snow",
    "ctx_corr_elastic_transform",
    "ctx_corr_zoom_blur",
    "ctx_corr_frost",
    "ctx_corr_contrast",
    "ctx_corr_pixelate",
    "ctx_corr_defocus_blur",
    "ctx_corr_saturate",
    "ctx_corr_motion_blur",
    "ctx_corr_gaussian_blur",
    "ctx_corr_speckle_noise",
    "ctx_corr_gaussian_noise",
    "ctx_corr_jpeg_compression",
    "ctx_corr_spatter",
    "ctx_corr_brightness",
    "ctx_corr_glass_blur",
    "ctx_corr_shot_noise",
    "ctx_brightness",
    "ctx_contrast",
    "ctx_blur_risk",
    "ctx_saturation"
  ],
  "state_dict": {
    "b": 0.424390584230423,
    "w_u_raw": 1.8998857736587524,
    "w_ctx": [
      2.1150927543640137,
      -0.5987222790718079,
      1.1771801710128784,
      -0.4790278971195221,
      -1.1188396215438843,
      -0.19084011018276215,
      0.04334523156285286,
      0.19910459220409393,
      0.37878212332725525,
      -0.18623752892017365,
      -0.6722291707992554,
      -0.2465137392282486,
      0.5137707591056824,
      0.8685030937194824,
      2.121957540512085,
      -0.7723984122276306,
      -1.0837920904159546,
      -1.1630373001098633,
      1.5400689840316772,
      1.2027393579483032,
      0.22791963815689087,
      0.2382543981075287,
      0.2726789116859436,
      -0.22371402382850647
    ],
    "best_loss": 0.6872957944869995
  }
}