{
  "name": "monotone_policy_net",
  "context_cols": [
    "ctx_severity",
    "ctx_corr_gaussian_noise",
    "ctx_corr_pixelate",
    "ctx_corr_frost",
    "ctx_corr_fog",
    "ctx_corr_brightness",
    "ctx_corr_glass_blur",
    "ctx_corr_gaussian_blur",
    "ctx_corr_snow",
    "ctx_corr_contrast",
    "ctx_corr_impulse_noise",
    "ctx_corr_zoom_blur",
    "ctx_corr_elastic_transform",
    "ctx_corr_saturate",
    "ctx_corr_defocus_blur",
    "ctx_corr_jpeg_compression",
    "ctx_corr_motion_blur",
    "ctx_corr_shot_noise",
    "ctx_corr_spatter",
    "ctx_corr_speckle_noise",
    "ctx_brightness",
    "ctx_contrast",
    "ctx_blur_risk",
    "ctx_saturation"
  ],
  "state_dict": {
    "b": -0.16099949181079865,
    "w_u_raw": 0.03097485564649105,
    "w_ctx": [
      2.4975290298461914,
      2.1126813888549805,
      -0.023180028423666954,
      -0.09342291951179504,
      -1.7246214151382446,
      -1.9830964803695679,
      0.777446985244751,
      0.2524643540382385,
      -1.6715115308761597,
      -0.09712432324886322,
      1.0241633653640747,
      -0.5155752897262573,
      -1.4423054456710815,
      -1.8018767833709717,
      -0.9759536385536194,
      -1.3721725940704346,
      -0.3704904317855835,
      0.9796398878097534,
      -2.5524754524230957,
      0.4274192154407501,
      -0.11240420490503311,
      -0.06173219159245491,
      -0.49530720710754395,
      -0.6854503750801086
    ],
    "best_loss": 0.4765201807022095
  }
}