policy,wilds_split,coverage,risk,wrong_auto_rate,auto_error_rate,defer_rate,n
uncertainty_grid,test,0.6961276904021874,1.3365661003482041,0.2065387581500783,0.2966966563716933,0.30387230959781264,42791
