policy,wilds_split,coverage,risk,wrong_auto_rate,auto_error_rate,defer_rate,n
fixed,test,0.7198008927110842,1.3945689514150172,0.22287396882522026,0.30963280412973604,0.28019910728891584,42791
