policy,wilds_split,coverage,risk,wrong_auto_rate,auto_error_rate,defer_rate,n
uaat_monotone,test,0.663620854852656,1.259003061391414,0.184524783248814,0.27805754128957283,0.336379145147344,42791
