{
  "name": "uncertainty_grid",
  "alpha": 1.475,
  "theta": 0.09889719048142438,
  "calib_risk": 0.8300519551544983,
  "calib_coverage": 0.8398960896910036
}