policy,coverage,risk,wrong_auto_rate,auto_error_rate,defer_rate,n
uaat_monotone,0.36376811594202896,2.317391304347826,0.1681159420289855,0.46215139442231074,0.636231884057971,1380
fixed,0.49492753623188407,3.128260869565217,0.26231884057971017,0.5300146412884333,0.5050724637681159,1380
uncertainty_grid,0.49492753623188407,3.128260869565217,0.26231884057971017,0.5300146412884333,0.5050724637681159,1380
