{
  "name": "uncertainty_grid",
  "alpha": 0.0,
  "theta": 0.15090125056698706,
  "calib_risk": 3.060869565217391,
  "calib_coverage": 0.48985507246376814
}