{
  "name": "uncertainty_grid",
  "alpha": 0.0,
  "theta": 0.08857534644400004,
  "calib_risk": 3.6753623188405795,
  "calib_coverage": 0.5710144927536231
}