{
  "name": "monotone_policy_net",
  "context_cols": [
    "ctx_cat_hazelnut",
    "ctx_cat_bottle",
    "ctx_cat_toothbrush",
    "ctx_cat_pill",
    "ctx_cat_carpet",
    "ctx_cat_wood",
    "ctx_cat_grid",
    "ctx_cat_capsule",
    "ctx_cat_metal_nut",
    "ctx_cat_tile",
    "ctx_cat_transistor",
    "ctx_cat_leather",
    "ctx_cat_cable",
    "ctx_cat_screw",
    "ctx_cat_zipper",
    "ctx_brightness",
    "ctx_contrast",
    "ctx_blur_risk",
    "ctx_saturation"
  ],
  "state_dict": {
    "b": -1.1500242948532104,
    "w_u_raw": 1.753435492515564,
    "w_ctx": [
      -1.2482166290283203,
      -0.9857913851737976,
      -0.11578086763620377,
      -0.28563162684440613,
      -0.260987788438797,
      -1.9318264722824097,
      -3.9366962909698486,
      0.5388802289962769,
      -0.4878273904323578,
      -1.1929599046707153,
      -0.11488902568817139,
      -1.6174893379211426,
      -1.127021312713623,
      -0.6997324824333191,
      -0.21739119291305542,
      -0.47389861941337585,
      0.041033774614334106,
      -1.1214256286621094,
      -2.54584002494812
    ],
    "best_loss": 7.315526962280273
  }
}