{
  "name": "uncertainty_grid",
  "alpha": 0.0,
  "theta": 0.015228053652000011,
  "calib_risk": 4.936231884057971,
  "calib_coverage": 0.7304347826086957
}