{
  "name": "monotone_policy_net",
  "context_cols": [
    "ctx_cat_toothbrush",
    "ctx_cat_grid",
    "ctx_cat_capsule",
    "ctx_cat_hazelnut",
    "ctx_cat_carpet",
    "ctx_cat_cable",
    "ctx_cat_leather",
    "ctx_cat_pill",
    "ctx_cat_screw",
    "ctx_cat_transistor",
    "ctx_cat_metal_nut",
    "ctx_cat_wood",
    "ctx_cat_tile",
    "ctx_cat_zipper",
    "ctx_cat_bottle",
    "ctx_brightness",
    "ctx_contrast",
    "ctx_blur_risk",
    "ctx_saturation"
  ],
  "state_dict": {
    "b": -0.7851653099060059,
    "w_u_raw": 0.17195969820022583,
    "w_ctx": [
      0.7008705735206604,
      -1.1160037517547607,
      0.9007139205932617,
      -0.9455857872962952,
      -4.185382843017578,
      -0.7179161906242371,
      -3.1362478733062744,
      -0.2013600617647171,
      -0.0560949333012104,
      -0.4319941997528076,
      -0.510593831539154,
      -1.8804867267608643,
      -0.9042236804962158,
      -0.051862943917512894,
      -0.28518134355545044,
      -0.5320352911949158,
      -0.36414527893066406,
      -0.7218904495239258,
      -1.3672560453414917
    ],
    "best_loss": 3.9596052169799805
  }
}