policy,category,coverage,risk,wrong_auto_rate,auto_error_rate,defer_rate,n
uaat_monotone,breakfast_box,0.5818181818181818,3.372727272727273,0.29545454545454547,0.5078125,0.4181818181818182,220
uaat_monotone,juice_bottle,0.4053030303030303,2.0719696969696972,0.14772727272727273,0.3644859813084112,0.5946969696969697,264
uaat_monotone,pushpins,0.9395161290322581,5.060483870967742,0.5,0.5321888412017167,0.06048387096774188,248
uaat_monotone,screw_bag,0.7802197802197802,5.018315018315018,0.47985347985347987,0.6150234741784038,0.21978021978021978,273
uaat_monotone,splicing_connectors,0.4819277108433735,2.566265060240964,0.20481927710843373,0.425,0.5180722891566265,249
