policy,category,coverage,risk,wrong_auto_rate,auto_error_rate,defer_rate,n
fixed,breakfast_box,0.8,4.609090909090909,0.4409090909090909,0.5511363636363636,0.19999999999999996,220
fixed,juice_bottle,0.4962121212121212,2.662878787878788,0.2159090909090909,0.4351145038167939,0.5037878787878788,264
fixed,pushpins,0.8790322580645161,4.67741935483871,0.45564516129032256,0.518348623853211,0.12096774193548387,248
fixed,screw_bag,0.9853479853479854,6.278388278388278,0.6263736263736264,0.6356877323420075,0.0146520146520146,273
fixed,splicing_connectors,0.7550200803212851,4.1807228915662655,0.39357429718875503,0.5212765957446809,0.2449799196787149,249
