{
  "name": "uncertainty_grid",
  "alpha": 0.0,
  "theta": 0.07431361037746687,
  "calib_risk": 4.382165605095542,
  "calib_coverage": 0.7579617834394905
}