policy,coverage,risk,wrong_auto_rate,auto_error_rate,defer_rate,n
uaat_monotone,0.4971014492753623,3.1115942028985506,0.2608695652173913,0.5247813411078717,0.5028985507246377,1380
fixed,0.7014492753623188,4.740579710144927,0.44420289855072465,0.6332644628099173,0.2985507246376812,1380
uncertainty_grid,0.7014492753623188,4.740579710144927,0.44420289855072465,0.6332644628099173,0.2985507246376812,1380
