{
  "name": "uncertainty_grid",
  "alpha": 0.0,
  "theta": 0.01955404306606563,
  "calib_risk": 4.811594202898551,
  "calib_coverage": 0.7101449275362319
}