{
  "name": "uncertainty_grid",
  "alpha": 0.05,
  "theta": 0.7116220098733901,
  "calib_risk": 3.1331578947368417,
  "calib_coverage": 0.8
}