{
  "name": "monotone_policy_net",
  "context_cols": [
    "ctx_severity",
    "ctx_corr_gaussian_noise",
    "ctx_corr_pixelate",
    "ctx_corr_frost",
    "ctx_corr_fog",
    "ctx_corr_brightness",
    "ctx_corr_glass_blur",
    "ctx_corr_gaussian_blur",
    "ctx_corr_snow",
    "ctx_corr_contrast",
    "ctx_corr_impulse_noise",
    "ctx_corr_zoom_blur",
    "ctx_corr_elastic_transform",
    "ctx_corr_saturate",
    "ctx_corr_defocus_blur",
    "ctx_corr_jpeg_compression",
    "ctx_corr_motion_blur",
    "ctx_corr_shot_noise",
    "ctx_corr_spatter",
    "ctx_corr_speckle_noise",
    "ctx_brightness",
    "ctx_contrast",
    "ctx_blur_risk",
    "ctx_saturation"
  ],
  "state_dict": {
    "b": 0.368960440158844,
    "w_u_raw": 3.643082618713379,
    "w_ctx": [
      2.638432264328003,
      2.2492032051086426,
      0.0798855572938919,
      -0.2834101617336273,
      -0.7897325158119202,
      -1.1688827276229858,
      1.4054783582687378,
      0.5239766240119934,
      -0.7992430329322815,
      0.23544712364673615,
      1.0574618577957153,
      -0.3993942439556122,
      -1.534345030784607,
      -1.4678778648376465,
      -0.6480227708816528,
      -1.0932403802871704,
      -0.31723812222480774,
      1.2797249555587769,
      -1.4739190340042114,
      0.8587020039558411,
      0.05318055674433708,
      0.0716145932674408,
      -0.04936159774661064,
      -0.9490851759910583
    ],
    "best_loss": 2.1432080268859863
  }
}