policy,wilds_split,coverage,risk,wrong_auto_rate,auto_error_rate,defer_rate,n
fixed,test,0.5999859783599355,1.6304129372998994,0.1230398915659835,0.20507127833605981,0.4000140216400645,42791
