policy,wilds_split,coverage,risk,wrong_auto_rate,auto_error_rate,defer_rate,n
uaat_monotone,test,0.5999859783599355,1.6311140193031246,0.123109999766306,0.20518812806730544,0.4000140216400645,42791
