policy,coverage,risk,wrong_auto_rate,auto_error_rate,defer_rate,n
uaat_monotone,0.5494145965273072,1.0130868640601995,0.11250029211750134,0.20476393024245002,0.4505854034726928,42791
fixed,0.555350424154612,1.0240938515108318,0.11588885513308873,0.20867699040565563,0.444649575845388,42791
uncertainty_grid,0.555350424154612,1.0240938515108318,0.11588885513308873,0.20867699040565563,0.444649575845388,42791
