{
  "name": "uncertainty_grid",
  "alpha": 0.0,
  "theta": 0.7609426927566528,
  "calib_risk": 0.7057697566311185,
  "calib_coverage": 0.7399507793273175
}