policy,category,coverage,risk,wrong_auto_rate,auto_error_rate,defer_rate,n
uncertainty_grid,breakfast_box,0.75,4.159090909090909,0.39090909090909093,0.5212121212121212,0.25,220
uncertainty_grid,juice_bottle,0.4621212121212121,2.545454545454545,0.20075757575757575,0.4344262295081967,0.5378787878787878,264
uncertainty_grid,pushpins,0.7862903225806451,4.245967741935484,0.4032258064516129,0.5128205128205128,0.21370967741935487,248
uncertainty_grid,screw_bag,0.9706959706959707,6.183150183150183,0.6153846153846154,0.6339622641509434,0.02930402930402931,273
uncertainty_grid,splicing_connectors,0.7389558232931727,4.116465863453815,0.3855421686746988,0.5217391304347826,0.26104417670682734,249
