policy,category,coverage,risk,wrong_auto_rate,auto_error_rate,defer_rate,n
uaat_monotone,breakfast_box,0.4318181818181818,2.6136363636363633,0.20454545454545456,0.47368421052631576,0.5681818181818181,220
uaat_monotone,juice_bottle,0.36363636363636365,2.0757575757575757,0.14393939393939395,0.3958333333333333,0.6363636363636364,264
uaat_monotone,pushpins,0.9032258064516129,4.814516129032258,0.4717741935483871,0.5223214285714286,0.09677419354838712,248
uaat_monotone,screw_bag,0.8754578754578755,5.509157509157509,0.5384615384615384,0.6150627615062761,0.12454212454212454,273
uaat_monotone,splicing_connectors,0.5943775100401606,3.2570281124497993,0.285140562248996,0.4797297297297297,0.4056224899598394,249
