{
  "name": "uncertainty_grid",
  "alpha": 0.0,
  "theta": 0.11058468614669358,
  "calib_risk": 4.047770700636943,
  "calib_coverage": 0.7101910828025477
}