{
  "name": "monotone_policy_net",
  "context_cols": [
    "ctx_severity",
    "ctx_corr_motion_blur",
    "ctx_corr_shot_noise",
    "ctx_corr_elastic_transform",
    "ctx_corr_contrast",
    "ctx_corr_zoom_blur",
    "ctx_corr_saturate",
    "ctx_corr_glass_blur",
    "ctx_corr_impulse_noise",
    "ctx_corr_brightness",
    "ctx_corr_frost",
    "ctx_corr_gaussian_blur",
    "ctx_corr_speckle_noise",
    "ctx_corr_snow",
    "ctx_corr_fog",
    "ctx_corr_pixelate",
    "ctx_corr_spatter",
    "ctx_corr_jpeg_compression",
    "ctx_corr_gaussian_noise",
    "ctx_corr_defocus_blur",
    "ctx_brightness",
    "ctx_contrast",
    "ctx_blur_risk",
    "ctx_saturation"
  ],
  "state_dict": {
    "b": -0.028444111347198486,
    "w_u_raw": 0.72472083568573,
    "w_ctx": [
      2.61710524559021,
      -0.6916523575782776,
      1.1085633039474487,
      -2.2275400161743164,
      -0.2684447765350342,
      -0.8147197365760803,
      -1.2450107336044312,
      0.7123515605926514,
      1.1564322710037231,
      -2.254967451095581,
      -0.33628129959106445,
      0.13261298835277557,
      0.7788094878196716,
      -1.0623688697814941,
      -1.6590689420700073,
      0.03910425305366516,
      -1.275524377822876,
      -1.2898966073989868,
      2.141140937805176,
      -0.5943421125411987,
      -0.2363317757844925,
      -0.5311851501464844,
      -0.3262868821620941,
      -1.473637580871582
    ],
    "best_loss": 0.8850266933441162
  }
}