{
  "name": "uncertainty_grid",
  "alpha": 0.17500000000000002,
  "theta": 0.6219669759720564,
  "calib_risk": 0.9692105263157895,
  "calib_coverage": 0.82
}