{
  "name": "uncertainty_grid",
  "alpha": 0.0,
  "theta": 0.0234390338,
  "calib_risk": 4.707246376811594,
  "calib_coverage": 0.6985507246376812
}