{
  "name": "uncertainty_grid",
  "alpha": 1.9500000000000002,
  "theta": 0.25013369460403917,
  "calib_risk": 0.7210828547990156,
  "calib_coverage": 0.7800109379272628
}