policy,category,coverage,risk,wrong_auto_rate,auto_error_rate,defer_rate,n
uaat_monotone,breakfast_box,0.4863636363636364,2.786363636363636,0.22727272727272727,0.4672897196261682,0.5136363636363637,220
uaat_monotone,juice_bottle,0.3371212121212121,1.799242424242424,0.11363636363636363,0.33707865168539325,0.6628787878787878,264
uaat_monotone,pushpins,0.532258064516129,3.008064516129032,0.2540322580645161,0.4772727272727273,0.467741935483871,248
uaat_monotone,screw_bag,0.6336996336996337,4.102564102564102,0.37362637362637363,0.5895953757225434,0.36630036630036633,273
uaat_monotone,splicing_connectors,0.5301204819277109,2.8393574297188757,0.23694779116465864,0.44696969696969696,0.4698795180722891,249
