{
  "name": "uncertainty_grid",
  "alpha": 0.0,
  "theta": 0.19497408467704813,
  "calib_risk": 3.595541401273885,
  "calib_coverage": 0.6210191082802548
}