policy,wilds_split,coverage,risk,wrong_auto_rate,auto_error_rate,defer_rate,n
uaat_monotone,test,0.39022224299502234,0.6955434553994998,0.01715313967890444,0.04395736016289376,0.6097777570049776,42791
