{
  "name": "uncertainty_grid",
  "alpha": 0.0,
  "theta": 0.9936172103881837,
  "calib_risk": 0.6069182389937107,
  "calib_coverage": 0.4299972655181843
}