policy,category,coverage,risk,wrong_auto_rate,auto_error_rate,defer_rate,n
uncertainty_grid,breakfast_box,0.9590909090909091,5.904545454545454,0.5863636363636363,0.6113744075829384,0.040909090909090895,220
uncertainty_grid,juice_bottle,0.7727272727272727,5.113636363636364,0.48863636363636365,0.6323529411764706,0.2272727272727273,264
uncertainty_grid,pushpins,0.9798387096774194,5.383064516129032,0.5362903225806451,0.5473251028806584,0.020161290322580627,248
uncertainty_grid,screw_bag,1.0,6.410256410256411,0.6410256410256411,0.6410256410256411,0.0,273
uncertainty_grid,splicing_connectors,0.9678714859437751,5.8955823293172696,0.5863453815261044,0.6058091286307054,0.032128514056224855,249
