policy,coverage,risk,wrong_auto_rate,auto_error_rate,defer_rate,n
uaat_monotone,0.7623604465709729,4.360446570972886,0.41228070175438597,0.5407949790794979,0.2376395534290271,1254
fixed,0.9346092503987241,5.743221690590112,0.5677830940988836,0.6075085324232082,0.06539074960127589,1254
uncertainty_grid,0.9346092503987241,5.743221690590112,0.5677830940988836,0.6075085324232082,0.06539074960127589,1254
