{
  "name": "monotone_policy_net",
  "context_cols": [
    "ctx_cat_toothbrush",
    "ctx_cat_grid",
    "ctx_cat_capsule",
    "ctx_cat_hazelnut",
    "ctx_cat_carpet",
    "ctx_cat_cable",
    "ctx_cat_leather",
    "ctx_cat_pill",
    "ctx_cat_screw",
    "ctx_cat_transistor",
    "ctx_cat_metal_nut",
    "ctx_cat_wood",
    "ctx_cat_tile",
    "ctx_cat_zipper",
    "ctx_cat_bottle",
    "ctx_brightness",
    "ctx_contrast",
    "ctx_blur_risk",
    "ctx_saturation"
  ],
  "state_dict": {
    "b": -1.0748004913330078,
    "w_u_raw": -0.6614250540733337,
    "w_ctx": [
      -0.25460582971572876,
      -0.5861706137657166,
      -0.6629803776741028,
      -0.6228731274604797,
      -4.027153968811035,
      -0.6520755290985107,
      -3.9674103260040283,
      -0.4670455753803253,
      -0.8650181293487549,
      -0.3274572193622589,
      -0.6612544655799866,
      -2.3571643829345703,
      -0.3696293234825134,
      -0.5286754369735718,
      -0.007878919132053852,
      -1.065969467163086,
      -0.8186516165733337,
      -1.0352085828781128,
      -1.5835217237472534
    ],
    "best_loss": 5.799612045288086
  }
}