{
  "name": "uncertainty_grid",
  "alpha": 0.0,
  "theta": 8.586800000000016e-08,
  "calib_risk": 6.756521739130435,
  "calib_coverage": 0.9391304347826087
}