policy,category,coverage,risk,wrong_auto_rate,auto_error_rate,defer_rate,n
uaat_monotone,breakfast_box,0.4863636363636364,2.786363636363636,0.22727272727272727,0.4672897196261682,0.5136363636363637,220
uaat_monotone,juice_bottle,0.22727272727272727,1.3409090909090908,0.056818181818181816,0.25,0.7727272727272727,264
uaat_monotone,pushpins,0.532258064516129,3.008064516129032,0.2540322580645161,0.4772727272727273,0.467741935483871,248
uaat_monotone,screw_bag,0.30036630036630035,2.2014652014652016,0.15018315018315018,0.5,0.6996336996336996,273
uaat_monotone,splicing_connectors,0.5381526104417671,2.8714859437751,0.24096385542168675,0.44776119402985076,0.4618473895582329,249
