{
  "name": "uncertainty_grid",
  "alpha": 0.0,
  "theta": 0.2772291448731807,
  "calib_risk": 3.1337579617834392,
  "calib_coverage": 0.5414012738853503
}