policy,category,coverage,risk,wrong_auto_rate,auto_error_rate,defer_rate,n
uaat_monotone,breakfast_box,0.20909090909090908,1.518181818181818,0.07272727272727272,0.34782608695652173,0.7909090909090909,220
uaat_monotone,juice_bottle,0.21212121212121213,1.2803030303030303,0.04924242424242424,0.23214285714285715,0.7878787878787878,264
uaat_monotone,pushpins,0.532258064516129,3.008064516129032,0.2540322580645161,0.4772727272727273,0.467741935483871,248
uaat_monotone,screw_bag,0.30036630036630035,2.2014652014652016,0.15018315018315018,0.5,0.6996336996336996,273
uaat_monotone,splicing_connectors,0.3654618473895582,2.0803212851405624,0.14457831325301204,0.3956043956043956,0.6345381526104418,249
