{
  "name": "uncertainty_grid",
  "alpha": 0.0,
  "theta": 0.3498582653595078,
  "calib_risk": 2.6528662420382165,
  "calib_coverage": 0.44904458598726116
}