{
  "name": "uncertainty_grid",
  "alpha": 1.05,
  "theta": 0.34163808524608585,
  "calib_risk": 2.5243368881596937,
  "calib_coverage": 0.799972655181843
}