policy,category,coverage,risk,wrong_auto_rate,auto_error_rate,defer_rate,n
uncertainty_grid,breakfast_box,0.8818181818181818,5.209090909090908,0.509090909090909,0.5773195876288659,0.11818181818181817,220
uncertainty_grid,juice_bottle,0.6666666666666666,4.159090909090909,0.38257575757575757,0.5738636363636364,0.33333333333333337,264
uncertainty_grid,pushpins,0.967741935483871,5.274193548387097,0.5241935483870968,0.5416666666666666,0.032258064516129004,248
uncertainty_grid,screw_bag,1.0,6.410256410256411,0.6410256410256411,0.6410256410256411,0.0,273
uncertainty_grid,splicing_connectors,0.8835341365461847,5.136546184738956,0.5020080321285141,0.5681818181818182,0.11646586345381527,249
