policy,category,coverage,risk,wrong_auto_rate,auto_error_rate,defer_rate,n
uaat_monotone,breakfast_box,0.6045454545454545,3.531818181818182,0.31363636363636366,0.518796992481203,0.3954545454545455,220
uaat_monotone,juice_bottle,0.4659090909090909,2.503787878787879,0.19696969696969696,0.42276422764227645,0.5340909090909092,264
uaat_monotone,pushpins,0.9556451612903226,5.165322580645161,0.5120967741935484,0.5358649789029536,0.04435483870967738,248
uaat_monotone,screw_bag,0.8351648351648352,5.256410256410256,0.5091575091575091,0.6096491228070176,0.1648351648351648,273
uaat_monotone,splicing_connectors,0.751004016064257,4.144578313253012,0.3895582329317269,0.5187165775401069,0.24899598393574296,249
