policy,coverage,risk,wrong_auto_rate,auto_error_rate,defer_rate,n
uaat_monotone,0.5739130434782609,3.665217391304348,0.3239130434782609,0.5643939393939394,0.4260869565217391,1380
fixed,0.7724637681159421,5.278260869565218,0.505072463768116,0.6538461538461539,0.22753623188405792,1380
uncertainty_grid,0.7724637681159421,5.278260869565218,0.505072463768116,0.6538461538461539,0.22753623188405792,1380
