{
  "name": "uncertainty_grid",
  "alpha": 0.0,
  "theta": 0.004981051169390953,
  "calib_risk": 5.139130434782609,
  "calib_coverage": 0.7594202898550725
}