policy,category,coverage,risk,wrong_auto_rate,auto_error_rate,defer_rate,n
uaat_monotone,breakfast_box,0.5818181818181818,3.372727272727273,0.29545454545454547,0.5078125,0.4181818181818182,220
uaat_monotone,juice_bottle,0.4015151515151515,2.0757575757575757,0.14772727272727273,0.36792452830188677,0.5984848484848485,264
uaat_monotone,pushpins,0.9395161290322581,5.060483870967742,0.5,0.5321888412017167,0.06048387096774188,248
uaat_monotone,screw_bag,0.7802197802197802,5.018315018315018,0.47985347985347987,0.6150234741784038,0.21978021978021978,273
uaat_monotone,splicing_connectors,0.6546184738955824,3.5180722891566263,0.3172690763052209,0.48466257668711654,0.34538152610441764,249
