policy,category,coverage,risk,wrong_auto_rate,auto_error_rate,defer_rate,n
fixed,breakfast_box,0.8136363636363636,4.640909090909091,0.44545454545454544,0.547486033519553,0.1863636363636364,220
fixed,juice_bottle,0.5151515151515151,2.8333333333333335,0.23484848484848486,0.45588235294117646,0.48484848484848486,264
fixed,pushpins,0.8951612903225806,4.741935483870967,0.4637096774193548,0.5180180180180181,0.10483870967741937,248
fixed,screw_bag,0.9926739926739927,6.344322344322344,0.6336996336996337,0.6383763837638377,0.0073260073260073,273
fixed,splicing_connectors,0.7951807228915663,4.461847389558233,0.42570281124497994,0.5353535353535354,0.20481927710843373,249
