policy,coverage,risk,wrong_auto_rate,auto_error_rate,defer_rate,n
uaat_monotone,0.6722488038277512,3.8205741626794256,0.3492822966507177,0.5195729537366548,0.3277511961722488,1254
fixed,0.8022328548644339,4.615629984051037,0.44178628389154706,0.5506958250497018,0.19776714513556615,1254
uncertainty_grid,0.8022328548644339,4.615629984051037,0.44178628389154706,0.5506958250497018,0.19776714513556615,1254
