{
  "name": "uncertainty_grid",
  "alpha": 0.0,
  "theta": 0.05459731468767802,
  "calib_risk": 4.54140127388535,
  "calib_coverage": 0.7898089171974523
}