{
  "name": "monotone_policy_net",
  "context_cols": [
    "ctx_cat_toothbrush",
    "ctx_cat_grid",
    "ctx_cat_capsule",
    "ctx_cat_hazelnut",
    "ctx_cat_carpet",
    "ctx_cat_cable",
    "ctx_cat_leather",
    "ctx_cat_pill",
    "ctx_cat_screw",
    "ctx_cat_transistor",
    "ctx_cat_metal_nut",
    "ctx_cat_wood",
    "ctx_cat_tile",
    "ctx_cat_zipper",
    "ctx_cat_bottle",
    "ctx_brightness",
    "ctx_contrast",
    "ctx_blur_risk",
    "ctx_saturation"
  ],
  "state_dict": {
    "b": -0.8728652000427246,
    "w_u_raw": 1.2252397537231445,
    "w_ctx": [
      0.5136899352073669,
      -1.4788068532943726,
      0.6576392650604248,
      -1.1959408521652222,
      -0.4284488260746002,
      -1.0099409818649292,
      -2.2924206256866455,
      -0.5329059362411499,
      -0.28992947936058044,
      -0.7322876453399658,
      -0.8096094131469727,
      -1.9234470129013062,
      -1.2857658863067627,
      -0.28325244784355164,
      -0.666681706905365,
      -0.3896650969982147,
      -0.30837902426719666,
      -0.8194022178649902,
      -1.765713095664978
    ],
    "best_loss": 3.2371575832366943
  }
}