{
  "name": "uncertainty_grid",
  "alpha": 0.0,
  "theta": 0.05213816391200001,
  "calib_risk": 4.081159420289855,
  "calib_coverage": 0.6289855072463768
}