{
  "name": "uncertainty_grid",
  "alpha": 0.0,
  "theta": 0.4721704363822936,
  "calib_risk": 1.928083128247197,
  "calib_coverage": 0.8999179655455292
}