{
  "name": "uncertainty_grid",
  "alpha": 2.9000000000000004,
  "theta": 0.35463820591569,
  "calib_risk": 0.7439,
  "calib_coverage": 0.7,
  "recalibrated_on_test": true
}