policy,category,coverage,risk,wrong_auto_rate,auto_error_rate,defer_rate,n
fixed,breakfast_box,0.4090909090909091,2.3181818181818183,0.17272727272727273,0.4222222222222222,0.5909090909090908,220
fixed,juice_bottle,0.2727272727272727,1.4848484848484849,0.07575757575757576,0.2777777777777778,0.7272727272727273,264
fixed,pushpins,0.5201612903225806,2.8588709677419355,0.23790322580645162,0.4573643410852713,0.4798387096774194,248
fixed,screw_bag,0.6556776556776557,4.117216117216117,0.3772893772893773,0.5754189944134078,0.3443223443223443,273
fixed,splicing_connectors,0.4457831325301205,2.4417670682730925,0.18875502008032127,0.42342342342342343,0.5542168674698795,249
