{
  "name": "uncertainty_grid",
  "alpha": 0.0,
  "theta": 0.3671529796891809,
  "calib_risk": 2.6719745222929934,
  "calib_coverage": 0.4299363057324841
}