{
  "name": "monotone_policy_net",
  "context_cols": [
    "ctx_cat_grid",
    "ctx_cat_metal_nut",
    "ctx_cat_hazelnut",
    "ctx_cat_pill",
    "ctx_cat_screw",
    "ctx_cat_toothbrush",
    "ctx_cat_capsule",
    "ctx_cat_wood",
    "ctx_cat_transistor",
    "ctx_cat_cable",
    "ctx_cat_tile",
    "ctx_cat_bottle",
    "ctx_cat_zipper",
    "ctx_cat_leather",
    "ctx_cat_carpet",
    "ctx_brightness",
    "ctx_contrast",
    "ctx_blur_risk",
    "ctx_saturation"
  ],
  "state_dict": {
    "b": -1.2241706848144531,
    "w_u_raw": 4.138275146484375,
    "w_ctx": [
      -0.027231402695178986,
      -0.9873912334442139,
      -1.2891165018081665,
      -0.020159097388386726,
      -1.7558685541152954,
      0.8164377808570862,
      1.3415305614471436,
      -1.9610216617584229,
      -1.788345217704773,
      -0.10990778356790543,
      -3.034034013748169,
      -1.1408288478851318,
      0.16264447569847107,
      -0.3303711414337158,
      -1.860908031463623,
      1.1509655714035034,
      -0.6074251532554626,
      -1.425131916999817,
      -4.520605087280273
    ],
    "best_loss": 1.8604309558868408
  }
}