policy,category,coverage,risk,wrong_auto_rate,auto_error_rate,defer_rate,n
uncertainty_grid,breakfast_box,0.4590909090909091,2.4954545454545456,0.19545454545454546,0.42574257425742573,0.5409090909090909,220
uncertainty_grid,juice_bottle,0.3333333333333333,1.7651515151515151,0.10984848484848485,0.32954545454545453,0.6666666666666667,264
uncertainty_grid,pushpins,0.5443548387096774,3.19758064516129,0.27419354838709675,0.5037037037037037,0.4556451612903226,248
uncertainty_grid,screw_bag,0.7582417582417582,4.857142857142858,0.46153846153846156,0.6086956521739131,0.2417582417582418,273
uncertainty_grid,splicing_connectors,0.5140562248995983,2.734939759036145,0.2248995983935743,0.4375,0.48594377510040165,249
