policy,category,coverage,risk,wrong_auto_rate,auto_error_rate,defer_rate,n
fixed,breakfast_box,0.7681818181818182,4.413636363636363,0.41818181818181815,0.5443786982248521,0.2318181818181818,220
fixed,juice_bottle,0.4734848484848485,2.571969696969697,0.20454545454545456,0.432,0.5265151515151515,264
fixed,pushpins,0.842741935483871,4.512096774193548,0.43548387096774194,0.5167464114832536,0.157258064516129,248
fixed,screw_bag,0.9633699633699634,6.117216117216117,0.608058608058608,0.6311787072243346,0.03663003663003661,273
fixed,splicing_connectors,0.7389558232931727,4.156626506024097,0.3895582329317269,0.5271739130434783,0.26104417670682734,249
