{
  "name": "uncertainty_grid",
  "alpha": 0.0,
  "theta": 0.09788750440055416,
  "calib_risk": 4.219745222929936,
  "calib_coverage": 0.7292993630573248
}