policy,category,coverage,risk,wrong_auto_rate,auto_error_rate,defer_rate,n
uncertainty_grid,breakfast_box,0.6772727272727272,3.9590909090909094,0.36363636363636365,0.5369127516778524,0.32272727272727275,220
uncertainty_grid,juice_bottle,0.4166666666666667,2.1363636363636362,0.1553030303030303,0.37272727272727274,0.5833333333333333,264
uncertainty_grid,pushpins,0.7741935483870968,4.137096774193548,0.3911290322580645,0.5052083333333334,0.22580645161290325,248
uncertainty_grid,screw_bag,0.9267399267399268,5.824175824175823,0.575091575091575,0.6205533596837944,0.07326007326007322,273
uncertainty_grid,splicing_connectors,0.6666666666666666,3.626506024096386,0.3293172690763052,0.4939759036144578,0.33333333333333337,249
