{
  "name": "uncertainty_grid",
  "alpha": 0.0,
  "theta": 0.1584456821535552,
  "calib_risk": 3.735668789808917,
  "calib_coverage": 0.6401273885350318
}