policy,wilds_split,coverage,risk,wrong_auto_rate,auto_error_rate,defer_rate,n
uaat_monotone,test,0.5367483816690426,0.6340351943165619,0.08539178799280223,0.1590909090909091,0.4632516183309574,42791
