policy,coverage,risk,wrong_auto_rate,auto_error_rate,defer_rate,n
uncertainty_grid,0.6999836414199248,0.677432170316188,0.18870790586805636,0.2695890228023904,0.30001635858007525,42791
uaat_monotone,0.6999836414199248,0.6802832371293028,0.19013343927461382,0.27162554668981403,0.30001635858007525,42791
fixed,0.6999836414199248,0.6821060503376879,0.1910448458788063,0.27292758655226523,0.30001635858007525,42791
