{
  "name": "uncertainty_grid",
  "alpha": 1.2750000000000001,
  "theta": 0.6378356745094061,
  "calib_risk": 0.4222039923434509,
  "calib_coverage": 0.700027344818157
}