{
  "name": "uncertainty_grid",
  "alpha": 0.0,
  "theta": 0.003937761196399999,
  "calib_risk": 5.6115942028985515,
  "calib_coverage": 0.808695652173913
}