{
  "name": "monotone_policy_net",
  "context_cols": [
    "ctx_cat_toothbrush",
    "ctx_cat_grid",
    "ctx_cat_capsule",
    "ctx_cat_hazelnut",
    "ctx_cat_carpet",
    "ctx_cat_cable",
    "ctx_cat_leather",
    "ctx_cat_pill",
    "ctx_cat_screw",
    "ctx_cat_transistor",
    "ctx_cat_metal_nut",
    "ctx_cat_wood",
    "ctx_cat_tile",
    "ctx_cat_zipper",
    "ctx_cat_bottle",
    "ctx_brightness",
    "ctx_contrast",
    "ctx_blur_risk",
    "ctx_saturation"
  ],
  "state_dict": {
    "b": -0.8493276238441467,
    "w_u_raw": -0.38789254426956177,
    "w_ctx": [
      0.8351449370384216,
      -0.9631182551383972,
      0.6486467719078064,
      -0.9332832098007202,
      -4.907474994659424,
      -0.6479410529136658,
      -4.774017333984375,
      -0.014076471328735352,
      0.15055158734321594,
      -0.24349908530712128,
      -0.47915536165237427,
      -3.020836353302002,
      -0.748412549495697,
      -0.06718142330646515,
      -0.13471944630146027,
      -0.6431635022163391,
      -0.4329110383987427,
      -0.7934269309043884,
      -1.6403604745864868
    ],
    "best_loss": 4.631679058074951
  }
}