{
  "name": "monotone_policy_net",
  "context_cols": [
    "ctx_cat_hazelnut",
    "ctx_cat_bottle",
    "ctx_cat_toothbrush",
    "ctx_cat_pill",
    "ctx_cat_carpet",
    "ctx_cat_wood",
    "ctx_cat_grid",
    "ctx_cat_capsule",
    "ctx_cat_metal_nut",
    "ctx_cat_tile",
    "ctx_cat_transistor",
    "ctx_cat_leather",
    "ctx_cat_cable",
    "ctx_cat_screw",
    "ctx_cat_zipper",
    "ctx_brightness",
    "ctx_contrast",
    "ctx_blur_risk",
    "ctx_saturation"
  ],
  "state_dict": {
    "b": -1.1790181398391724,
    "w_u_raw": 1.9955838918685913,
    "w_ctx": [
      -0.9781025648117065,
      -1.9919618368148804,
      -0.15263472497463226,
      -0.9194599390029907,
      -1.068169116973877,
      -3.389835834503174,
      0.5150443315505981,
      -0.7790853381156921,
      -1.0524812936782837,
      -2.1069178581237793,
      -1.0154953002929688,
      -2.536597728729248,
      -1.1087480783462524,
      -0.4657573103904724,
      -0.47701218724250793,
      1.3219958543777466,
      -0.29146409034729004,
      -1.1396414041519165,
      -0.4733723998069763
    ],
    "best_loss": 2.516263723373413
  }
}