{
  "name": "uncertainty_grid",
  "alpha": 0.0,
  "theta": 0.1168485638906232,
  "calib_risk": 3.197101449275362,
  "calib_coverage": 0.4985507246376812
}