policy,wilds_split,coverage,risk,wrong_auto_rate,auto_error_rate,defer_rate,n
fixed,test,0.32411021009090696,0.7372344651912784,0.012268935056437101,0.037854207224745834,0.675889789909093,42791
