policy,wilds_split,coverage,risk,wrong_auto_rate,auto_error_rate,defer_rate,n
uaat_monotone,test,0.36168820546376573,0.7419550840129934,0.020728657895351825,0.05731084835562447,0.6383117945362342,42791
