policy,wilds_split,coverage,risk,wrong_auto_rate,auto_error_rate,defer_rate,n
uncertainty_grid,test,0.32396999369026197,0.7372578345913859,0.012245565656329602,0.0377984563225853,0.676030006309738,42791
