{
  "name": "uncertainty_grid",
  "alpha": 0.025,
  "theta": 0.9813195535335689,
  "calib_risk": 0.6313918512441893,
  "calib_coverage": 0.48003828274541976
}