{
  "name": "uncertainty_grid",
  "alpha": 0.0,
  "theta": 0.005512591804338483,
  "calib_risk": 5.246376811594203,
  "calib_coverage": 0.7681159420289855
}