policy,wilds_split,coverage,risk,wrong_auto_rate,auto_error_rate,defer_rate,n
uncertainty_grid,test,0.3913439742001823,0.8057769157065738,0.03942417798135122,0.100740475337394,0.6086560257998177,42791
