policy,wilds_split,coverage,risk,wrong_auto_rate,auto_error_rate,defer_rate,n
fixed,test,0.39183473160243976,0.8057535463064663,0.03951765558178121,0.10085286574819587,0.6081652683975602,42791
