{
  "name": "uncertainty_grid",
  "alpha": 0.17500000000000002,
  "theta": 0.9622165443040429,
  "calib_risk": 0.649576155318567,
  "calib_coverage": 0.5199617172545803
}