{
  "name": "uncertainty_grid",
  "alpha": 0.30000000000000004,
  "theta": 0.5055933699011804,
  "calib_risk": 1.0280526315789473,
  "calib_coverage": 0.85
}