{
  "name": "monotone_policy_net",
  "context_cols": [
    "ctx_severity",
    "ctx_corr_motion_blur",
    "ctx_corr_shot_noise",
    "ctx_corr_elastic_transform",
    "ctx_corr_contrast",
    "ctx_corr_zoom_blur",
    "ctx_corr_saturate",
    "ctx_corr_glass_blur",
    "ctx_corr_impulse_noise",
    "ctx_corr_brightness",
    "ctx_corr_frost",
    "ctx_corr_gaussian_blur",
    "ctx_corr_speckle_noise",
    "ctx_corr_snow",
    "ctx_corr_fog",
    "ctx_corr_pixelate",
    "ctx_corr_spatter",
    "ctx_corr_jpeg_compression",
    "ctx_corr_gaussian_noise",
    "ctx_corr_defocus_blur",
    "ctx_brightness",
    "ctx_contrast",
    "ctx_blur_risk",
    "ctx_saturation"
  ],
  "state_dict": {
    "b": -0.38986852765083313,
    "w_u_raw": 0.21095818281173706,
    "w_ctx": [
      3.055889368057251,
      -1.3595061302185059,
      0.7918088436126709,
      -2.345885992050171,
      -0.05481066554784775,
      -0.8563076257705688,
      -2.0744922161102295,
      0.578242301940918,
      0.9530385732650757,
      -2.356630802154541,
      -0.5359412431716919,
      0.23294886946678162,
      0.5770578980445862,
      -1.3917840719223022,
      -1.580081820487976,
      -0.05068826302886009,
      -2.5098681449890137,
      -1.7539459466934204,
      2.060683488845825,
      -0.9859122037887573,
      0.12365427613258362,
      -0.2572735548019409,
      -0.67112135887146,
      -1.1439526081085205
    ],
    "best_loss": 0.93779456615448
  }
}