policy,category,coverage,risk,wrong_auto_rate,auto_error_rate,defer_rate,n
uaat_monotone,breakfast_box,0.4909090909090909,2.827272727272727,0.2318181818181818,0.4722222222222222,0.509090909090909,220
uaat_monotone,juice_bottle,0.4053030303030303,2.034090909090909,0.14393939393939395,0.35514018691588783,0.5946969696969697,264
uaat_monotone,pushpins,0.9516129032258065,5.129032258064516,0.5080645161290323,0.5338983050847458,0.048387096774193505,248
uaat_monotone,screw_bag,0.6227106227106227,4.076923076923077,0.36996336996337,0.5941176470588235,0.3772893772893773,273
uaat_monotone,splicing_connectors,0.5341365461847389,2.8353413654618476,0.23694779116465864,0.44360902255639095,0.46586345381526106,249
