{
  "name": "uncertainty_grid",
  "alpha": 0.0,
  "theta": 0.10782994375806627,
  "calib_risk": 4.273885350318472,
  "calib_coverage": 0.7388535031847133
}