policy,coverage,risk,wrong_auto_rate,auto_error_rate,defer_rate,n
uaat_monotone,0.8670315789473684,1.0258828947368421,0.1785828947368421,0.20597046182983683,0.13296842105263162,760000
fixed,0.9198184210526316,1.1788592105263156,0.21973552631578946,0.23889011275108646,0.08018157894736844,760000
uncertainty_grid,0.9203355263157895,1.180907894736842,0.22024868421052632,0.239313465483841,0.07966447368421048,760000
