{
  "name": "uncertainty_grid",
  "alpha": 0.17500000000000002,
  "theta": 0.43997920715808864,
  "calib_risk": 1.1795526315789475,
  "calib_coverage": 0.92
}