{
  "name": "monotone_policy_net",
  "context_cols": [
    "ctx_severity",
    "ctx_corr_gaussian_noise",
    "ctx_corr_pixelate",
    "ctx_corr_frost",
    "ctx_corr_fog",
    "ctx_corr_brightness",
    "ctx_corr_glass_blur",
    "ctx_corr_gaussian_blur",
    "ctx_corr_snow",
    "ctx_corr_contrast",
    "ctx_corr_impulse_noise",
    "ctx_corr_zoom_blur",
    "ctx_corr_elastic_transform",
    "ctx_corr_saturate",
    "ctx_corr_defocus_blur",
    "ctx_corr_jpeg_compression",
    "ctx_corr_motion_blur",
    "ctx_corr_shot_noise",
    "ctx_corr_spatter",
    "ctx_corr_speckle_noise",
    "ctx_brightness",
    "ctx_contrast",
    "ctx_blur_risk",
    "ctx_saturation"
  ],
  "state_dict": {
    "b": -1.3103388547897339,
    "w_u_raw": -0.728708803653717,
    "w_ctx": [
      3.770847797393799,
      2.491750717163086,
      0.30406683683395386,
      -1.1407501697540283,
      -2.546435832977295,
      -1.99144446849823,
      0.6330547332763672,
      0.6505808234214783,
      -1.4186609983444214,
      -0.02676919288933277,
      1.3554434776306152,
      -1.2536640167236328,
      -1.9250975847244263,
      -1.2903364896774292,
      -0.7760829925537109,
      -1.488795518875122,
      -1.6639460325241089,
      1.2238483428955078,
      -2.219017267227173,
      1.3318110704421997,
      -0.14023853838443756,
      -1.2860007286071777,
      -0.6531336903572083,
      -2.0541887283325195
    ],
    "best_loss": 1.08116614818573
  }
}