policy,category,coverage,risk,wrong_auto_rate,auto_error_rate,defer_rate,n
fixed,breakfast_box,0.6090909090909091,3.4818181818181815,0.3090909090909091,0.5074626865671642,0.3909090909090909,220
fixed,juice_bottle,0.39015151515151514,2.087121212121212,0.14772727272727273,0.3786407766990291,0.6098484848484849,264
fixed,pushpins,0.6653225806451613,3.600806451612903,0.32661290322580644,0.4909090909090909,0.33467741935483875,248
fixed,screw_bag,0.8974358974358975,5.597069597069597,0.5494505494505495,0.6122448979591837,0.10256410256410253,273
fixed,splicing_connectors,0.6104417670682731,3.3614457831325297,0.2971887550200803,0.4868421052631579,0.38955823293172687,249
