policy,category,coverage,risk,wrong_auto_rate,auto_error_rate,defer_rate,n
uaat_monotone,breakfast_box,0.43636363636363634,2.6545454545454543,0.20909090909090908,0.4791666666666667,0.5636363636363637,220
uaat_monotone,juice_bottle,0.36742424242424243,2.0719696969696972,0.14393939393939395,0.3917525773195876,0.6325757575757576,264
uaat_monotone,pushpins,0.9153225806451613,4.883064516129033,0.4798387096774194,0.5242290748898678,0.08467741935483875,248
uaat_monotone,screw_bag,0.608058608058608,3.871794871794872,0.34798534798534797,0.572289156626506,0.391941391941392,273
uaat_monotone,splicing_connectors,0.5983935742971888,3.2931726907630523,0.2891566265060241,0.48322147651006714,0.40160642570281124,249
