{
  "name": "uncertainty_grid",
  "alpha": 0.0,
  "theta": 0.2040699543008848,
  "calib_risk": 3.563694267515923,
  "calib_coverage": 0.6210191082802548
}