{
  "name": "monotone_policy_net",
  "context_cols": [
    "ctx_cat_leather",
    "ctx_cat_hazelnut",
    "ctx_cat_bottle",
    "ctx_cat_carpet",
    "ctx_cat_metal_nut",
    "ctx_cat_grid",
    "ctx_cat_transistor",
    "ctx_cat_capsule",
    "ctx_cat_cable",
    "ctx_cat_toothbrush",
    "ctx_cat_screw",
    "ctx_cat_wood",
    "ctx_cat_zipper",
    "ctx_cat_tile",
    "ctx_cat_pill",
    "ctx_brightness",
    "ctx_contrast",
    "ctx_blur_risk",
    "ctx_saturation"
  ],
  "state_dict": {
    "b": -0.8907078504562378,
    "w_u_raw": -0.4476776719093323,
    "w_ctx": [
      -4.619425296783447,
      0.32645222544670105,
      -0.47346609830856323,
      -5.672601699829102,
      -0.21253851056098938,
      -0.9110351204872131,
      -1.383689284324646,
      0.7594720721244812,
      -2.1484522819519043,
      -0.22040289640426636,
      0.015594348311424255,
      -3.437981128692627,
      0.07470618933439255,
      -2.74395751953125,
      1.0680272579193115,
      -0.8293117880821228,
      -0.4661461412906647,
      -0.8445277810096741,
      -2.3794479370117188
    ],
    "best_loss": 4.994266033172607
  }
}