{
  "name": "monotone_policy_net",
  "context_cols": [
    "ctx_cat_toothbrush",
    "ctx_cat_grid",
    "ctx_cat_capsule",
    "ctx_cat_hazelnut",
    "ctx_cat_carpet",
    "ctx_cat_cable",
    "ctx_cat_leather",
    "ctx_cat_pill",
    "ctx_cat_screw",
    "ctx_cat_transistor",
    "ctx_cat_metal_nut",
    "ctx_cat_wood",
    "ctx_cat_tile",
    "ctx_cat_zipper",
    "ctx_cat_bottle",
    "ctx_brightness",
    "ctx_contrast",
    "ctx_blur_risk",
    "ctx_saturation"
  ],
  "state_dict": {
    "b": -0.7816615700721741,
    "w_u_raw": 0.3545159101486206,
    "w_ctx": [
      0.6575064063072205,
      -1.1823674440383911,
      0.8499280214309692,
      -1.0026121139526367,
      -3.3170278072357178,
      -0.7775909304618835,
      -2.7575442790985107,
      -0.27063947916030884,
      -0.11159112304449081,
      -0.49848803877830505,
      -0.5732942223548889,
      -1.875135064125061,
      -0.97684645652771,
      -0.09126634150743484,
      -0.3571828305721283,
      -0.5258344411849976,
      -0.3575422167778015,
      -0.7216464877128601,
      -1.406174898147583
    ],
    "best_loss": 3.805076837539673
  }
}