{
  "name": "uncertainty_grid",
  "alpha": 0.0,
  "theta": 0.019838096000000006,
  "calib_risk": 4.782608695652174,
  "calib_coverage": 0.7101449275362319
}