{
  "name": "uncertainty_grid",
  "alpha": 0.0,
  "theta": 0.04373830162204479,
  "calib_risk": 4.118840579710145,
  "calib_coverage": 0.6202898550724638
}