{
  "name": "monotone_policy_net",
  "context_cols": [
    "ctx_cat_leather",
    "ctx_cat_hazelnut",
    "ctx_cat_bottle",
    "ctx_cat_carpet",
    "ctx_cat_metal_nut",
    "ctx_cat_grid",
    "ctx_cat_transistor",
    "ctx_cat_capsule",
    "ctx_cat_cable",
    "ctx_cat_toothbrush",
    "ctx_cat_screw",
    "ctx_cat_wood",
    "ctx_cat_zipper",
    "ctx_cat_tile",
    "ctx_cat_pill",
    "ctx_brightness",
    "ctx_contrast",
    "ctx_blur_risk",
    "ctx_saturation"
  ],
  "state_dict": {
    "b": -0.7475608587265015,
    "w_u_raw": -0.10752273350954056,
    "w_ctx": [
      -5.04666805267334,
      -0.052947577089071274,
      -0.8943203687667847,
      0.5853646993637085,
      -0.45585477352142334,
      -1.2658485174179077,
      -1.708909034729004,
      0.9270913600921631,
      0.2962476313114166,
      -0.3790906071662903,
      -0.3853227198123932,
      -3.9123716354370117,
      -0.29765456914901733,
      -2.4969677925109863,
      0.6818740367889404,
      -0.671087384223938,
      -0.38837939500808716,
      -0.7343927025794983,
      -1.8132230043411255
    ],
    "best_loss": 4.294344902038574
  }
}