policy,coverage,risk,wrong_auto_rate,auto_error_rate,defer_rate,n
uaat_monotone,0.6811594202898551,4.4855072463768115,0.4166666666666667,0.6117021276595744,0.3188405797101449,1380
fixed,0.9623188405797102,6.950724637681159,0.691304347826087,0.7183734939759037,0.03768115942028982,1380
uncertainty_grid,0.9623188405797102,6.950724637681159,0.691304347826087,0.7183734939759037,0.03768115942028982,1380
