{
  "name": "monotone_policy_net",
  "context_cols": [
    "ctx_cat_grid",
    "ctx_cat_metal_nut",
    "ctx_cat_hazelnut",
    "ctx_cat_pill",
    "ctx_cat_screw",
    "ctx_cat_toothbrush",
    "ctx_cat_capsule",
    "ctx_cat_wood",
    "ctx_cat_transistor",
    "ctx_cat_cable",
    "ctx_cat_tile",
    "ctx_cat_bottle",
    "ctx_cat_zipper",
    "ctx_cat_leather",
    "ctx_cat_carpet",
    "ctx_brightness",
    "ctx_contrast",
    "ctx_blur_risk",
    "ctx_saturation"
  ],
  "state_dict": {
    "b": -1.226616382598877,
    "w_u_raw": -0.7876986861228943,
    "w_ctx": [
      -2.417869806289673,
      0.047721706330776215,
      -0.4089447855949402,
      -0.43595224618911743,
      -0.7805538177490234,
      -0.19831965863704681,
      -0.166998490691185,
      -2.5176565647125244,
      -0.31198275089263916,
      -1.6060450077056885,
      -2.3659896850585938,
      0.4054136574268341,
      1.0281789302825928,
      -3.44122052192688,
      -3.0552592277526855,
      -1.254603385925293,
      -0.7973669767379761,
      -1.1854530572891235,
      -1.7674394845962524
    ],
    "best_loss": 5.827398300170898
  }
}