{
  "name": "uncertainty_grid",
  "alpha": 0.0,
  "theta": 0.08197421752829881,
  "calib_risk": 3.7043478260869565,
  "calib_coverage": 0.5710144927536231
}