policy,wilds_split,coverage,risk,wrong_auto_rate,auto_error_rate,defer_rate,n
fixed,test,0.3423383421747564,0.7364165361875161,0.01575097567245449,0.04600996655061779,0.6576616578252437,42791
