{
  "name": "uncertainty_grid",
  "alpha": 0.07500000000000001,
  "theta": 0.9721160648223012,
  "calib_risk": 0.6212742685261143,
  "calib_coverage": 0.5099808586272901
}