{
  "name": "monotone_policy_net",
  "context_cols": [
    "ctx_cat_toothbrush",
    "ctx_cat_grid",
    "ctx_cat_capsule",
    "ctx_cat_hazelnut",
    "ctx_cat_carpet",
    "ctx_cat_cable",
    "ctx_cat_leather",
    "ctx_cat_pill",
    "ctx_cat_screw",
    "ctx_cat_transistor",
    "ctx_cat_metal_nut",
    "ctx_cat_wood",
    "ctx_cat_tile",
    "ctx_cat_zipper",
    "ctx_cat_bottle",
    "ctx_brightness",
    "ctx_contrast",
    "ctx_blur_risk",
    "ctx_saturation"
  ],
  "state_dict": {
    "b": -1.0644285678863525,
    "w_u_raw": 2.4457459449768066,
    "w_ctx": [
      0.1927512288093567,
      -0.27741342782974243,
      0.006553651299327612,
      -0.6963614225387573,
      -1.0012478828430176,
      -0.35293829441070557,
      -2.7087411880493164,
      -1.1931734085083008,
      -0.957791268825531,
      -1.2575796842575073,
      -1.3674250841140747,
      -2.4535608291625977,
      -2.015425205230713,
      0.8628101348876953,
      -1.511179804801941,
      0.15384359657764435,
      0.21111759543418884,
      -1.0535109043121338,
      -2.4765617847442627
    ],
    "best_loss": 2.718158721923828
  }
}