{
  "name": "uncertainty_grid",
  "alpha": 0.0,
  "theta": 0.1051681857999999,
  "calib_risk": 3.492753623188406,
  "calib_coverage": 0.5507246376811594
}