{
  "name": "monotone_policy_net",
  "context_cols": [
    "ctx_severity",
    "ctx_corr_gaussian_noise",
    "ctx_corr_pixelate",
    "ctx_corr_frost",
    "ctx_corr_fog",
    "ctx_corr_brightness",
    "ctx_corr_glass_blur",
    "ctx_corr_gaussian_blur",
    "ctx_corr_snow",
    "ctx_corr_contrast",
    "ctx_corr_impulse_noise",
    "ctx_corr_zoom_blur",
    "ctx_corr_elastic_transform",
    "ctx_corr_saturate",
    "ctx_corr_defocus_blur",
    "ctx_corr_jpeg_compression",
    "ctx_corr_motion_blur",
    "ctx_corr_shot_noise",
    "ctx_corr_spatter",
    "ctx_corr_speckle_noise",
    "ctx_brightness",
    "ctx_contrast",
    "ctx_blur_risk",
    "ctx_saturation"
  ],
  "state_dict": {
    "b": -0.9984668493270874,
    "w_u_raw": -1.4498016834259033,
    "w_ctx": [
      3.90908145904541,
      2.223613739013672,
      -0.04652765020728111,
      -1.3579429388046265,
      -2.4496309757232666,
      -1.985327124595642,
      -0.3847293257713318,
      0.32688477635383606,
      -1.97854745388031,
      0.025421347469091415,
      0.9922885894775391,
      -1.1650668382644653,
      -1.9087855815887451,
      -1.7878079414367676,
      -0.8254737854003906,
      -2.307741165161133,
      -1.538739800453186,
      0.8850050568580627,
      -2.326677083969116,
      0.5145894885063171,
      -0.1371011584997177,
      -1.4719653129577637,
      -1.2841575145721436,
      -2.0181589126586914
    ],
    "best_loss": 1.1500391960144043
  }
}