{
  "name": "uncertainty_grid",
  "alpha": 0.0,
  "theta": 0.49564223438501365,
  "calib_risk": 1.2491842105263158,
  "calib_coverage": 0.95
}