{
  "name": "uncertainty_grid",
  "alpha": 1.225,
  "theta": 0.9672290762714111,
  "calib_risk": 0.6383421052631579,
  "calib_coverage": 0.47
}