{
  "name": "monotone_policy_net",
  "context_cols": [
    "ctx_severity",
    "ctx_corr_fog",
    "ctx_corr_impulse_noise",
    "ctx_corr_snow",
    "ctx_corr_elastic_transform",
    "ctx_corr_zoom_blur",
    "ctx_corr_frost",
    "ctx_corr_contrast",
    "ctx_corr_pixelate",
    "ctx_corr_defocus_blur",
    "ctx_corr_saturate",
    "ctx_corr_motion_blur",
    "ctx_corr_gaussian_blur",
    "ctx_corr_speckle_noise",
    "ctx_corr_gaussian_noise",
    "ctx_corr_jpeg_compression",
    "ctx_corr_spatter",
    "ctx_corr_brightness",
    "ctx_corr_glass_blur",
    "ctx_corr_shot_noise",
    "ctx_brightness",
    "ctx_contrast",
    "ctx_blur_risk",
    "ctx_saturation"
  ],
  "state_dict": {
    "b": 0.9660682082176208,
    "w_u_raw": 1.6913628578186035,
    "w_ctx": [
      1.7825112342834473,
      -0.19703365862369537,
      1.7753437757492065,
      0.23573467135429382,
      -0.04195507615804672,
      0.4162835478782654,
      0.635805070400238,
      0.28903263807296753,
      0.6818780303001404,
      -0.13769887387752533,
      -0.7303571105003357,
      0.7171587944030762,
      0.6346552968025208,
      1.521201491355896,
      2.8374125957489014,
      0.22045326232910156,
      -0.07005243748426437,
      -1.1335667371749878,
      2.541003704071045,
      1.9375501871109009,
      0.8046272993087769,
      0.8595728874206543,
      0.8950261473655701,
      0.7223647236824036
    ],
    "best_loss": 0.6854130625724792
  }
}