policy,category,coverage,risk,wrong_auto_rate,auto_error_rate,defer_rate,n
fixed,breakfast_box,0.4681818181818182,2.668181818181818,0.21363636363636362,0.4563106796116505,0.5318181818181817,220
fixed,juice_bottle,0.3409090909090909,1.8333333333333335,0.11742424242424243,0.34444444444444444,0.6590909090909092,264
fixed,pushpins,0.592741935483871,3.310483870967742,0.2903225806451613,0.4897959183673469,0.407258064516129,248
fixed,screw_bag,0.7472527472527473,4.831501831501831,0.45787545787545786,0.6127450980392157,0.25274725274725274,273
fixed,splicing_connectors,0.5140562248995983,2.734939759036145,0.2248995983935743,0.4375,0.48594377510040165,249
