group,ece,mce,n
test,0.1913931673287618,0.4152495625244381,42791
ALL,0.18040656819411732,0.3934529559797348,50105
id_val,0.11612880451205916,0.3034660083317906,7314
