policy,category,coverage,risk,wrong_auto_rate,auto_error_rate,defer_rate,n
uncertainty_grid,breakfast_box,0.6636363636363637,3.745454545454545,0.3409090909090909,0.5136986301369864,0.3363636363636363,220
uncertainty_grid,juice_bottle,0.4128787878787879,2.1780303030303028,0.1590909090909091,0.3853211009174312,0.5871212121212122,264
uncertainty_grid,pushpins,0.7056451612903226,3.8427419354838714,0.3548387096774194,0.5028571428571429,0.2943548387096774,248
uncertainty_grid,screw_bag,0.9194139194139194,5.794871794871794,0.5714285714285714,0.6215139442231076,0.08058608058608063,273
uncertainty_grid,splicing_connectors,0.678714859437751,3.734939759036145,0.3413654618473896,0.5029585798816568,0.321285140562249,249
