policy,coverage,risk,wrong_auto_rate,auto_error_rate,defer_rate,n
uaat_monotone,0.5709728867623605,3.339712918660287,0.29106858054226475,0.5097765363128491,0.42902711323763953,1254
fixed,0.6778309409888357,3.878787878787879,0.35566188197767146,0.5247058823529411,0.3221690590111643,1254
uncertainty_grid,0.6778309409888357,3.878787878787879,0.35566188197767146,0.5247058823529411,0.3221690590111643,1254
