{
  "name": "monotone_policy_net",
  "context_cols": [
    "ctx_cat_splicing_connectors",
    "ctx_cat_screw_bag",
    "ctx_cat_pushpins",
    "ctx_cat_breakfast_box",
    "ctx_cat_juice_bottle",
    "ctx_brightness",
    "ctx_contrast",
    "ctx_blur_risk",
    "ctx_saturation"
  ],
  "state_dict": {
    "b": -0.4283055067062378,
    "w_u_raw": 0.9395396709442139,
    "w_ctx": [
      -0.7017241716384888,
      -0.9235146045684814,
      -0.3095899820327759,
      0.5483110547065735,
      -0.6989070773124695,
      -1.1878705024719238,
      -1.1871414184570312,
      -0.49933603405952454,
      -0.699889600276947
    ],
    "best_loss": 3.291865110397339
  }
}