{
  "name": "monotone_policy_net",
  "context_cols": [
    "ctx_cat_screw_bag",
    "ctx_cat_pushpins",
    "ctx_cat_splicing_connectors",
    "ctx_cat_juice_bottle",
    "ctx_cat_breakfast_box",
    "ctx_brightness",
    "ctx_contrast",
    "ctx_blur_risk",
    "ctx_saturation"
  ],
  "state_dict": {
    "b": -0.6937012076377869,
    "w_u_raw": 0.1581212729215622,
    "w_ctx": [
      0.47897017002105713,
      -3.2636804580688477,
      -0.6718924641609192,
      -0.814216136932373,
      0.03891966864466667,
      -0.20869961380958557,
      -0.3077422082424164,
      -0.6438907384872437,
      -0.3746635615825653
    ],
    "best_loss": 3.8254740238189697
  }
}