{
  "name": "uncertainty_grid",
  "alpha": 0.0,
  "theta": 0.08075949563027113,
  "calib_risk": 4.445859872611464,
  "calib_coverage": 0.7579617834394905
}