policy,coverage,risk,wrong_auto_rate,auto_error_rate,defer_rate,n
uaat_monotone,0.49362041467304624,2.8508771929824563,0.23444976076555024,0.47495961227786754,0.5063795853269537,1254
fixed,0.5845295055821371,3.366028708133971,0.29505582137161085,0.504774897680764,0.4154704944178629,1254
uncertainty_grid,0.5845295055821371,3.366028708133971,0.29505582137161085,0.504774897680764,0.4154704944178629,1254
