{
  "name": "uncertainty_grid",
  "alpha": 0.0,
  "theta": 0.2502898639913481,
  "calib_risk": 3.3821656050955413,
  "calib_coverage": 0.5796178343949044
}