policy,category,coverage,risk,wrong_auto_rate,auto_error_rate,defer_rate,n
uaat_monotone,breakfast_box,0.6136363636363636,3.431818181818182,0.30454545454545456,0.4962962962962963,0.38636363636363635,220
uaat_monotone,juice_bottle,0.375,1.875,0.125,0.3333333333333333,0.625,264
uaat_monotone,pushpins,0.5040322580645161,2.955645161290323,0.24596774193548387,0.488,0.4959677419354839,248
uaat_monotone,screw_bag,0.9084249084249084,5.769230769230768,0.5677655677655677,0.625,0.09157509157509158,273
uaat_monotone,splicing_connectors,0.5261044176706827,2.8032128514056227,0.23293172690763053,0.44274809160305345,0.4738955823293173,249
