policy,coverage,risk,wrong_auto_rate,auto_error_rate,defer_rate,n
uaat_monotone,0.5885167464114832,3.393939393939394,0.2982456140350877,0.5067750677506775,0.4114832535885168,1254
fixed,0.7503987240829346,4.300637958532696,0.405103668261563,0.5398512221041445,0.24960127591706538,1254
uncertainty_grid,0.7503987240829346,4.300637958532696,0.405103668261563,0.5398512221041445,0.24960127591706538,1254
