{
  "name": "uncertainty_grid",
  "alpha": 0.0,
  "theta": 0.09577041742553798,
  "calib_risk": 4.528662420382166,
  "calib_coverage": 0.7707006369426752
}