policy,coverage,risk,wrong_auto_rate,auto_error_rate,defer_rate,n
fixed,0.4002477156411395,0.8153350003505411,0.0431165431983361,0.10772464529689964,0.5997522843588605,42791
uncertainty_grid,0.4002477156411395,0.8153350003505411,0.0431165431983361,0.10772464529689964,0.5997522843588605,42791
uaat_monotone,0.41990138113154635,0.8416022060713702,0.0523007174405833,0.12455476402493322,0.5800986188684536,42791
