{
  "name": "uncertainty_grid",
  "alpha": 0.0,
  "theta": 0.9636918425559996,
  "calib_risk": 0.6520371889526935,
  "calib_coverage": 0.5400601585999453
}