{
  "name": "uncertainty_grid",
  "alpha": 0.0,
  "theta": 4.522566323254645e-05,
  "calib_risk": 5.529411764705882,
  "calib_coverage": 0.7647058823529411
}