policy,category,coverage,risk,wrong_auto_rate,auto_error_rate,defer_rate,n
uncertainty_grid,breakfast_box,0.8545454545454545,4.963636363636364,0.4818181818181818,0.5638297872340425,0.1454545454545455,220
uncertainty_grid,juice_bottle,0.6060606060606061,3.6136363636363638,0.32196969696969696,0.53125,0.3939393939393939,264
uncertainty_grid,pushpins,0.9516129032258065,5.129032258064516,0.5080645161290323,0.5338983050847458,0.048387096774193505,248
uncertainty_grid,screw_bag,0.9963369963369964,6.377289377289377,0.6373626373626373,0.6397058823529411,0.00366300366300365,273
uncertainty_grid,splicing_connectors,0.8514056224899599,4.847389558232932,0.46987951807228917,0.5518867924528302,0.14859437751004012,249
