policy,coverage,risk,wrong_auto_rate,auto_error_rate,defer_rate,n
uaat_monotone,0.6610845295055822,3.823763955342903,0.3484848484848485,0.5271411338962606,0.33891547049441784,1254
fixed,0.8516746411483254,4.996810207336523,0.48484848484848486,0.5692883895131086,0.14832535885167464,1254
uncertainty_grid,0.8516746411483254,4.996810207336523,0.48484848484848486,0.5692883895131086,0.14832535885167464,1254
