policy,category,coverage,risk,wrong_auto_rate,auto_error_rate,defer_rate,n
uncertainty_grid,breakfast_box,0.4090909090909091,2.3181818181818183,0.17272727272727273,0.4222222222222222,0.5909090909090908,220
uncertainty_grid,juice_bottle,0.3181818181818182,1.7424242424242424,0.10606060606060606,0.3333333333333333,0.6818181818181819,264
uncertainty_grid,pushpins,0.5403225806451613,3.0,0.2540322580645161,0.4701492537313433,0.45967741935483875,248
uncertainty_grid,screw_bag,0.6813186813186813,4.347985347985348,0.40293040293040294,0.5913978494623656,0.31868131868131866,273
uncertainty_grid,splicing_connectors,0.4819277108433735,2.566265060240964,0.20481927710843373,0.425,0.5180722891566265,249
