{
  "name": "uncertainty_grid",
  "alpha": 0.0,
  "theta": 0.3332817782185323,
  "calib_risk": 2.694267515923567,
  "calib_coverage": 0.4713375796178344
}