policy,wilds_split,coverage,risk,wrong_auto_rate,auto_error_rate,defer_rate,n
uaat_monotone,test,0.5996120679582155,1.123437171367811,0.1446098478652053,0.24117234390833267,0.40038793204178447,42791
