policy,coverage,risk,wrong_auto_rate,auto_error_rate,defer_rate,n
uncertainty_grid,0.5880442149050034,1.091187399219462,0.1358463228248931,0.2310137900886222,0.41195578509499664,42791
fixed,0.5977658853497231,1.1178051459419036,0.14311420625832535,0.23941514523632668,0.4022341146502769,42791
uaat_monotone,0.5996120679582155,1.123437171367811,0.1446098478652053,0.24117234390833267,0.40038793204178447,42791
