{
  "name": "uncertainty_grid",
  "alpha": 1.625,
  "theta": 0.3031495643034577,
  "calib_risk": 0.7426852611430134,
  "calib_coverage": 0.7700300792999727
}