policy,coverage,risk,wrong_auto_rate,auto_error_rate,defer_rate,n
uaat_monotone,0.5534290271132376,3.149920255183414,0.2703349282296651,0.4884726224783862,0.4465709728867624,1254
fixed,0.6866028708133971,3.9098883572567784,0.35964912280701755,0.5238095238095238,0.3133971291866029,1254
uncertainty_grid,0.6866028708133971,3.9098883572567784,0.35964912280701755,0.5238095238095238,0.3133971291866029,1254
