{
  "name": "uncertainty_grid",
  "alpha": 0.0,
  "theta": 0.1674858547756578,
  "calib_risk": 3.627388535031847,
  "calib_coverage": 0.6210191082802548
}