{
  "name": "uncertainty_grid",
  "alpha": 0.0,
  "theta": 0.00027220752519630025,
  "calib_risk": 5.947826086956522,
  "calib_coverage": 0.8492753623188406
}