{
  "name": "monotone_policy_net",
  "context_cols": [
    "ctx_severity",
    "ctx_corr_gaussian_noise",
    "ctx_corr_pixelate",
    "ctx_corr_frost",
    "ctx_corr_fog",
    "ctx_corr_brightness",
    "ctx_corr_glass_blur",
    "ctx_corr_gaussian_blur",
    "ctx_corr_snow",
    "ctx_corr_contrast",
    "ctx_corr_impulse_noise",
    "ctx_corr_zoom_blur",
    "ctx_corr_elastic_transform",
    "ctx_corr_saturate",
    "ctx_corr_defocus_blur",
    "ctx_corr_jpeg_compression",
    "ctx_corr_motion_blur",
    "ctx_corr_shot_noise",
    "ctx_corr_spatter",
    "ctx_corr_speckle_noise",
    "ctx_brightness",
    "ctx_contrast",
    "ctx_blur_risk",
    "ctx_saturation"
  ],
  "state_dict": {
    "b": 0.27635204792022705,
    "w_u_raw": 1.532131314277649,
    "w_ctx": [
      2.1859617233276367,
      2.105863094329834,
      0.2105128914117813,
      -0.31610944867134094,
      -1.3394047021865845,
      -1.5653201341629028,
      1.245864987373352,
      0.4821530282497406,
      -0.5564048290252686,
      0.19980488717556,
      1.0937293767929077,
      -0.1793147176504135,
      -1.3302243947982788,
      -1.6341798305511475,
      -0.45971426367759705,
      -0.7719908356666565,
      -0.09058034420013428,
      1.1509252786636353,
      -0.9493412375450134,
      0.7333121299743652,
      0.14552438259124756,
      0.1368076354265213,
      0.011816749349236488,
      -0.411416232585907
    ],
    "best_loss": 0.7343476414680481
  }
}