{
  "name": "uncertainty_grid",
  "alpha": 0.30000000000000004,
  "theta": 0.7858077838420868,
  "calib_risk": 0.7915526315789474,
  "calib_coverage": 0.71
}