{
  "name": "uncertainty_grid",
  "alpha": 0.0,
  "theta": 0.8519068217277527,
  "calib_risk": 0.6516270166803391,
  "calib_coverage": 0.6799289034727919
}