policy,coverage,risk,wrong_auto_rate,auto_error_rate,defer_rate,n
uaat_monotone,0.8747644736842105,1.042696052631579,0.1834921052631579,0.20976172533659437,0.1252355263157895,760000
fixed,0.9307315789473685,1.204932894736842,0.22713289473684212,0.24403694886309016,0.06926842105263153,760000
uncertainty_grid,0.9307315789473685,1.204932894736842,0.22713289473684212,0.24403694886309016,0.06926842105263153,760000
