{
  "name": "monotone_policy_net",
  "context_cols": [
    "ctx_severity",
    "ctx_corr_motion_blur",
    "ctx_corr_shot_noise",
    "ctx_corr_elastic_transform",
    "ctx_corr_contrast",
    "ctx_corr_zoom_blur",
    "ctx_corr_saturate",
    "ctx_corr_glass_blur",
    "ctx_corr_impulse_noise",
    "ctx_corr_brightness",
    "ctx_corr_frost",
    "ctx_corr_gaussian_blur",
    "ctx_corr_speckle_noise",
    "ctx_corr_snow",
    "ctx_corr_fog",
    "ctx_corr_pixelate",
    "ctx_corr_spatter",
    "ctx_corr_jpeg_compression",
    "ctx_corr_gaussian_noise",
    "ctx_corr_defocus_blur",
    "ctx_brightness",
    "ctx_contrast",
    "ctx_blur_risk",
    "ctx_saturation"
  ],
  "state_dict": {
    "b": -1.2734979391098022,
    "w_u_raw": -1.231845736503601,
    "w_ctx": [
      4.237738609313965,
      -0.910319447517395,
      1.3966965675354004,
      -2.8039052486419678,
      0.2871466279029846,
      -0.3047329783439636,
      -1.1330558061599731,
      0.5361633896827698,
      1.202357292175293,
      -1.5380300283432007,
      -0.4939570426940918,
      0.9126998782157898,
      0.44955337047576904,
      -1.8791522979736328,
      -1.5922648906707764,
      0.17318439483642578,
      -2.2281734943389893,
      -2.0102503299713135,
      2.2369251251220703,
      -0.8144302368164062,
      0.029258498921990395,
      -0.28876596689224243,
      -1.6211555004119873,
      -3.3300671577453613
    ],
    "best_loss": 1.1022770404815674
  }
}