{
  "name": "uncertainty_grid",
  "alpha": 0.0,
  "theta": 0.5234223258495331,
  "calib_risk": 1.2005526315789474,
  "calib_coverage": 0.93
}