policy,wilds_split,coverage,risk,wrong_auto_rate,auto_error_rate,defer_rate,n
fixed,test,0.4375452782127083,0.8694117921992942,0.0613914140824005,0.14030871121081023,0.5624547217872917,42791
