policy,wilds_split,coverage,risk,wrong_auto_rate,auto_error_rate,defer_rate,n
uncertainty_grid,test,0.4374985394124933,0.8685237549952093,0.06120445888154051,0.13989637305699482,0.5625014605875067,42791
