policy,wilds_split,coverage,risk,wrong_auto_rate,auto_error_rate,defer_rate,n
uaat_monotone,test,0.4487625902643079,0.8843682082680937,0.06662615970648034,0.14846638546060512,0.551237409735692,42791
