{
  "name": "uncertainty_grid",
  "alpha": 1.85,
  "theta": 0.7857847248129547,
  "calib_risk": 0.6648892534864643,
  "calib_coverage": 0.6099261689909762
}