target_coverage,policy_base,policy_prop,coverage_base,coverage_prop,coverage_gap,risk_base,risk_prop,risk_delta_base_minus_prop,wrong_auto_base,wrong_auto_prop,source_base,source_prop
0.6,fixed,uaat_monotone,0.6,0.6,0.0,2.178985507246377,2.15,0.02898550724637694,0.3557971014492753,0.35,runs\e2_mvtec_ad\policy_cov60,runs\e2_mvtec_ad\policy_cov60
0.7,fixed,uaat_monotone,0.7,0.7,0.0,2.521014492753623,2.488405797101449,0.032608695652173836,0.4442028985507246,0.4376811594202898,runs\e2_mvtec_ad\policy_cov70,runs\e2_mvtec_ad\policy_cov70
0.8,fixed,uaat_monotone,0.8,0.8,0.0,2.855797101449276,2.8594202898550725,-0.0036231884057964514,0.5311594202898551,0.5318840579710145,runs\e2_mvtec_ad\policy_cov80,runs\e2_mvtec_ad\policy_cov80
0.9,fixed,uaat_monotone,0.9,0.9,0.0,3.244927536231884,3.248550724637681,-0.0036231884057968955,0.6289855072463768,0.6297101449275362,runs\e2_mvtec_ad\policy_cov90,runs\e2_mvtec_ad\policy_cov90
