policy,wilds_split,coverage,risk,wrong_auto_rate,auto_error_rate,defer_rate,n
fixed,test,0.44630880325302047,0.8820312682573439,0.06566801430207286,0.14713582574091527,0.5536911967469795,42791
