policy,wilds_split,coverage,risk,wrong_auto_rate,auto_error_rate,defer_rate,n
uaat_monotone,test,0.45254843308172277,0.8908649014979786,0.06868266691594027,0.1517686547895688,0.5474515669182772,42791
