{
  "name": "uncertainty_grid",
  "alpha": 0.07500000000000001,
  "theta": 0.9165247826091946,
  "calib_risk": 0.668444079846869,
  "calib_coverage": 0.6200437517090511
}