{
  "name": "uncertainty_grid",
  "alpha": 1.85,
  "theta": 0.9334353942889719,
  "calib_risk": 0.6388421052631579,
  "calib_coverage": 0.5
}