{
  "name": "monotone_policy_net",
  "context_cols": [
    "ctx_severity",
    "ctx_corr_motion_blur",
    "ctx_corr_shot_noise",
    "ctx_corr_elastic_transform",
    "ctx_corr_contrast",
    "ctx_corr_zoom_blur",
    "ctx_corr_saturate",
    "ctx_corr_glass_blur",
    "ctx_corr_impulse_noise",
    "ctx_corr_brightness",
    "ctx_corr_frost",
    "ctx_corr_gaussian_blur",
    "ctx_corr_speckle_noise",
    "ctx_corr_snow",
    "ctx_corr_fog",
    "ctx_corr_pixelate",
    "ctx_corr_spatter",
    "ctx_corr_jpeg_compression",
    "ctx_corr_gaussian_noise",
    "ctx_corr_defocus_blur",
    "ctx_brightness",
    "ctx_contrast",
    "ctx_blur_risk",
    "ctx_saturation"
  ],
  "state_dict": {
    "b": 0.9045329689979553,
    "w_u_raw": 1.8456553220748901,
    "w_ctx": [
      1.7558538913726807,
      0.4673806130886078,
      1.831709384918213,
      -0.35414376854896545,
      0.23929041624069214,
      0.30871063470840454,
      -0.7843860983848572,
      2.5983476638793945,
      1.6887602806091309,
      -1.1619818210601807,
      0.5213828086853027,
      0.5828611254692078,
      1.3240740299224854,
      0.13889043033123016,
      -0.21177563071250916,
      0.6926486492156982,
      -0.22044625878334045,
      0.04339836165308952,
      2.953400135040283,
      -0.06860602647066116,
      0.7293269634246826,
      0.7574398517608643,
      0.8311247825622559,
      0.5824412703514099
    ],
    "best_loss": 0.6721225380897522
  }
}