{
  "name": "uncertainty_grid",
  "alpha": 0.0,
  "theta": 0.050671861916074916,
  "calib_risk": 4.101449275362318,
  "calib_coverage": 0.6086956521739131
}