policy,wilds_split,coverage,risk,wrong_auto_rate,auto_error_rate,defer_rate,n
fixed,test,0.49314108106844895,0.894206725713351,0.07746956135635998,0.1570941143019619,0.5068589189315511,42791
