policy,wilds_split,coverage,risk,wrong_auto_rate,auto_error_rate,defer_rate,n
uncertainty_grid,test,0.492813909466944,0.8938328153116311,0.07732934495571499,0.15691388467374812,0.5071860905330561,42791
