policy,coverage,risk,wrong_auto_rate,auto_error_rate,defer_rate,n
uaat_monotone,0.48112920941319437,0.8739688252202567,0.0710196069266902,0.14761025840295317,0.5188707905868056,42791
uncertainty_grid,0.492813909466944,0.8938328153116311,0.07732934495571499,0.15691388467374812,0.5071860905330561,42791
fixed,0.49314108106844895,0.894206725713351,0.07746956135635998,0.1570941143019619,0.5068589189315511,42791
