{
  "name": "uncertainty_grid",
  "alpha": 0.025,
  "theta": 0.834232348844409,
  "calib_risk": 0.6614711512168444,
  "calib_coverage": 0.689909762100082
}