{
  "name": "uncertainty_grid",
  "alpha": 0.0,
  "theta": 0.14973622412897877,
  "calib_risk": 2.915942028985507,
  "calib_coverage": 0.4608695652173913
}