{
  "name": "monotone_policy_net",
  "context_cols": [
    "ctx_cat_hazelnut",
    "ctx_cat_bottle",
    "ctx_cat_toothbrush",
    "ctx_cat_pill",
    "ctx_cat_carpet",
    "ctx_cat_wood",
    "ctx_cat_grid",
    "ctx_cat_capsule",
    "ctx_cat_metal_nut",
    "ctx_cat_tile",
    "ctx_cat_transistor",
    "ctx_cat_leather",
    "ctx_cat_cable",
    "ctx_cat_screw",
    "ctx_cat_zipper",
    "ctx_brightness",
    "ctx_contrast",
    "ctx_blur_risk",
    "ctx_saturation"
  ],
  "state_dict": {
    "b": -1.3587607145309448,
    "w_u_raw": 2.375239610671997,
    "w_ctx": [
      -1.028301477432251,
      -2.0374069213867188,
      -0.14992094039916992,
      -0.8909611701965332,
      -1.1676634550094604,
      3.601802189834302e-11,
      0.5859565138816833,
      -0.9248637557029724,
      -1.0744346380233765,
      -2.232684850692749,
      -1.251849889755249,
      -2.8648293018341064,
      -1.3599880933761597,
      -0.5345777273178101,
      -0.3578867018222809,
      1.7425662279129028,
      -0.7575291395187378,
      -1.2922248840332031,
      1.297892689704895
    ],
    "best_loss": 2.2982728481292725
  }
}