{
  "name": "uncertainty_grid",
  "alpha": 0.0,
  "theta": 0.23938591889813132,
  "calib_risk": 3.210191082802548,
  "calib_coverage": 0.5605095541401274
}