{
  "name": "monotone_policy_net",
  "context_cols": [
    "ctx_cat_splicing_connectors",
    "ctx_cat_pushpins",
    "ctx_cat_juice_bottle",
    "ctx_cat_breakfast_box",
    "ctx_cat_screw_bag",
    "ctx_brightness",
    "ctx_contrast",
    "ctx_blur_risk",
    "ctx_saturation"
  ],
  "state_dict": {
    "b": -0.6383448243141174,
    "w_u_raw": 1.4768450260162354,
    "w_ctx": [
      -0.5300143957138062,
      -0.6080204248428345,
      -1.3109997510910034,
      -0.34965068101882935,
      -0.4504263699054718,
      -0.13850587606430054,
      0.8843239545822144,
      -0.7118081450462341,
      -2.020812749862671
    ],
    "best_loss": 2.9391226768493652
  }
}