policy,category,coverage,risk,wrong_auto_rate,auto_error_rate,defer_rate,n
uaat_monotone,breakfast_box,0.43636363636363634,2.6545454545454543,0.20909090909090908,0.4791666666666667,0.5636363636363637,220
uaat_monotone,juice_bottle,0.36742424242424243,2.0719696969696972,0.14393939393939395,0.3917525773195876,0.6325757575757576,264
uaat_monotone,pushpins,0.5201612903225806,2.8588709677419355,0.23790322580645162,0.4573643410852713,0.4798387096774194,248
uaat_monotone,screw_bag,0.63003663003663,4.032967032967033,0.3663003663003663,0.5813953488372093,0.36996336996337,273
uaat_monotone,splicing_connectors,0.5983935742971888,3.2931726907630523,0.2891566265060241,0.48322147651006714,0.40160642570281124,249
