{
  "name": "uncertainty_grid",
  "alpha": 0.0,
  "theta": 0.2603213173473197,
  "calib_risk": 3.178343949044586,
  "calib_coverage": 0.5605095541401274
}