policy,category,coverage,risk,wrong_auto_rate,auto_error_rate,defer_rate,n
uaat_monotone,breakfast_box,0.4863636363636364,2.786363636363636,0.22727272727272727,0.4672897196261682,0.5136363636363637,220
uaat_monotone,juice_bottle,0.2196969696969697,1.3106060606060606,0.05303030303030303,0.2413793103448276,0.7803030303030303,264
uaat_monotone,pushpins,0.532258064516129,3.008064516129032,0.2540322580645161,0.4772727272727273,0.467741935483871,248
uaat_monotone,screw_bag,0.2857142857142857,2.0695970695970693,0.13553113553113552,0.47435897435897434,0.7142857142857143,273
uaat_monotone,splicing_connectors,0.5180722891566265,2.7710843373493974,0.2289156626506024,0.4418604651162791,0.4819277108433735,249
