policy,coverage,risk,wrong_auto_rate,auto_error_rate,defer_rate,n
uaat_monotone,0.4019138755980861,2.360446570972887,0.1762360446570973,0.4384920634920635,0.5980861244019139,1254
fixed,0.5279106858054227,3.039872408293461,0.2567783094098884,0.486404833836858,0.47208931419457734,1254
uncertainty_grid,0.5279106858054227,3.039872408293461,0.2567783094098884,0.486404833836858,0.47208931419457734,1254
