{
  "name": "uncertainty_grid",
  "alpha": 0.0,
  "theta": 0.2974652487697218,
  "calib_risk": 2.888535031847134,
  "calib_coverage": 0.5
}