policy,category,coverage,risk,wrong_auto_rate,auto_error_rate,defer_rate,n
uaat_monotone,bottle,0.3181818181818182,1.1363636363636365,0.09090909090909091,0.2857142857142857,0.6818181818181819,66
uaat_monotone,cable,0.7833333333333333,2.216666666666667,0.4,0.5106382978723404,0.21666666666666667,120
uaat_monotone,capsule,0.8380952380952381,3.495238095238095,0.6666666666666666,0.7954545454545454,0.16190476190476188,105
uaat_monotone,carpet,1.0,3.817204301075269,0.7634408602150538,0.7634408602150538,0.0,93
uaat_monotone,grid,0.9841269841269841,3.5873015873015874,0.7142857142857143,0.7258064516129032,0.015873015873015928,63
uaat_monotone,hazelnut,0.7272727272727273,2.090909090909091,0.36363636363636365,0.5,0.2727272727272727,88
uaat_monotone,leather,1.0,3.7,0.74,0.74,0.0,100
uaat_monotone,metal_nut,0.7282608695652174,2.989130434782609,0.5434782608695652,0.746268656716418,0.2717391304347826,92
uaat_monotone,pill,0.8731343283582089,3.746268656716418,0.7238805970149254,0.8290598290598291,0.12686567164179108,134
uaat_monotone,screw,1.0,3.7109375,0.7421875,0.7421875,0.0,128
uaat_monotone,tile,0.3870967741935484,1.2043010752688172,0.11827956989247312,0.3055555555555556,0.6129032258064516,93
uaat_monotone,toothbrush,0.5882352941176471,1.8823529411764706,0.29411764705882354,0.5,0.4117647058823529,34
uaat_monotone,transistor,0.85,1.4,0.25,0.29411764705882354,0.15000000000000002,80
uaat_monotone,wood,1.0,3.8095238095238093,0.7619047619047619,0.7619047619047619,0.0,63
uaat_monotone,zipper,0.6859504132231405,2.6694214876033056,0.47107438016528924,0.6867469879518072,0.31404958677685946,121
