{
  "name": "monotone_policy_net",
  "context_cols": [
    "ctx_cat_toothbrush",
    "ctx_cat_grid",
    "ctx_cat_capsule",
    "ctx_cat_hazelnut",
    "ctx_cat_carpet",
    "ctx_cat_cable",
    "ctx_cat_leather",
    "ctx_cat_pill",
    "ctx_cat_screw",
    "ctx_cat_transistor",
    "ctx_cat_metal_nut",
    "ctx_cat_wood",
    "ctx_cat_tile",
    "ctx_cat_zipper",
    "ctx_cat_bottle",
    "ctx_brightness",
    "ctx_contrast",
    "ctx_blur_risk",
    "ctx_saturation"
  ],
  "state_dict": {
    "b": -1.0072956085205078,
    "w_u_raw": -0.635596513748169,
    "w_ctx": [
      -0.2921900153160095,
      -0.5490555763244629,
      -0.6765052080154419,
      -0.6173895001411438,
      -3.5858023166656494,
      -0.6531076431274414,
      -3.6973705291748047,
      -0.47853586077690125,
      -0.8659462928771973,
      -0.328220397233963,
      -0.6910505294799805,
      -2.230268716812134,
      -0.4137035310268402,
      -0.5815793871879578,
      -0.10145771503448486,
      -1.0006202459335327,
      -0.8097583651542664,
      -0.9842717051506042,
      -1.4180476665496826
    ],
    "best_loss": 2.6773629188537598
  },
  "use_inputs": [
    "ctx",
    "score",
    "uncertainty"
  ],
  "test_margin_offset": -0.036537762322598887,
  "recalibrated_on_test": true
}