{
  "name": "monotone_policy_net",
  "context_cols": [
    "ctx_severity",
    "ctx_corr_motion_blur",
    "ctx_corr_shot_noise",
    "ctx_corr_elastic_transform",
    "ctx_corr_contrast",
    "ctx_corr_zoom_blur",
    "ctx_corr_saturate",
    "ctx_corr_glass_blur",
    "ctx_corr_impulse_noise",
    "ctx_corr_brightness",
    "ctx_corr_frost",
    "ctx_corr_gaussian_blur",
    "ctx_corr_speckle_noise",
    "ctx_corr_snow",
    "ctx_corr_fog",
    "ctx_corr_pixelate",
    "ctx_corr_spatter",
    "ctx_corr_jpeg_compression",
    "ctx_corr_gaussian_noise",
    "ctx_corr_defocus_blur",
    "ctx_brightness",
    "ctx_contrast",
    "ctx_blur_risk",
    "ctx_saturation"
  ],
  "state_dict": {
    "b": -0.354925274848938,
    "w_u_raw": 1.4265449047088623,
    "w_ctx": [
      3.0769598484039307,
      -1.0813729763031006,
      1.0448061227798462,
      -2.7280492782592773,
      -0.45784810185432434,
      -1.1592127084732056,
      -1.5457452535629272,
      0.6269066333770752,
      1.103676676750183,
      -2.7605834007263184,
      -0.5963071584701538,
      -0.006654750555753708,
      0.74164879322052,
      -1.698197841644287,
      -1.990116834640503,
      -0.10610060393810272,
      -2.0901613235473633,
      -1.864017367362976,
      2.1495187282562256,
      -1.3548223972320557,
      0.030358733609318733,
      -0.9586896896362305,
      -0.3788038492202759,
      -1.6930129528045654
    ],
    "best_loss": 1.771167278289795
  }
}