{
  "name": "monotone_policy_net",
  "context_cols": [
    "ctx_cat_grid",
    "ctx_cat_metal_nut",
    "ctx_cat_hazelnut",
    "ctx_cat_pill",
    "ctx_cat_screw",
    "ctx_cat_toothbrush",
    "ctx_cat_capsule",
    "ctx_cat_wood",
    "ctx_cat_transistor",
    "ctx_cat_cable",
    "ctx_cat_tile",
    "ctx_cat_bottle",
    "ctx_cat_zipper",
    "ctx_cat_leather",
    "ctx_cat_carpet",
    "ctx_brightness",
    "ctx_contrast",
    "ctx_blur_risk",
    "ctx_saturation"
  ],
  "state_dict": {
    "b": -0.9488686919212341,
    "w_u_raw": -0.4339640736579895,
    "w_ctx": [
      -3.188157320022583,
      0.9126002192497253,
      -0.6502695083618164,
      0.480316162109375,
      0.12202098965644836,
      0.5874167084693909,
      1.1522235870361328,
      -2.2505698204040527,
      0.20524105429649353,
      -1.9351736307144165,
      -2.191927671432495,
      -0.2075684666633606,
      0.2926771938800812,
      -3.7590208053588867,
      -3.3921682834625244,
      -0.8601338267326355,
      -0.43304964900016785,
      -0.8889614939689636,
      -1.7596888542175293
    ],
    "best_loss": 4.686627388000488
  }
}