policy,wilds_split,coverage,risk,wrong_auto_rate,auto_error_rate,defer_rate,n
fixed,test,0.35862681404968333,0.7420953004136384,0.020144422892664344,0.05617098918284895,0.6413731859503167,42791
