policy,wilds_split,coverage,risk,wrong_auto_rate,auto_error_rate,defer_rate,n
uaat_monotone,test,0.3811081769530976,0.754434343670398,0.027108504124699118,0.07113073338238901,0.6188918230469024,42791
