{
  "name": "uncertainty_grid",
  "alpha": 0.0,
  "theta": 0.9664714193344117,
  "calib_risk": 0.6117035821711786,
  "calib_coverage": 0.5400601585999453
}