policy,wilds_split,coverage,risk,wrong_auto_rate,auto_error_rate,defer_rate,n
fixed,test,0.5824822976794186,1.1758547358089317,0.15166740669767007,0.2603811434302909,0.4175177023205814,42791
