policy,wilds_split,coverage,risk,wrong_auto_rate,auto_error_rate,defer_rate,n
uncertainty_grid,test,0.5748872426444813,1.15260218270197,0.14549788506929026,0.25308943089430896,0.4251127573555187,42791
