policy,wilds_split,coverage,risk,wrong_auto_rate,auto_error_rate,defer_rate,n
uaat_monotone,test,0.5293402818349653,1.047416512818116,0.11535135893061625,0.21791532382676262,0.4706597181650347,42791
