{
  "name": "uncertainty_grid",
  "alpha": 2.825,
  "theta": 0.10319533999264248,
  "calib_risk": 0.8669674596663932,
  "calib_coverage": 0.7599124965818977
}