{
  "name": "uncertainty_grid",
  "alpha": 0.0,
  "theta": 0.03556032456399999,
  "calib_risk": 4.446376811594202,
  "calib_coverage": 0.6695652173913044
}