policy,wilds_split,coverage,risk,wrong_auto_rate,auto_error_rate,defer_rate,n
fixed,test,0.9138136524035428,2.178682433221939,0.4184992171250964,0.4579699767281283,0.08618634759645716,42791
