policy,wilds_split,coverage,risk,wrong_auto_rate,auto_error_rate,defer_rate,n
uaat_monotone,test,0.8135589259423711,1.8754644668271365,0.3378046785539015,0.41521845287679887,0.18644107405762889,42791
