{
  "name": "uncertainty_grid",
  "alpha": 0.525,
  "theta": 0.10723164281249047,
  "calib_risk": 1.118949958982773,
  "calib_coverage": 0.9399781241454744
}