policy,category,coverage,risk,wrong_auto_rate,auto_error_rate,defer_rate,n
fixed,breakfast_box,0.7954545454545454,4.477272727272727,0.42727272727272725,0.5371428571428571,0.20454545454545459,220
fixed,juice_bottle,0.5075757575757576,2.7272727272727275,0.22348484848484848,0.44029850746268656,0.49242424242424243,264
fixed,pushpins,0.8911290322580645,4.665322580645162,0.45564516129032256,0.5113122171945701,0.1088709677419355,248
fixed,screw_bag,0.9926739926739927,6.344322344322344,0.6336996336996337,0.6383763837638377,0.0073260073260073,273
fixed,splicing_connectors,0.7951807228915663,4.461847389558233,0.42570281124497994,0.5353535353535354,0.20481927710843373,249
