policy,category,coverage,risk,wrong_auto_rate,auto_error_rate,defer_rate,n
uaat_monotone,breakfast_box,0.7045454545454546,3.931818181818182,0.36363636363636365,0.5161290322580645,0.2954545454545454,220
uaat_monotone,juice_bottle,0.38257575757575757,1.9053030303030303,0.12878787878787878,0.33663366336633666,0.6174242424242424,264
uaat_monotone,pushpins,0.5201612903225806,3.060483870967742,0.25806451612903225,0.49612403100775193,0.4798387096774194,248
uaat_monotone,screw_bag,0.9157509157509157,5.7985347985347975,0.5714285714285714,0.624,0.08424908424908428,273
uaat_monotone,splicing_connectors,0.5381526104417671,2.8714859437751,0.24096385542168675,0.44776119402985076,0.4618473895582329,249
