policy,coverage,risk,wrong_auto_rate,auto_error_rate,defer_rate,n
uaat_monotone,0.613237639553429,3.528708133971292,0.3141945773524721,0.5123537061118335,0.386762360446571,1254
fixed,0.7966507177033493,4.549441786283891,0.43460925039872406,0.5455455455455456,0.20334928229665072,1254
uncertainty_grid,0.7966507177033493,4.549441786283891,0.43460925039872406,0.5455455455455456,0.20334928229665072,1254
