{
  "name": "monotone_policy_net",
  "context_cols": [
    "ctx_cat_screw_bag",
    "ctx_cat_pushpins",
    "ctx_cat_splicing_connectors",
    "ctx_cat_breakfast_box",
    "ctx_cat_juice_bottle",
    "ctx_brightness",
    "ctx_contrast",
    "ctx_blur_risk",
    "ctx_saturation"
  ],
  "state_dict": {
    "b": -0.6157909631729126,
    "w_u_raw": 0.27935150265693665,
    "w_ctx": [
      -0.9088989496231079,
      0.030721193179488182,
      -0.13525882363319397,
      -1.0530152320861816,
      -0.6057557463645935,
      -0.6241406202316284,
      -0.5429546236991882,
      -0.6404664516448975,
      0.3565645217895508
    ],
    "best_loss": 4.210168361663818
  }
}