{
  "name": "uncertainty_grid",
  "alpha": 0.0,
  "theta": 0.05569670654549703,
  "calib_risk": 4.777070063694268,
  "calib_coverage": 0.8089171974522293
}