{
  "name": "monotone_policy_net",
  "context_cols": [
    "ctx_severity",
    "ctx_corr_gaussian_noise",
    "ctx_corr_pixelate",
    "ctx_corr_frost",
    "ctx_corr_fog",
    "ctx_corr_brightness",
    "ctx_corr_glass_blur",
    "ctx_corr_gaussian_blur",
    "ctx_corr_snow",
    "ctx_corr_contrast",
    "ctx_corr_impulse_noise",
    "ctx_corr_zoom_blur",
    "ctx_corr_elastic_transform",
    "ctx_corr_saturate",
    "ctx_corr_defocus_blur",
    "ctx_corr_jpeg_compression",
    "ctx_corr_motion_blur",
    "ctx_corr_shot_noise",
    "ctx_corr_spatter",
    "ctx_corr_speckle_noise",
    "ctx_brightness",
    "ctx_contrast",
    "ctx_blur_risk",
    "ctx_saturation"
  ],
  "state_dict": {
    "b": 0.5586370825767517,
    "w_u_raw": 2.126206398010254,
    "w_ctx": [
      1.9110509157180786,
      2.2766849994659424,
      0.37042635679244995,
      0.10999846458435059,
      -0.43772009015083313,
      -0.9383987784385681,
      1.9284358024597168,
      0.5717021226882935,
      -0.27244430780410767,
      0.32645750045776367,
      1.140716314315796,
      0.023621436208486557,
      -0.7082539796829224,
      -0.7760972380638123,
      -0.28025829792022705,
      -0.5759889483451843,
      0.0012250421568751335,
      1.2957931756973267,
      -0.6527200937271118,
      1.0495214462280273,
      0.36704039573669434,
      0.36821115016937256,
      0.39664947986602783,
      0.02567761391401291
    ],
    "best_loss": 0.6688317656517029
  }
}