{
  "name": "uncertainty_grid",
  "alpha": 2.7750000000000004,
  "theta": 0.628410353716463,
  "calib_risk": 0.6937631578947369,
  "calib_coverage": 0.62
}