policy,coverage,risk,wrong_auto_rate,auto_error_rate,defer_rate,n
uaat_monotone,0.45942028985507244,2.8304347826086955,0.2289855072463768,0.49842271293375395,0.5405797101449276,1380
fixed,0.6239130434782608,4.115217391304348,0.3739130434782609,0.5993031358885017,0.3760869565217392,1380
uncertainty_grid,0.6239130434782608,4.115217391304348,0.3739130434782609,0.5993031358885017,0.3760869565217392,1380
