{
  "name": "uncertainty_grid",
  "alpha": 0.0,
  "theta": 0.0574269292776948,
  "calib_risk": 3.860869565217391,
  "calib_coverage": 0.5884057971014492
}