policy,coverage,risk,wrong_auto_rate,auto_error_rate,defer_rate,n
uaat_monotone,0.6079026315789474,0.6434131578947369,0.05026315789473684,0.08268290887997126,0.3920973684210526,760000
uncertainty_grid,0.5903421052631579,0.6687631578947368,0.05182105263157895,0.0877813934828155,0.4096578947368421,760000
fixed,0.5899947368421052,0.6698802631578948,0.051975,0.08809400619095621,0.41000526315789476,760000
