{
  "name": "monotone_policy_net",
  "context_cols": [
    "ctx_severity",
    "ctx_corr_motion_blur",
    "ctx_corr_shot_noise",
    "ctx_corr_elastic_transform",
    "ctx_corr_contrast",
    "ctx_corr_zoom_blur",
    "ctx_corr_saturate",
    "ctx_corr_glass_blur",
    "ctx_corr_impulse_noise",
    "ctx_corr_brightness",
    "ctx_corr_frost",
    "ctx_corr_gaussian_blur",
    "ctx_corr_speckle_noise",
    "ctx_corr_snow",
    "ctx_corr_fog",
    "ctx_corr_pixelate",
    "ctx_corr_spatter",
    "ctx_corr_jpeg_compression",
    "ctx_corr_gaussian_noise",
    "ctx_corr_defocus_blur",
    "ctx_brightness",
    "ctx_contrast",
    "ctx_blur_risk",
    "ctx_saturation"
  ],
  "state_dict": {
    "b": 0.6679186224937439,
    "w_u_raw": 2.1837522983551025,
    "w_ctx": [
      1.8440345525741577,
      0.07876073569059372,
      1.3080207109451294,
      -0.634732186794281,
      0.219552680850029,
      0.04050141200423241,
      -0.8846503496170044,
      2.260688066482544,
      1.2096987962722778,
      -1.0984503030776978,
      0.24470144510269165,
      0.5546903610229492,
      0.9824693202972412,
      -0.19018810987472534,
      -0.3359968066215515,
      0.5115498900413513,
      -0.4294249415397644,
      -0.4762236773967743,
      2.708981990814209,
      -0.09588222205638885,
      0.42953649163246155,
      0.43557408452033997,
      0.5497989058494568,
      0.2115795910358429
    ],
    "best_loss": 0.6589187383651733
  }
}