{
  "name": "uncertainty_grid",
  "alpha": 2.95,
  "theta": 0.7170240969993176,
  "calib_risk": 0.6691842105263158,
  "calib_coverage": 0.59
}