policy,wilds_split,coverage,risk,wrong_auto_rate,auto_error_rate,defer_rate,n
uaat_monotone,test,0.7487789488443831,0.8097497137248487,0.2792643312846159,0.37295964545426175,0.2512210511556169,42791
