{
  "name": "monotone_policy_net",
  "context_cols": [
    "ctx_cat_toothbrush",
    "ctx_cat_grid",
    "ctx_cat_capsule",
    "ctx_cat_hazelnut",
    "ctx_cat_carpet",
    "ctx_cat_cable",
    "ctx_cat_leather",
    "ctx_cat_pill",
    "ctx_cat_screw",
    "ctx_cat_transistor",
    "ctx_cat_metal_nut",
    "ctx_cat_wood",
    "ctx_cat_tile",
    "ctx_cat_zipper",
    "ctx_cat_bottle",
    "ctx_brightness",
    "ctx_contrast",
    "ctx_blur_risk",
    "ctx_saturation"
  ],
  "state_dict": {
    "b": -1.019526481628418,
    "w_u_raw": 2.312896251678467,
    "w_ctx": [
      0.20006132125854492,
      -0.25616204738616943,
      0.060310836881399155,
      -0.6914927959442139,
      -0.9667593240737915,
      -0.3389028310775757,
      -2.7281434535980225,
      -1.1523370742797852,
      -0.9059335589408875,
      -1.2366108894348145,
      -1.3425025939941406,
      -2.449307441711426,
      -1.9583815336227417,
      0.8877518177032471,
      -1.437449336051941,
      0.04302053898572922,
      0.1571131944656372,
      -1.007812738418579,
      -2.3285160064697266
    ],
    "best_loss": 2.777099609375
  }
}