{
  "name": "uncertainty_grid",
  "alpha": 0.0,
  "theta": 0.09426358725199996,
  "calib_risk": 3.5710144927536236,
  "calib_coverage": 0.5594202898550724
}