{
  "name": "uncertainty_grid",
  "alpha": 3.0,
  "theta": 0.20889872610569019,
  "calib_risk": 0.7757631578947368,
  "calib_coverage": 0.7
}