{
  "name": "monotone_policy_net",
  "context_cols": [
    "ctx_severity",
    "ctx_corr_motion_blur",
    "ctx_corr_shot_noise",
    "ctx_corr_elastic_transform",
    "ctx_corr_contrast",
    "ctx_corr_zoom_blur",
    "ctx_corr_saturate",
    "ctx_corr_glass_blur",
    "ctx_corr_impulse_noise",
    "ctx_corr_brightness",
    "ctx_corr_frost",
    "ctx_corr_gaussian_blur",
    "ctx_corr_speckle_noise",
    "ctx_corr_snow",
    "ctx_corr_fog",
    "ctx_corr_pixelate",
    "ctx_corr_spatter",
    "ctx_corr_jpeg_compression",
    "ctx_corr_gaussian_noise",
    "ctx_corr_defocus_blur",
    "ctx_brightness",
    "ctx_contrast",
    "ctx_blur_risk",
    "ctx_saturation"
  ],
  "state_dict": {
    "b": 0.29199352860450745,
    "w_u_raw": 1.6283153295516968,
    "w_ctx": [
      2.177527666091919,
      -0.14642749726772308,
      1.1989054679870605,
      -0.8991717100143433,
      0.24862678349018097,
      -0.4560032784938812,
      -1.1613245010375977,
      1.1762057542800903,
      1.080847144126892,
      -1.2194708585739136,
      -0.3017590045928955,
      0.31101372838020325,
      0.6097055077552795,
      -0.4623076915740967,
      -0.6583965420722961,
      0.22051216661930084,
      -1.057146668434143,
      -1.1902071237564087,
      2.091972589492798,
      -0.30252987146377563,
      0.13797396421432495,
      0.15813933312892914,
      0.09294261038303375,
      -0.1802118718624115
    ],
    "best_loss": 0.7231677770614624
  }
}