{
  "name": "uncertainty_grid",
  "alpha": 2.7750000000000004,
  "theta": 0.6648825181461873,
  "calib_risk": 0.685921052631579,
  "calib_coverage": 0.61
}