{
  "name": "monotone_policy_net",
  "context_cols": [
    "ctx_severity",
    "ctx_corr_gaussian_noise",
    "ctx_corr_pixelate",
    "ctx_corr_frost",
    "ctx_corr_fog",
    "ctx_corr_brightness",
    "ctx_corr_glass_blur",
    "ctx_corr_gaussian_blur",
    "ctx_corr_snow",
    "ctx_corr_contrast",
    "ctx_corr_impulse_noise",
    "ctx_corr_zoom_blur",
    "ctx_corr_elastic_transform",
    "ctx_corr_saturate",
    "ctx_corr_defocus_blur",
    "ctx_corr_jpeg_compression",
    "ctx_corr_motion_blur",
    "ctx_corr_shot_noise",
    "ctx_corr_spatter",
    "ctx_corr_speckle_noise",
    "ctx_brightness",
    "ctx_contrast",
    "ctx_blur_risk",
    "ctx_saturation"
  ],
  "state_dict": {
    "b": 0.5883167386054993,
    "w_u_raw": 2.130048990249634,
    "w_ctx": [
      1.900704264640808,
      2.3685624599456787,
      0.38638079166412354,
      0.14609931409358978,
      -0.4278700649738312,
      -0.9566748142242432,
      2.0723142623901367,
      0.5670164823532104,
      -0.26189789175987244,
      0.31651511788368225,
      1.1481794118881226,
      0.05361698940396309,
      -0.7077171206474304,
      -0.7904164791107178,
      -0.27445366978645325,
      -0.5212638974189758,
      0.005321868695318699,
      1.306827425956726,
      -0.5776053071022034,
      1.0628373622894287,
      0.38986486196517944,
      0.392496794462204,
      0.4449940621852875,
      0.08575651794672012
    ],
    "best_loss": 0.6654948592185974
  }
}