{
  "name": "monotone_policy_net",
  "context_cols": [
    "ctx_severity",
    "ctx_corr_motion_blur",
    "ctx_corr_shot_noise",
    "ctx_corr_elastic_transform",
    "ctx_corr_contrast",
    "ctx_corr_zoom_blur",
    "ctx_corr_saturate",
    "ctx_corr_glass_blur",
    "ctx_corr_impulse_noise",
    "ctx_corr_brightness",
    "ctx_corr_frost",
    "ctx_corr_gaussian_blur",
    "ctx_corr_speckle_noise",
    "ctx_corr_snow",
    "ctx_corr_fog",
    "ctx_corr_pixelate",
    "ctx_corr_spatter",
    "ctx_corr_jpeg_compression",
    "ctx_corr_gaussian_noise",
    "ctx_corr_defocus_blur",
    "ctx_brightness",
    "ctx_contrast",
    "ctx_blur_risk",
    "ctx_saturation"
  ],
  "state_dict": {
    "b": 0.5919463634490967,
    "w_u_raw": 4.051974773406982,
    "w_ctx": [
      2.3409886360168457,
      -0.13756829500198364,
      1.3198254108428955,
      -0.961098849773407,
      0.03875056654214859,
      -0.18399673700332642,
      -1.2714465856552124,
      2.2022769451141357,
      1.1671005487442017,
      -1.3272731304168701,
      0.057168953120708466,
      0.49773603677749634,
      0.9541600346565247,
      -0.4735654592514038,
      -0.6221738457679749,
      0.37135663628578186,
      -0.7066400051116943,
      -0.8023267388343811,
      2.3931026458740234,
      -0.2815759778022766,
      0.14462929964065552,
      0.03218426927924156,
      0.48680076003074646,
      -0.28649601340293884
    ],
    "best_loss": 1.6269841194152832
  }
}