policy,wilds_split,coverage,risk,wrong_auto_rate,auto_error_rate,defer_rate,n
fixed,test,0.40211726764973943,0.7008249398237947,0.02058844149470683,0.051200092985412914,0.5978827323502606,42791
