{
  "name": "uncertainty_grid",
  "alpha": 0.0,
  "theta": 0.9660198688507081,
  "calib_risk": 0.5548263604047033,
  "calib_coverage": 0.5600218758545256
}