policy,category,coverage,risk,wrong_auto_rate,auto_error_rate,defer_rate,n
uncertainty_grid,breakfast_box,0.41818181818181815,2.218181818181818,0.16363636363636364,0.391304347826087,0.5818181818181818,220
uncertainty_grid,juice_bottle,0.3068181818181818,1.6401515151515151,0.0946969696969697,0.30864197530864196,0.6931818181818181,264
uncertainty_grid,pushpins,0.5040322580645161,2.955645161290323,0.24596774193548387,0.488,0.4959677419354839,248
uncertainty_grid,screw_bag,0.706959706959707,4.432234432234432,0.4139194139194139,0.5854922279792746,0.293040293040293,273
uncertainty_grid,splicing_connectors,0.4899598393574297,2.6385542168674703,0.21285140562248997,0.4344262295081967,0.5100401606425703,249
