policy,wilds_split,coverage,risk,wrong_auto_rate,auto_error_rate,defer_rate,n
uaat_monotone,test,0.5449977799069898,0.906615877170433,0.09032273141548457,0.16573045752755028,0.45500222009301017,42791
