policy,wilds_split,coverage,risk,wrong_auto_rate,auto_error_rate,defer_rate,n
fixed,test,0.5575705171648244,0.9292140870743848,0.09735692084784184,0.17460916216102937,0.4424294828351756,42791
