{
  "name": "uncertainty_grid",
  "alpha": 0.07500000000000001,
  "theta": 0.7537877560593188,
  "calib_risk": 0.6745966639321848,
  "calib_coverage": 0.7499316379546076
}