policy,category,coverage,risk,wrong_auto_rate,auto_error_rate,defer_rate,n
uncertainty_grid,breakfast_box,0.2909090909090909,1.7545454545454544,0.10454545454545454,0.359375,0.7090909090909091,220
uncertainty_grid,juice_bottle,0.22727272727272727,1.2651515151515151,0.04924242424242424,0.21666666666666667,0.7727272727272727,264
uncertainty_grid,pushpins,0.3709677419354839,2.443548387096774,0.1814516129032258,0.4891304347826087,0.6290322580645161,248
uncertainty_grid,screw_bag,0.5457875457875457,3.4945054945054945,0.304029304029304,0.5570469798657718,0.45421245421245426,273
uncertainty_grid,splicing_connectors,0.3855421686746988,2.2208835341365463,0.1606425702811245,0.4166666666666667,0.6144578313253012,249
