policy,category,coverage,risk,wrong_auto_rate,auto_error_rate,defer_rate,n
uaat_monotone,breakfast_box,0.21363636363636362,1.559090909090909,0.07727272727272727,0.3617021276595745,0.7863636363636364,220
uaat_monotone,juice_bottle,0.2689393939393939,1.4507575757575757,0.07196969696969698,0.2676056338028169,0.7310606060606061,264
uaat_monotone,pushpins,0.23790322580645162,1.9314516129032255,0.11693548387096774,0.4915254237288136,0.7620967741935484,248
uaat_monotone,screw_bag,0.2783882783882784,2.0036630036630036,0.1282051282051282,0.4605263157894737,0.7216117216117216,273
uaat_monotone,splicing_connectors,0.357429718875502,2.0883534136546187,0.14457831325301204,0.4044943820224719,0.642570281124498,249
