policy,coverage,risk,wrong_auto_rate,auto_error_rate,defer_rate,n
uaat_monotone,0.2727272727272727,1.8118022328548644,0.10845295055821372,0.39766081871345027,0.7272727272727273,1254
fixed,0.36762360446570974,2.259170653907496,0.16267942583732056,0.44251626898047725,0.6323763955342903,1254
uncertainty_grid,0.36762360446570974,2.259170653907496,0.16267942583732056,0.44251626898047725,0.6323763955342903,1254
