{
  "name": "uncertainty_grid",
  "alpha": 0.0,
  "theta": 0.43692989808895705,
  "calib_risk": 2.5636942675159236,
  "calib_coverage": 0.410828025477707
}