policy,wilds_split,coverage,risk,wrong_auto_rate,auto_error_rate,defer_rate,n
uaat_monotone,test,0.4178215045219789,1.6197798602509874,0.05188006823864831,0.12416801834554506,0.5821784954780211,42791
