{
  "name": "uncertainty_grid",
  "alpha": 0.07500000000000001,
  "theta": 0.934890134818852,
  "calib_risk": 1.4418922614164618,
  "calib_coverage": 0.599945310363686
}