{
  "name": "uncertainty_grid",
  "alpha": 2.575,
  "theta": 0.9381818074863406,
  "calib_risk": 0.6403684210526316,
  "calib_coverage": 0.47
}