{
  "name": "monotone_policy_net",
  "context_cols": [
    "ctx_severity",
    "ctx_corr_gaussian_noise",
    "ctx_corr_pixelate",
    "ctx_corr_frost",
    "ctx_corr_fog",
    "ctx_corr_brightness",
    "ctx_corr_glass_blur",
    "ctx_corr_gaussian_blur",
    "ctx_corr_snow",
    "ctx_corr_contrast",
    "ctx_corr_impulse_noise",
    "ctx_corr_zoom_blur",
    "ctx_corr_elastic_transform",
    "ctx_corr_saturate",
    "ctx_corr_defocus_blur",
    "ctx_corr_jpeg_compression",
    "ctx_corr_motion_blur",
    "ctx_corr_shot_noise",
    "ctx_corr_spatter",
    "ctx_corr_speckle_noise",
    "ctx_brightness",
    "ctx_contrast",
    "ctx_blur_risk",
    "ctx_saturation"
  ],
  "state_dict": {
    "b": 0.9626059532165527,
    "w_u_raw": 1.7160617113113403,
    "w_ctx": [
      1.715821623802185,
      2.8167035579681396,
      0.6833056807518005,
      0.6862979531288147,
      -0.20059986412525177,
      -0.9913263916969299,
      2.5836896896362305,
      0.607421875,
      0.3267725706100464,
      0.4162624478340149,
      1.6566942930221558,
      0.5127043128013611,
      -0.23721589148044586,
      -0.6949664354324341,
      -0.07166807353496552,
      0.18736743927001953,
      0.6124139428138733,
      1.9674062728881836,
      -0.06977743655443192,
      1.5754964351654053,
      0.819478452205658,
      0.8141933679580688,
      0.9174324870109558,
      0.7219885587692261
    ],
    "best_loss": 0.6869118809700012
  }
}