{
  "name": "uncertainty_grid",
  "alpha": 1.1,
  "theta": 0.950360283702612,
  "calib_risk": 0.6378421052631579,
  "calib_coverage": 0.51
}