{
  "name": "monotone_policy_net",
  "context_cols": [
    "ctx_severity",
    "ctx_corr_fog",
    "ctx_corr_impulse_noise",
    "ctx_corr_snow",
    "ctx_corr_elastic_transform",
    "ctx_corr_zoom_blur",
    "ctx_corr_frost",
    "ctx_corr_contrast",
    "ctx_corr_pixelate",
    "ctx_corr_defocus_blur",
    "ctx_corr_saturate",
    "ctx_corr_motion_blur",
    "ctx_corr_gaussian_blur",
    "ctx_corr_speckle_noise",
    "ctx_corr_gaussian_noise",
    "ctx_corr_jpeg_compression",
    "ctx_corr_spatter",
    "ctx_corr_brightness",
    "ctx_corr_glass_blur",
    "ctx_corr_shot_noise",
    "ctx_brightness",
    "ctx_contrast",
    "ctx_blur_risk",
    "ctx_saturation"
  ],
  "state_dict": {
    "b": 0.8798336386680603,
    "w_u_raw": 1.8793028593063354,
    "w_ctx": [
      1.7964881658554077,
      -0.26199597120285034,
      1.56322181224823,
      0.011362848803400993,
      -0.180898979306221,
      0.25747382640838623,
      0.4862523674964905,
      0.24418793618679047,
      0.5685059428215027,
      -0.16924834251403809,
      -0.740409791469574,
      0.505905032157898,
      0.5770641565322876,
      1.291568636894226,
      2.9286305904388428,
      0.060297831892967224,
      -0.21850891411304474,
      -1.1406633853912354,
      2.613355875015259,
      1.729729413986206,
      0.6694158911705017,
      0.7513752579689026,
      0.796937108039856,
      0.527203381061554
    ],
    "best_loss": 0.6686601042747498
  }
}