policy,category,coverage,risk,wrong_auto_rate,auto_error_rate,defer_rate,n
uaat_monotone,breakfast_box,0.4772727272727273,2.75,0.22272727272727272,0.4666666666666667,0.5227272727272727,220
uaat_monotone,juice_bottle,0.22727272727272727,1.3409090909090908,0.056818181818181816,0.25,0.7727272727272727,264
uaat_monotone,pushpins,0.532258064516129,3.008064516129032,0.2540322580645161,0.4772727272727273,0.467741935483871,248
uaat_monotone,screw_bag,0.27472527472527475,2.043956043956044,0.13186813186813187,0.48,0.7252747252747253,273
uaat_monotone,splicing_connectors,0.4899598393574297,2.6385542168674703,0.21285140562248997,0.4344262295081967,0.5100401606425703,249
