policy,category,coverage,risk,wrong_auto_rate,auto_error_rate,defer_rate,n
fixed,breakfast_box,0.42272727272727273,2.3045454545454547,0.17272727272727273,0.40860215053763443,0.5772727272727273,220
fixed,juice_bottle,0.32196969696969696,1.7386363636363635,0.10606060606060606,0.32941176470588235,0.678030303030303,264
fixed,pushpins,0.5443548387096774,3.036290322580645,0.25806451612903225,0.4740740740740741,0.4556451612903226,248
fixed,screw_bag,0.6996336996336996,4.476190476190476,0.4175824175824176,0.5968586387434555,0.3003663003663004,273
fixed,splicing_connectors,0.4939759036144578,2.674698795180723,0.21686746987951808,0.43902439024390244,0.5060240963855422,249
