policy,coverage,risk,wrong_auto_rate,auto_error_rate,defer_rate,n
uaat_monotone,0.3939393939393939,2.328548644338118,0.1722488038277512,0.43724696356275305,0.6060606060606061,1254
fixed,0.5,2.876395534290271,0.23763955342902712,0.47527910685805425,0.5,1254
uncertainty_grid,0.5,2.876395534290271,0.23763955342902712,0.47527910685805425,0.5,1254
