{
  "name": "uncertainty_grid",
  "alpha": 0.0,
  "theta": 0.3213837114140049,
  "calib_risk": 2.7165605095541405,
  "calib_coverage": 0.48089171974522293
}