policy,coverage,risk,wrong_auto_rate,auto_error_rate,defer_rate,n
uaat_monotone,0.5329868421052631,0.6117171052631579,0.02894078947368421,0.05429925691855729,0.46701315789473685,760000
uncertainty_grid,0.4509921052631579,0.6429092105263158,0.018780263157894737,0.04164211066829271,0.5490078947368421,760000
fixed,0.4509407894736842,0.6429144736842105,0.01877105263157895,0.0416264242884029,0.5490592105263158,760000
