{
  "name": "monotone_policy_net",
  "context_cols": [
    "ctx_severity",
    "ctx_corr_gaussian_noise",
    "ctx_corr_pixelate",
    "ctx_corr_frost",
    "ctx_corr_fog",
    "ctx_corr_brightness",
    "ctx_corr_glass_blur",
    "ctx_corr_gaussian_blur",
    "ctx_corr_snow",
    "ctx_corr_contrast",
    "ctx_corr_impulse_noise",
    "ctx_corr_zoom_blur",
    "ctx_corr_elastic_transform",
    "ctx_corr_saturate",
    "ctx_corr_defocus_blur",
    "ctx_corr_jpeg_compression",
    "ctx_corr_motion_blur",
    "ctx_corr_shot_noise",
    "ctx_corr_spatter",
    "ctx_corr_speckle_noise",
    "ctx_brightness",
    "ctx_contrast",
    "ctx_blur_risk",
    "ctx_saturation"
  ],
  "state_dict": {
    "b": 1.004892349243164,
    "w_u_raw": 1.6312904357910156,
    "w_ctx": [
      1.7004497051239014,
      2.7546305656433105,
      0.7697784304618835,
      0.8088691830635071,
      -0.17513303458690643,
      -0.959974467754364,
      2.527115821838379,
      0.6636945605278015,
      0.43975088000297546,
      0.46750733256340027,
      1.7229100465774536,
      0.6423607468605042,
      -0.18464672565460205,
      -0.6742168664932251,
      -0.03833949938416481,
      0.28155308961868286,
      0.7312286496162415,
      2.0084517002105713,
      -0.014399692416191101,
      1.656390905380249,
      0.884781539440155,
      0.87791508436203,
      0.961300790309906,
      0.8146708011627197
    ],
    "best_loss": 0.6971481442451477
  }
}