{
  "name": "uncertainty_grid",
  "alpha": 0.75,
  "theta": 0.9820988613180817,
  "calib_risk": 0.6431315789473685,
  "calib_coverage": 0.45
}