{
  "name": "uncertainty_grid",
  "alpha": 0.675,
  "theta": 0.28625190235674375,
  "calib_risk": 0.44763467322942296,
  "calib_coverage": 0.8999179655455292
}