policy,category,coverage,risk,wrong_auto_rate,auto_error_rate,defer_rate,n
uncertainty_grid,breakfast_box,0.4909090909090909,0.9545454545454545,0.22272727272727272,0.4537037037037037,0.509090909090909,220
uncertainty_grid,juice_bottle,0.3484848484848485,0.8787878787878788,0.11363636363636363,0.32608695652173914,0.6515151515151515,264
uncertainty_grid,pushpins,0.592741935483871,1.004032258064516,0.29838709677419356,0.5034013605442177,0.407258064516129,248
uncertainty_grid,screw_bag,0.8095238095238095,1.1794871794871795,0.4945054945054945,0.6108597285067874,0.19047619047619047,273
uncertainty_grid,splicing_connectors,0.5421686746987951,0.9477911646586346,0.24497991967871485,0.45185185185185184,0.45783132530120485,249
