{
  "name": "monotone_policy_net",
  "context_cols": [
    "ctx_cat_screw_bag",
    "ctx_cat_pushpins",
    "ctx_cat_splicing_connectors",
    "ctx_cat_breakfast_box",
    "ctx_cat_juice_bottle",
    "ctx_brightness",
    "ctx_contrast",
    "ctx_blur_risk",
    "ctx_saturation"
  ],
  "state_dict": {
    "b": -0.4886817932128906,
    "w_u_raw": 0.1324014812707901,
    "w_ctx": [
      -0.9071359634399414,
      -0.07478437572717667,
      0.12752850353717804,
      -0.584602415561676,
      -0.6851232647895813,
      -0.47124922275543213,
      -0.4421379566192627,
      -0.5019880533218384,
      -0.31407058238983154
    ],
    "best_loss": 0.9969699382781982
  }
}