{
  "name": "monotone_policy_net",
  "context_cols": [
    "ctx_severity",
    "ctx_corr_gaussian_noise",
    "ctx_corr_pixelate",
    "ctx_corr_frost",
    "ctx_corr_fog",
    "ctx_corr_brightness",
    "ctx_corr_glass_blur",
    "ctx_corr_gaussian_blur",
    "ctx_corr_snow",
    "ctx_corr_contrast",
    "ctx_corr_impulse_noise",
    "ctx_corr_zoom_blur",
    "ctx_corr_elastic_transform",
    "ctx_corr_saturate",
    "ctx_corr_defocus_blur",
    "ctx_corr_jpeg_compression",
    "ctx_corr_motion_blur",
    "ctx_corr_shot_noise",
    "ctx_corr_spatter",
    "ctx_corr_speckle_noise",
    "ctx_brightness",
    "ctx_contrast",
    "ctx_blur_risk",
    "ctx_saturation"
  ],
  "state_dict": {
    "b": 1.0479708909988403,
    "w_u_raw": 1.5545885562896729,
    "w_ctx": [
      1.6805604696273804,
      2.6842598915100098,
      0.8798525333404541,
      0.9476220011711121,
      -0.14883030951023102,
      -0.9474985599517822,
      2.462245464324951,
      0.7406564950942993,
      0.5668935775756836,
      0.5410143136978149,
      1.7589991092681885,
      0.8000102043151855,
      -0.13018393516540527,
      -0.6545863747596741,
      -0.005426257848739624,
      0.40579459071159363,
      0.8703219890594482,
      2.018779754638672,
      0.04011456295847893,
      1.7050691843032837,
      0.9491733312606812,
      0.9426140785217285,
      1.0045968294143677,
      0.9057577252388
    ],
    "best_loss": 0.7085084915161133
  }
}