{
  "name": "uncertainty_grid",
  "alpha": 0.65,
  "theta": 0.9874538996852934,
  "calib_risk": 0.6490263157894738,
  "calib_coverage": 0.43
}