policy,category,coverage,risk,wrong_auto_rate,auto_error_rate,defer_rate,n
fixed,breakfast_box,0.7363636363636363,4.172727272727273,0.39090909090909093,0.5308641975308642,0.26363636363636367,220
fixed,juice_bottle,0.44696969696969696,2.371212121212121,0.18181818181818182,0.4067796610169492,0.553030303030303,264
fixed,pushpins,0.7862903225806451,4.205645161290322,0.39919354838709675,0.5076923076923077,0.21370967741935487,248
fixed,screw_bag,0.967032967032967,6.1501831501831505,0.6117216117216118,0.6325757575757576,0.03296703296703296,273
fixed,splicing_connectors,0.714859437751004,3.979919678714859,0.36947791164658633,0.5168539325842697,0.285140562248996,249
