policy,coverage,risk,wrong_auto_rate,auto_error_rate,defer_rate,n
uaat_monotone,0.5972886762360446,3.361244019138756,0.2958532695374801,0.4953271028037383,0.40271132376395535,1254
fixed,0.7312599681020734,4.192185007974482,0.3923444976076555,0.5365321701199564,0.2687400318979266,1254
uncertainty_grid,0.7312599681020734,4.192185007974482,0.3923444976076555,0.5365321701199564,0.2687400318979266,1254
