{
  "name": "monotone_policy_net",
  "context_cols": [
    "ctx_severity",
    "ctx_corr_motion_blur",
    "ctx_corr_shot_noise",
    "ctx_corr_elastic_transform",
    "ctx_corr_contrast",
    "ctx_corr_zoom_blur",
    "ctx_corr_saturate",
    "ctx_corr_glass_blur",
    "ctx_corr_impulse_noise",
    "ctx_corr_brightness",
    "ctx_corr_frost",
    "ctx_corr_gaussian_blur",
    "ctx_corr_speckle_noise",
    "ctx_corr_snow",
    "ctx_corr_fog",
    "ctx_corr_pixelate",
    "ctx_corr_spatter",
    "ctx_corr_jpeg_compression",
    "ctx_corr_gaussian_noise",
    "ctx_corr_defocus_blur",
    "ctx_brightness",
    "ctx_contrast",
    "ctx_blur_risk",
    "ctx_saturation"
  ],
  "state_dict": {
    "b": 0.41428494453430176,
    "w_u_raw": 1.9155607223510742,
    "w_ctx": [
      2.0358779430389404,
      -0.13786976039409637,
      1.2477389574050903,
      -0.6795012354850769,
      0.2600221335887909,
      -0.0987263098359108,
      -1.3003078699111938,
      1.3915026187896729,
      1.1292284727096558,
      -1.3330098390579224,
      0.034040194004774094,
      0.46825769543647766,
      0.7918946146965027,
      -0.349976509809494,
      -0.5175485014915466,
      0.28899452090263367,
      -1.0504300594329834,
      -0.7879087924957275,
      2.1337990760803223,
      -0.2776808440685272,
      0.16887111961841583,
      0.1852869689464569,
      0.23198799788951874,
      -0.13430406153202057
    ],
    "best_loss": 0.6962375044822693
  }
}