{
  "name": "uncertainty_grid",
  "alpha": 2.6,
  "theta": 0.4502658081054688,
  "calib_risk": 0.7389999999999999,
  "calib_coverage": 0.67
}