policy,category,coverage,risk,wrong_auto_rate,auto_error_rate,defer_rate,n
uaat_monotone,breakfast_box,0.5,2.909090909090909,0.2409090909090909,0.4818181818181818,0.5,220
uaat_monotone,juice_bottle,0.42803030303030304,2.2007575757575757,0.16287878787878787,0.3805309734513274,0.571969696969697,264
uaat_monotone,pushpins,0.5403225806451613,3.0,0.2540322580645161,0.4701492537313433,0.45967741935483875,248
uaat_monotone,screw_bag,0.7142857142857143,4.608058608058609,0.43223443223443225,0.6051282051282051,0.2857142857142857,273
uaat_monotone,splicing_connectors,0.6746987951807228,3.738955823293173,0.3413654618473896,0.5059523809523809,0.32530120481927716,249
