{
  "name": "monotone_policy_net",
  "context_cols": [
    "ctx_cat_screw_bag",
    "ctx_cat_pushpins",
    "ctx_cat_splicing_connectors",
    "ctx_cat_juice_bottle",
    "ctx_cat_breakfast_box",
    "ctx_brightness",
    "ctx_contrast",
    "ctx_blur_risk",
    "ctx_saturation"
  ],
  "state_dict": {
    "b": -0.6223086714744568,
    "w_u_raw": 0.763242244720459,
    "w_ctx": [
      -0.24843329191207886,
      -0.13677416741847992,
      -1.2776849269866943,
      -1.492794394493103,
      -0.34195783734321594,
      -0.3652220666408539,
      -0.0948859453201294,
      -0.6342090368270874,
      -0.3228391706943512
    ],
    "best_loss": 3.6817984580993652
  }
}