{
  "name": "uncertainty_grid",
  "alpha": 0.0,
  "theta": 0.12275114837942386,
  "calib_risk": 4.13375796178344,
  "calib_coverage": 0.7197452229299363
}