policy,category,coverage,risk,wrong_auto_rate,auto_error_rate,defer_rate,n
uaat_monotone,breakfast_box,0.4409090909090909,4.74090909090909,0.20909090909090908,0.4742268041237113,0.5590909090909091,220
uaat_monotone,juice_bottle,0.36742424242424243,3.5113636363636367,0.14393939393939395,0.3917525773195876,0.6325757575757576,264
uaat_monotone,pushpins,0.5201612903225806,5.237903225806451,0.23790322580645162,0.4573643410852713,0.4798387096774194,248
uaat_monotone,screw_bag,0.8791208791208791,10.963369963369962,0.5421245421245421,0.6166666666666667,0.1208791208791209,273
uaat_monotone,splicing_connectors,0.5983935742971888,6.184738955823293,0.2891566265060241,0.48322147651006714,0.40160642570281124,249
