policy,category,coverage,risk,wrong_auto_rate,auto_error_rate,defer_rate,n
uncertainty_grid,breakfast_box,0.8454545454545455,9.60909090909091,0.4727272727272727,0.5591397849462365,0.15454545454545454,220
uncertainty_grid,juice_bottle,0.553030303030303,5.825757575757576,0.2689393939393939,0.4863013698630137,0.446969696969697,264
uncertainty_grid,pushpins,0.9032258064516129,9.53225806451613,0.4717741935483871,0.5223214285714286,0.09677419354838712,248
uncertainty_grid,screw_bag,1.0,12.820512820512821,0.6410256410256411,0.6410256410256411,0.0,273
uncertainty_grid,splicing_connectors,0.8313253012048193,9.325301204819278,0.4578313253012048,0.5507246376811594,0.1686746987951807,249
