policy,wilds_split,coverage,risk,wrong_auto_rate,auto_error_rate,defer_rate,n
uaat_monotone,test,0.5764997312518988,1.161272230141852,0.1475543922787502,0.2559487616036321,0.4235002687481012,42791
