{
  "name": "uncertainty_grid",
  "alpha": 2.35,
  "theta": 0.037687194786965895,
  "calib_risk": 0.9714246650259775,
  "calib_coverage": 0.8099535138091332
}