policy,coverage,risk,wrong_auto_rate,auto_error_rate,defer_rate,n
uaat_monotone,0.5967052631578947,0.6356565789473684,0.04647236842105263,0.07788161306825198,0.40329473684210526,760000
uncertainty_grid,0.5718276315789473,0.6583434210526315,0.04603421052631579,0.08050364827457666,0.42817236842105266,760000
fixed,0.5715157894736842,0.6590828947368421,0.04611973684210526,0.08069722252919291,0.4284842105263158,760000
