{
  "name": "monotone_policy_net",
  "context_cols": [
    "ctx_severity",
    "ctx_corr_gaussian_noise",
    "ctx_corr_pixelate",
    "ctx_corr_frost",
    "ctx_corr_fog",
    "ctx_corr_brightness",
    "ctx_corr_glass_blur",
    "ctx_corr_gaussian_blur",
    "ctx_corr_snow",
    "ctx_corr_contrast",
    "ctx_corr_impulse_noise",
    "ctx_corr_zoom_blur",
    "ctx_corr_elastic_transform",
    "ctx_corr_saturate",
    "ctx_corr_defocus_blur",
    "ctx_corr_jpeg_compression",
    "ctx_corr_motion_blur",
    "ctx_corr_shot_noise",
    "ctx_corr_spatter",
    "ctx_corr_speckle_noise",
    "ctx_brightness",
    "ctx_contrast",
    "ctx_blur_risk",
    "ctx_saturation"
  ],
  "state_dict": {
    "b": 0.7204511165618896,
    "w_u_raw": 2.1193149089813232,
    "w_ctx": [
      1.8058545589447021,
      2.7719457149505615,
      0.46002399921417236,
      0.3183348774909973,
      -0.3553393483161926,
      -1.0236059427261353,
      2.5126731395721436,
      0.5489463806152344,
      -0.16082949936389923,
      0.31267160177230835,
      1.2004940509796143,
      0.14679507911205292,
      -0.5176061391830444,
      -0.7787269949913025,
      -0.22045277059078217,
      -0.2214369773864746,
      0.13823741674423218,
      1.3854725360870361,
      -0.4497166574001312,
      1.117194652557373,
      0.4967491328716278,
      0.5155522227287292,
      0.6238183975219727,
      0.26976078748703003
    ],
    "best_loss": 0.659869909286499
  }
}