{
  "name": "uncertainty_grid",
  "alpha": 2.7,
  "theta": 0.7857452399134637,
  "calib_risk": 0.6580789473684211,
  "calib_coverage": 0.57
}