policy,category,coverage,risk,wrong_auto_rate,auto_error_rate,defer_rate,n
fixed,breakfast_box,0.7681818181818182,4.2772727272727264,0.40454545454545454,0.5266272189349113,0.2318181818181818,220
fixed,juice_bottle,0.4772727272727273,2.6439393939393936,0.21212121212121213,0.4444444444444444,0.5227272727272727,264
fixed,pushpins,0.8064516129032258,4.346774193548387,0.4153225806451613,0.515,0.19354838709677424,248
fixed,screw_bag,0.9743589743589743,6.216117216117216,0.6190476190476191,0.6353383458646616,0.02564102564102566,273
fixed,splicing_connectors,0.751004016064257,4.224899598393574,0.39759036144578314,0.5294117647058824,0.24899598393574296,249
