{
  "name": "uncertainty_grid",
  "alpha": 0.0,
  "theta": 0.09952305744838011,
  "calib_risk": 4.101910828025478,
  "calib_coverage": 0.7197452229299363
}