policy,category,coverage,risk,wrong_auto_rate,auto_error_rate,defer_rate,n
uncertainty_grid,breakfast_box,0.6045454545454545,3.531818181818182,0.31363636363636366,0.518796992481203,0.3954545454545455,220
uncertainty_grid,juice_bottle,0.3939393939393939,2.0454545454545454,0.14393939393939395,0.36538461538461536,0.6060606060606061,264
uncertainty_grid,pushpins,0.7096774193548387,3.838709677419355,0.3548387096774194,0.5,0.29032258064516125,248
uncertainty_grid,screw_bag,0.8864468864468864,5.534798534798535,0.5421245421245421,0.6115702479338843,0.1135531135531136,273
uncertainty_grid,splicing_connectors,0.5903614457831325,3.1807228915662646,0.27710843373493976,0.46938775510204084,0.40963855421686746,249
