policy,coverage,risk,wrong_auto_rate,auto_error_rate,defer_rate,n
uaat_monotone,0.532695374800638,3.0271132376395533,0.25598086124401914,0.4805389221556886,0.467304625199362,1254
fixed,0.6395534290271132,3.645933014354067,0.32854864433811803,0.513715710723192,0.3604465709728868,1254
uncertainty_grid,0.6395534290271132,3.645933014354067,0.32854864433811803,0.513715710723192,0.3604465709728868,1254
