{
  "name": "uncertainty_grid",
  "alpha": 0.0,
  "theta": 0.20781521286521518,
  "calib_risk": 3.372611464968153,
  "calib_coverage": 0.589171974522293
}