{
  "name": "uncertainty_grid",
  "alpha": 2.625,
  "theta": 0.8188840579427776,
  "calib_risk": 0.6512105263157895,
  "calib_coverage": 0.56
}