{
  "name": "monotone_policy_net",
  "context_cols": [
    "ctx_severity",
    "ctx_corr_fog",
    "ctx_corr_impulse_noise",
    "ctx_corr_snow",
    "ctx_corr_elastic_transform",
    "ctx_corr_zoom_blur",
    "ctx_corr_frost",
    "ctx_corr_contrast",
    "ctx_corr_pixelate",
    "ctx_corr_defocus_blur",
    "ctx_corr_saturate",
    "ctx_corr_motion_blur",
    "ctx_corr_gaussian_blur",
    "ctx_corr_speckle_noise",
    "ctx_corr_gaussian_noise",
    "ctx_corr_jpeg_compression",
    "ctx_corr_spatter",
    "ctx_corr_brightness",
    "ctx_corr_glass_blur",
    "ctx_corr_shot_noise",
    "ctx_brightness",
    "ctx_contrast",
    "ctx_blur_risk",
    "ctx_saturation"
  ],
  "state_dict": {
    "b": 0.7634579539299011,
    "w_u_raw": 2.111762046813965,
    "w_ctx": [
      1.8121384382247925,
      -0.32272177934646606,
      1.306400179862976,
      -0.15323616564273834,
      -0.5505292415618896,
      0.1259470134973526,
      0.34132131934165955,
      0.24095456302165985,
      0.4888667166233063,
      -0.16696831583976746,
      -0.7545955777168274,
      0.30098509788513184,
      0.5675831437110901,
      1.0696104764938354,
      2.8862245082855225,
      -0.19743593037128448,
      -0.3396495580673218,
      -1.0511391162872314,
      2.5372159481048584,
      1.4050830602645874,
      0.5052902698516846,
      0.6078433394432068,
      0.6485694646835327,
      0.27511531114578247
    ],
    "best_loss": 0.6578284502029419
  }
}