policy,category,coverage,risk,wrong_auto_rate,auto_error_rate,defer_rate,n
fixed,breakfast_box,0.5181818181818182,3.0727272727272728,0.2590909090909091,0.5,0.4818181818181818,220
fixed,juice_bottle,0.3522727272727273,2.0113636363636362,0.13636363636363635,0.3870967741935484,0.6477272727272727,264
fixed,pushpins,0.6048387096774194,3.2983870967741935,0.2903225806451613,0.48,0.3951612903225806,248
fixed,screw_bag,0.7985347985347986,5.0366300366300365,0.4835164835164835,0.6055045871559633,0.20146520146520142,273
fixed,splicing_connectors,0.5502008032128514,2.9397590361445785,0.24899598393574296,0.45255474452554745,0.44979919678714864,249
