policy,category,coverage,risk,wrong_auto_rate,auto_error_rate,defer_rate,n
uaat_monotone,breakfast_box,0.4590909090909091,2.7227272727272727,0.21818181818181817,0.4752475247524752,0.5409090909090909,220
uaat_monotone,juice_bottle,0.3712121212121212,2.0681818181818183,0.14393939393939395,0.3877551020408163,0.6287878787878788,264
uaat_monotone,pushpins,0.3467741935483871,2.225806451612903,0.15725806451612903,0.45348837209302323,0.6532258064516129,248
uaat_monotone,screw_bag,0.652014652014652,4.0476190476190474,0.36996336996337,0.5674157303370787,0.34798534798534797,273
uaat_monotone,splicing_connectors,0.6907630522088354,3.8032128514056223,0.3493975903614458,0.5058139534883721,0.3092369477911646,249
