{
  "name": "uncertainty_grid",
  "alpha": 0.0,
  "theta": 0.2641059667179426,
  "calib_risk": 3.156050955414013,
  "calib_coverage": 0.5509554140127388
}