policy,category,coverage,risk,wrong_auto_rate,auto_error_rate,defer_rate,n
fixed,breakfast_box,0.44545454545454544,2.4181818181818184,0.18636363636363637,0.41836734693877553,0.5545454545454546,220
fixed,juice_bottle,0.3181818181818182,1.6666666666666667,0.09848484848484848,0.30952380952380953,0.6818181818181819,264
fixed,pushpins,0.5282258064516129,3.0524193548387095,0.25806451612903225,0.48854961832061067,0.4717741935483871,248
fixed,screw_bag,0.7472527472527473,4.758241758241758,0.45054945054945056,0.6029411764705882,0.25274725274725274,273
fixed,splicing_connectors,0.5100401606425703,2.7389558232931726,0.2248995983935743,0.4409448818897638,0.4899598393574297,249
