policy,wilds_split,coverage,risk,wrong_auto_rate,auto_error_rate,defer_rate,n
uncertainty_grid,test,0.4957350844803814,0.967095884648641,0.09256619382580449,0.1867251213878282,0.5042649155196186,42791
