{
  "name": "uncertainty_grid",
  "alpha": 0.0,
  "theta": 0.8621484237909314,
  "calib_risk": 0.7162975116215478,
  "calib_coverage": 0.6699480448455017
}