{
  "name": "monotone_policy_net",
  "context_cols": [
    "ctx_severity",
    "ctx_corr_motion_blur",
    "ctx_corr_shot_noise",
    "ctx_corr_elastic_transform",
    "ctx_corr_contrast",
    "ctx_corr_zoom_blur",
    "ctx_corr_saturate",
    "ctx_corr_glass_blur",
    "ctx_corr_impulse_noise",
    "ctx_corr_brightness",
    "ctx_corr_frost",
    "ctx_corr_gaussian_blur",
    "ctx_corr_speckle_noise",
    "ctx_corr_snow",
    "ctx_corr_fog",
    "ctx_corr_pixelate",
    "ctx_corr_spatter",
    "ctx_corr_jpeg_compression",
    "ctx_corr_gaussian_noise",
    "ctx_corr_defocus_blur",
    "ctx_brightness",
    "ctx_contrast",
    "ctx_blur_risk",
    "ctx_saturation"
  ],
  "state_dict": {
    "b": 0.18994955718517303,
    "w_u_raw": 1.3848066329956055,
    "w_ctx": [
      2.3559141159057617,
      -0.5401093363761902,
      1.190030574798584,
      -1.068175196647644,
      0.05352535471320152,
      -0.43728700280189514,
      -1.3207602500915527,
      0.9928399324417114,
      1.050671935081482,
      -1.1222058534622192,
      -0.307332843542099,
      0.22683824598789215,
      0.48447200655937195,
      -0.5924856662750244,
      -1.0063270330429077,
      0.12993475794792175,
      -1.2217999696731567,
      -1.1153619289398193,
      2.1025662422180176,
      -0.5515331029891968,
      0.029265817254781723,
      0.1384410858154297,
      -0.01851583644747734,
      -0.49411797523498535
    ],
    "best_loss": 0.7557992339134216
  }
}