{
  "name": "uncertainty_grid",
  "alpha": 0.125,
  "theta": 0.7999656974337995,
  "calib_risk": 0.8174736842105264,
  "calib_coverage": 0.73
}