{
  "name": "monotone_policy_net",
  "context_cols": [
    "ctx_cat_toothbrush",
    "ctx_cat_grid",
    "ctx_cat_capsule",
    "ctx_cat_hazelnut",
    "ctx_cat_carpet",
    "ctx_cat_cable",
    "ctx_cat_leather",
    "ctx_cat_pill",
    "ctx_cat_screw",
    "ctx_cat_transistor",
    "ctx_cat_metal_nut",
    "ctx_cat_wood",
    "ctx_cat_tile",
    "ctx_cat_zipper",
    "ctx_cat_bottle",
    "ctx_brightness",
    "ctx_contrast",
    "ctx_blur_risk",
    "ctx_saturation"
  ],
  "state_dict": {
    "b": -1.151711106300354,
    "w_u_raw": 3.517239570617676,
    "w_ctx": [
      -0.08485309034585953,
      -0.7393063306808472,
      -0.4137999713420868,
      -1.3009620904922485,
      -0.690831184387207,
      -0.9297845363616943,
      -3.6022183895111084,
      -0.5333089828491211,
      -1.500464677810669,
      -0.2940000891685486,
      0.8504055142402649,
      8.110650014714338e-06,
      -2.7129335403442383,
      0.6637213826179504,
      -2.0564756393432617,
      0.1761099249124527,
      -0.19519686698913574,
      -1.121686339378357,
      -1.8745758533477783
    ],
    "best_loss": 2.289454936981201
  }
}