policy,category,coverage,risk,wrong_auto_rate,auto_error_rate,defer_rate,n
uaat_monotone,breakfast_box,0.38636363636363635,2.2954545454545454,0.16818181818181818,0.43529411764705883,0.6136363636363636,220
uaat_monotone,juice_bottle,0.23484848484848486,1.4090909090909092,0.06439393939393939,0.27419354838709675,0.7651515151515151,264
uaat_monotone,pushpins,0.5685483870967742,3.05241935483871,0.2620967741935484,0.46099290780141844,0.43145161290322576,248
uaat_monotone,screw_bag,0.6666666666666666,4.216117216117216,0.3882783882783883,0.5824175824175825,0.33333333333333337,273
uaat_monotone,splicing_connectors,0.3614457831325301,2.044176706827309,0.14056224899598393,0.3888888888888889,0.6385542168674698,249
