policy,category,coverage,risk,wrong_auto_rate,auto_error_rate,defer_rate,n
uncertainty_grid,breakfast_box,0.4863636363636364,2.786363636363636,0.22727272727272727,0.4672897196261682,0.5136363636363637,220
uncertainty_grid,juice_bottle,0.3446969696969697,1.8674242424242424,0.12121212121212122,0.3516483516483517,0.6553030303030303,264
uncertainty_grid,pushpins,0.6169354838709677,3.44758064516129,0.3064516129032258,0.49673202614379086,0.38306451612903225,248
uncertainty_grid,screw_bag,0.7582417582417582,4.857142857142858,0.46153846153846156,0.6086956521739131,0.2417582417582418,273
uncertainty_grid,splicing_connectors,0.5140562248995983,2.6546184738955825,0.21686746987951808,0.421875,0.48594377510040165,249
