policy,coverage,risk,wrong_auto_rate,auto_error_rate,defer_rate,n
uaat_monotone,0.44657097288676234,2.626794258373206,0.20733652312599682,0.4642857142857143,0.5534290271132376,1254
fixed,0.5470494417862839,3.148325358851675,0.26953748006379585,0.49271137026239065,0.4529505582137161,1254
uncertainty_grid,0.5470494417862839,3.148325358851675,0.26953748006379585,0.49271137026239065,0.4529505582137161,1254
