{
  "name": "uncertainty_grid",
  "alpha": 0.0,
  "theta": 0.28421099960989465,
  "calib_risk": 2.9522292993630574,
  "calib_coverage": 0.5
}