{
  "name": "monotone_policy_net",
  "context_cols": [
    "ctx_cat_hazelnut",
    "ctx_cat_bottle",
    "ctx_cat_toothbrush",
    "ctx_cat_pill",
    "ctx_cat_carpet",
    "ctx_cat_wood",
    "ctx_cat_grid",
    "ctx_cat_capsule",
    "ctx_cat_metal_nut",
    "ctx_cat_tile",
    "ctx_cat_transistor",
    "ctx_cat_leather",
    "ctx_cat_cable",
    "ctx_cat_screw",
    "ctx_cat_zipper",
    "ctx_brightness",
    "ctx_contrast",
    "ctx_blur_risk",
    "ctx_saturation"
  ],
  "state_dict": {
    "b": -1.2074998617172241,
    "w_u_raw": -0.7720648646354675,
    "w_ctx": [
      -0.35911232233047485,
      -2.1697535514831543,
      0.8264018297195435,
      -0.02227720431983471,
      -3.3306572437286377,
      -3.6545865535736084,
      -2.104879140853882,
      -0.06830582022666931,
      -0.2965985834598541,
      0.1857527792453766,
      -0.3733360767364502,
      -2.9727680683135986,
      -0.5778480172157288,
      -0.8369179368019104,
      -1.9636359214782715,
      -1.2662767171859741,
      -1.1026476621627808,
      -1.1585067510604858,
      -1.4164141416549683
    ],
    "best_loss": 5.927821159362793
  }
}