{
  "name": "uncertainty_grid",
  "alpha": 0.0,
  "theta": 2.5677187873727128e-09,
  "calib_risk": 6.834782608695652,
  "calib_coverage": 0.9478260869565217
}