policy,category,coverage,risk,wrong_auto_rate,auto_error_rate,defer_rate,n
uncertainty_grid,breakfast_box,0.8454545454545455,4.881818181818182,0.4727272727272727,0.5591397849462365,0.15454545454545454,220
uncertainty_grid,juice_bottle,0.5643939393939394,3.2386363636363633,0.2803030303030303,0.4966442953020134,0.43560606060606055,264
uncertainty_grid,pushpins,0.9153225806451613,4.883064516129033,0.4798387096774194,0.5242290748898678,0.08467741935483875,248
uncertainty_grid,screw_bag,1.0,6.410256410256411,0.6410256410256411,0.6410256410256411,0.0,273
uncertainty_grid,splicing_connectors,0.8353413654618473,4.742971887550201,0.4578313253012048,0.5480769230769231,0.16465863453815266,249
