{
  "name": "uncertainty_grid",
  "alpha": 0.0,
  "theta": 0.036460351086753696,
  "calib_risk": 4.64968152866242,
  "calib_coverage": 0.8089171974522293
}