policy,wilds_split,coverage,risk,wrong_auto_rate,auto_error_rate,defer_rate,n
fixed,test,0.6690659250777032,1.2817181182959034,0.19015680867472132,0.28421236465246247,0.33093407492229676,42791
