{
  "name": "uncertainty_grid",
  "alpha": 2.85,
  "theta": -0.20971007098257544,
  "calib_risk": 0.7923161060978944,
  "calib_coverage": 0.8099535138091332
}