{
  "name": "uncertainty_grid",
  "alpha": 0.0,
  "theta": 0.5099265825748445,
  "calib_risk": 1.2254736842105265,
  "calib_coverage": 0.94
}