{
  "name": "monotone_policy_net",
  "context_cols": [
    "ctx_severity",
    "ctx_corr_gaussian_noise",
    "ctx_corr_pixelate",
    "ctx_corr_frost",
    "ctx_corr_fog",
    "ctx_corr_brightness",
    "ctx_corr_glass_blur",
    "ctx_corr_gaussian_blur",
    "ctx_corr_snow",
    "ctx_corr_contrast",
    "ctx_corr_impulse_noise",
    "ctx_corr_zoom_blur",
    "ctx_corr_elastic_transform",
    "ctx_corr_saturate",
    "ctx_corr_defocus_blur",
    "ctx_corr_jpeg_compression",
    "ctx_corr_motion_blur",
    "ctx_corr_shot_noise",
    "ctx_corr_spatter",
    "ctx_corr_speckle_noise",
    "ctx_brightness",
    "ctx_contrast",
    "ctx_blur_risk",
    "ctx_saturation"
  ],
  "state_dict": {
    "b": -1.1136170625686646,
    "w_u_raw": -1.1490833759307861,
    "w_ctx": [
      3.6514341831207275,
      2.2905690670013428,
      -0.0040994747541844845,
      -1.2514725923538208,
      -2.55400013923645,
      -1.9545783996582031,
      0.2533626854419708,
      0.15160350501537323,
      -2.024940252304077,
      -0.21298491954803467,
      1.1052210330963135,
      -1.256343960762024,
      -1.9219017028808594,
      -1.7739790678024292,
      -1.0976436138153076,
      -1.8494031429290771,
      -1.655839204788208,
      1.0792245864868164,
      -2.172041893005371,
      1.2215758562088013,
      -0.14166247844696045,
      -1.756235122680664,
      -0.6236411333084106,
      -2.092961072921753
    ],
    "best_loss": 1.126578450202942
  }
}