{
  "name": "monotone_policy_net",
  "context_cols": [
    "ctx_severity",
    "ctx_corr_fog",
    "ctx_corr_impulse_noise",
    "ctx_corr_snow",
    "ctx_corr_elastic_transform",
    "ctx_corr_zoom_blur",
    "ctx_corr_frost",
    "ctx_corr_contrast",
    "ctx_corr_pixelate",
    "ctx_corr_defocus_blur",
    "ctx_corr_saturate",
    "ctx_corr_motion_blur",
    "ctx_corr_gaussian_blur",
    "ctx_corr_speckle_noise",
    "ctx_corr_gaussian_noise",
    "ctx_corr_jpeg_compression",
    "ctx_corr_spatter",
    "ctx_corr_brightness",
    "ctx_corr_glass_blur",
    "ctx_corr_shot_noise",
    "ctx_brightness",
    "ctx_contrast",
    "ctx_blur_risk",
    "ctx_saturation"
  ],
  "state_dict": {
    "b": 0.6102129220962524,
    "w_u_raw": 1.5339174270629883,
    "w_ctx": [
      1.4770073890686035,
      -0.2573712170124054,
      1.2249810695648193,
      -0.09683294594287872,
      -0.5557793378829956,
      0.09123264998197556,
      0.2238215208053589,
      0.35387367010116577,
      0.49886783957481384,
      -0.015202571637928486,
      -0.6052114367485046,
      0.1148170605301857,
      0.6233378648757935,
      0.9462788701057434,
      2.2880663871765137,
      -0.31627926230430603,
      -0.34507158398628235,
      -0.9272119998931885,
      1.739454746246338,
      1.2309731245040894,
      0.47158780694007874,
      0.5370429754257202,
      0.47226864099502563,
      0.3436002731323242
    ],
    "best_loss": 0.5031239986419678
  }
}