policy,category,coverage,risk,wrong_auto_rate,auto_error_rate,defer_rate,n
uaat_monotone,breakfast_box,0.4909090909090909,1.6681818181818182,0.2318181818181818,0.4722222222222222,0.509090909090909,220
uaat_monotone,juice_bottle,0.4053030303030303,1.3143939393939394,0.14393939393939395,0.35514018691588783,0.5946969696969697,264
uaat_monotone,pushpins,0.532258064516129,1.7379032258064515,0.2540322580645161,0.4772727272727273,0.467741935483871,248
uaat_monotone,screw_bag,0.684981684981685,2.3479853479853476,0.4065934065934066,0.5935828877005348,0.315018315018315,273
uaat_monotone,splicing_connectors,0.6506024096385542,1.9558232931726907,0.321285140562249,0.49382716049382713,0.3493975903614458,249
