{
  "name": "uncertainty_grid",
  "alpha": 0.0,
  "theta": 0.22131947756553902,
  "calib_risk": 1.9458598726114649,
  "calib_coverage": 0.5987261146496815
}