{
  "name": "monotone_policy_net",
  "context_cols": [
    "ctx_cat_toothbrush",
    "ctx_cat_grid",
    "ctx_cat_capsule",
    "ctx_cat_hazelnut",
    "ctx_cat_carpet",
    "ctx_cat_cable",
    "ctx_cat_leather",
    "ctx_cat_pill",
    "ctx_cat_screw",
    "ctx_cat_transistor",
    "ctx_cat_metal_nut",
    "ctx_cat_wood",
    "ctx_cat_tile",
    "ctx_cat_zipper",
    "ctx_cat_bottle",
    "ctx_brightness",
    "ctx_contrast",
    "ctx_blur_risk",
    "ctx_saturation"
  ],
  "state_dict": {
    "b": -0.8991378545761108,
    "w_u_raw": -0.4701150357723236,
    "w_ctx": [
      0.8529523611068726,
      -0.7987215518951416,
      -0.08798084408044815,
      -0.8440049290657043,
      -4.678589820861816,
      -0.5784449577331543,
      -4.593178749084473,
      0.027280518785119057,
      -0.2555144429206848,
      -0.19758747518062592,
      -0.5157551765441895,
      -2.918666124343872,
      -0.633510172367096,
      0.0650564432144165,
      -0.1393006443977356,
      -0.8059945106506348,
      -0.5103288292884827,
      -0.8490302562713623,
      -1.6268199682235718
    ],
    "best_loss": 4.990265369415283
  }
}