{
  "name": "monotone_policy_net",
  "context_cols": [
    "ctx_severity",
    "ctx_corr_gaussian_noise",
    "ctx_corr_pixelate",
    "ctx_corr_frost",
    "ctx_corr_fog",
    "ctx_corr_brightness",
    "ctx_corr_glass_blur",
    "ctx_corr_gaussian_blur",
    "ctx_corr_snow",
    "ctx_corr_contrast",
    "ctx_corr_impulse_noise",
    "ctx_corr_zoom_blur",
    "ctx_corr_elastic_transform",
    "ctx_corr_saturate",
    "ctx_corr_defocus_blur",
    "ctx_corr_jpeg_compression",
    "ctx_corr_motion_blur",
    "ctx_corr_shot_noise",
    "ctx_corr_spatter",
    "ctx_corr_speckle_noise",
    "ctx_brightness",
    "ctx_contrast",
    "ctx_blur_risk",
    "ctx_saturation"
  ],
  "state_dict": {
    "b": -0.009237267076969147,
    "w_u_raw": 1.0801678895950317,
    "w_ctx": [
      2.4055116176605225,
      2.199990749359131,
      -0.1803613007068634,
      -0.37377500534057617,
      -1.7598834037780762,
      -1.7341830730438232,
      0.6625609397888184,
      0.5341004133224487,
      -1.548769474029541,
      0.20692124962806702,
      1.1097396612167358,
      -0.7335734367370605,
      -1.742769718170166,
      -1.2005541324615479,
      -1.0915122032165527,
      -1.158872127532959,
      -0.18351951241493225,
      1.1108918190002441,
      -1.965736985206604,
      0.5287718772888184,
      0.0981564074754715,
      0.16877833008766174,
      -0.4457010328769684,
      -1.4085561037063599
    ],
    "best_loss": 0.8546785712242126
  }
}