policy,category,coverage,risk,wrong_auto_rate,auto_error_rate,defer_rate,n
uaat_monotone,breakfast_box,0.4636363636363636,1.6272727272727272,0.21818181818181817,0.47058823529411764,0.5363636363636364,220
uaat_monotone,juice_bottle,0.3787878787878788,1.3409090909090908,0.14393939393939395,0.38,0.6212121212121212,264
uaat_monotone,pushpins,0.9233870967741935,2.5161290322580645,0.4879032258064516,0.5283842794759825,0.0766129032258065,248
uaat_monotone,screw_bag,0.9413919413919414,3.0073260073260073,0.5897435897435898,0.6264591439688716,0.05860805860805862,273
uaat_monotone,splicing_connectors,0.6987951807228916,2.068273092369478,0.3534136546184739,0.5057471264367817,0.3012048192771084,249
