{
  "name": "uncertainty_grid",
  "alpha": 0.0,
  "theta": 0.12116912143487642,
  "calib_risk": 2.1305732484076434,
  "calib_coverage": 0.7006369426751592
}