policy,coverage,risk,wrong_auto_rate,auto_error_rate,defer_rate,n
uaat_monotone,0.6548934210526316,0.6820276315789473,0.06738421052631578,0.10289339968938296,0.3451065789473684,760000
uncertainty_grid,0.6614473684210527,0.7312105263157894,0.07853157894736842,0.11872687487567138,0.3385526315789473,760000
fixed,0.6613684210526316,0.7321184210526315,0.07869736842105263,0.11899172369886997,0.3386315789473684,760000
