{
  "name": "uncertainty_grid",
  "alpha": 2.225,
  "theta": 0.551226625740528,
  "calib_risk": 0.7312894736842105,
  "calib_coverage": 0.66
}