{
  "name": "monotone_policy_net",
  "context_cols": [
    "ctx_severity",
    "ctx_corr_gaussian_noise",
    "ctx_corr_pixelate",
    "ctx_corr_frost",
    "ctx_corr_fog",
    "ctx_corr_brightness",
    "ctx_corr_glass_blur",
    "ctx_corr_gaussian_blur",
    "ctx_corr_snow",
    "ctx_corr_contrast",
    "ctx_corr_impulse_noise",
    "ctx_corr_zoom_blur",
    "ctx_corr_elastic_transform",
    "ctx_corr_saturate",
    "ctx_corr_defocus_blur",
    "ctx_corr_jpeg_compression",
    "ctx_corr_motion_blur",
    "ctx_corr_shot_noise",
    "ctx_corr_spatter",
    "ctx_corr_speckle_noise",
    "ctx_brightness",
    "ctx_contrast",
    "ctx_blur_risk",
    "ctx_saturation"
  ],
  "state_dict": {
    "b": 0.42987632751464844,
    "w_u_raw": 1.924219012260437,
    "w_ctx": [
      2.044921875,
      2.1216185092926025,
      0.29846394062042236,
      -0.0019476974848657846,
      -0.5027875900268555,
      -0.9553638100624084,
      1.4999098777770996,
      0.5789974927902222,
      -0.43743330240249634,
      0.3478134870529175,
      1.1103986501693726,
      -0.15211330354213715,
      -1.0235964059829712,
      -0.9390936493873596,
      -0.36521077156066895,
      -0.7963930368423462,
      -0.061932310461997986,
      1.2527905702590942,
      -1.0041261911392212,
      0.9503468871116638,
      0.26259830594062805,
      0.32870104908943176,
      0.1903519183397293,
      -0.20535552501678467
    ],
    "best_loss": 0.6901443004608154
  }
}