policy,category,coverage,risk,wrong_auto_rate,auto_error_rate,defer_rate,n
uncertainty_grid,breakfast_box,0.6727272727272727,3.7818181818181817,0.34545454545454546,0.5135135135135135,0.32727272727272727,220
uncertainty_grid,juice_bottle,0.4166666666666667,2.212121212121212,0.16287878787878787,0.39090909090909093,0.5833333333333333,264
uncertainty_grid,pushpins,0.7298387096774194,3.939516129032258,0.36693548387096775,0.5027624309392266,0.2701612903225806,248
uncertainty_grid,screw_bag,0.9340659340659341,5.926739926739927,0.5860805860805861,0.6274509803921569,0.06593406593406592,273
uncertainty_grid,splicing_connectors,0.6907630522088354,3.8032128514056223,0.3493975903614458,0.5058139534883721,0.3092369477911646,249
