policy,category,coverage,risk,wrong_auto_rate,auto_error_rate,defer_rate,n
uaat_monotone,breakfast_box,0.41818181818181815,2.536363636363636,0.19545454545454546,0.4673913043478261,0.5818181818181818,220
uaat_monotone,juice_bottle,0.3560606060606061,2.0454545454545454,0.14015151515151514,0.39361702127659576,0.6439393939393939,264
uaat_monotone,pushpins,0.8790322580645161,4.637096774193548,0.45161290322580644,0.5137614678899083,0.12096774193548387,248
uaat_monotone,screw_bag,0.8571428571428571,5.380952380952381,0.5238095238095238,0.6111111111111112,0.1428571428571429,273
uaat_monotone,splicing_connectors,0.5461847389558233,2.903614457831325,0.24497991967871485,0.4485294117647059,0.4538152610441767,249
