{
  "name": "uncertainty_grid",
  "alpha": 0.0,
  "theta": 0.15306270583636894,
  "calib_risk": 3.856687898089172,
  "calib_coverage": 0.678343949044586
}