{
  "name": "uncertainty_grid",
  "alpha": 0.0,
  "theta": 0.3106888526620431,
  "calib_risk": 3.019108280254777,
  "calib_coverage": 0.5286624203821656
}