{
  "name": "uncertainty_grid",
  "alpha": 0.0,
  "theta": 0.9346953153610229,
  "calib_risk": 1.2286026797921794,
  "calib_coverage": 0.599945310363686
}