{
  "name": "monotone_policy_net",
  "context_cols": [
    "ctx_cat_grid",
    "ctx_cat_metal_nut",
    "ctx_cat_hazelnut",
    "ctx_cat_pill",
    "ctx_cat_screw",
    "ctx_cat_toothbrush",
    "ctx_cat_capsule",
    "ctx_cat_wood",
    "ctx_cat_transistor",
    "ctx_cat_cable",
    "ctx_cat_tile",
    "ctx_cat_bottle",
    "ctx_cat_zipper",
    "ctx_cat_leather",
    "ctx_cat_carpet",
    "ctx_brightness",
    "ctx_contrast",
    "ctx_blur_risk",
    "ctx_saturation"
  ],
  "state_dict": {
    "b": -1.125383734703064,
    "w_u_raw": -0.6893491148948669,
    "w_ctx": [
      -2.6175286769866943,
      0.537588894367218,
      -0.42966151237487793,
      -0.22168095409870148,
      -0.5041511058807373,
      -0.1598040610551834,
      0.275704562664032,
      -2.6083056926727295,
      0.1546785682439804,
      -1.7061467170715332,
      -2.4215381145477295,
      0.29390189051628113,
      0.7717136740684509,
      -3.576718330383301,
      -3.1974856853485107,
      -1.1423636674880981,
      -0.6852946281433105,
      -1.0778350830078125,
      -1.7263318300247192
    ],
    "best_loss": 5.560216903686523
  }
}