policy,category,coverage,risk,wrong_auto_rate,auto_error_rate,defer_rate,n
uncertainty_grid,breakfast_box,0.8818181818181818,5.209090909090908,0.509090909090909,0.5773195876288659,0.11818181818181817,220
uncertainty_grid,juice_bottle,0.6515151515151515,4.0227272727272725,0.36742424242424243,0.563953488372093,0.3484848484848485,264
uncertainty_grid,pushpins,0.9637096774193549,5.237903225806451,0.5201612903225806,0.5397489539748954,0.03629032258064513,248
uncertainty_grid,screw_bag,1.0,6.410256410256411,0.6410256410256411,0.6410256410256411,0.0,273
uncertainty_grid,splicing_connectors,0.8674698795180723,4.991967871485944,0.4859437751004016,0.5601851851851852,0.1325301204819277,249
