policy,category,coverage,risk,wrong_auto_rate,auto_error_rate,defer_rate,n
uaat_monotone,breakfast_box,0.7045454545454546,3.931818181818182,0.36363636363636365,0.5161290322580645,0.2954545454545454,220
uaat_monotone,juice_bottle,0.38257575757575757,1.9053030303030303,0.12878787878787878,0.33663366336633666,0.6174242424242424,264
uaat_monotone,pushpins,0.5967741935483871,3.42741935483871,0.3024193548387097,0.5067567567567568,0.4032258064516129,248
uaat_monotone,screw_bag,0.9194139194139194,5.83150183150183,0.575091575091575,0.6254980079681275,0.08058608058608063,273
uaat_monotone,splicing_connectors,0.7590361445783133,4.216867469879518,0.39759036144578314,0.5238095238095238,0.24096385542168675,249
