{
  "name": "monotone_policy_net",
  "context_cols": [
    "ctx_cat_grid",
    "ctx_cat_metal_nut",
    "ctx_cat_hazelnut",
    "ctx_cat_pill",
    "ctx_cat_screw",
    "ctx_cat_toothbrush",
    "ctx_cat_capsule",
    "ctx_cat_wood",
    "ctx_cat_transistor",
    "ctx_cat_cable",
    "ctx_cat_tile",
    "ctx_cat_bottle",
    "ctx_cat_zipper",
    "ctx_cat_leather",
    "ctx_cat_carpet",
    "ctx_brightness",
    "ctx_contrast",
    "ctx_blur_risk",
    "ctx_saturation"
  ],
  "state_dict": {
    "b": -0.8966827392578125,
    "w_u_raw": 1.9478180408477783,
    "w_ctx": [
      0.5584011673927307,
      -0.29200637340545654,
      -0.6563029885292053,
      -0.8959305882453918,
      -0.6883938908576965,
      1.0470775365829468,
      -0.6144793629646301,
      -1.3616056442260742,
      -1.0938640832901,
      -0.5202681422233582,
      -1.9306899309158325,
      -1.9679713249206543,
      0.5888192653656006,
      -2.502309560775757,
      -1.028487205505371,
      0.4075135290622711,
      -0.6680024266242981,
      -0.973998486995697,
      -2.250605583190918
    ],
    "best_loss": 2.608609437942505
  }
}