policy,wilds_split,coverage,risk,wrong_auto_rate,auto_error_rate,defer_rate,n
fixed,test,0.5810100254726461,0.9777523310976607,0.11175247131406137,0.19234172632933794,0.41898997452735387,42791
