{
  "name": "uncertainty_grid",
  "alpha": 2.125,
  "theta": 0.24118660597130662,
  "calib_risk": 0.7030352748154225,
  "calib_coverage": 0.7700300792999727
}