policy,category,coverage,risk,wrong_auto_rate,auto_error_rate,defer_rate,n
uaat_monotone,breakfast_box,0.34545454545454546,2.0636363636363635,0.1409090909090909,0.40789473684210525,0.6545454545454545,220
uaat_monotone,juice_bottle,0.2689393939393939,1.4507575757575757,0.07196969696969698,0.2676056338028169,0.7310606060606061,264
uaat_monotone,pushpins,0.23790322580645162,1.9314516129032255,0.11693548387096774,0.4915254237288136,0.7620967741935484,248
uaat_monotone,screw_bag,0.43223443223443225,2.948717948717949,0.23809523809523808,0.5508474576271186,0.5677655677655677,273
uaat_monotone,splicing_connectors,0.357429718875502,2.0883534136546187,0.14457831325301204,0.4044943820224719,0.642570281124498,249
