policy,coverage,risk,wrong_auto_rate,auto_error_rate,defer_rate,n
uaat_monotone,0.3293460925039872,2.106060606060606,0.14354066985645933,0.4358353510895884,0.6706539074960127,1254
fixed,0.4696969696969697,2.723285486443381,0.21929824561403508,0.466893039049236,0.5303030303030303,1254
uncertainty_grid,0.4696969696969697,2.723285486443381,0.21929824561403508,0.466893039049236,0.5303030303030303,1254
