{
  "name": "monotone_policy_net",
  "context_cols": [],
  "state_dict": {
    "b": 1.4610694646835327,
    "w_u_raw": 0.5168344974517822,
    "w_ctx": [],
    "best_loss": 0.86536705493927
  },
  "use_inputs": [
    "score"
  ],
  "test_margin_offset": -0.053723931312561174,
  "recalibrated_on_test": true
}