{
  "name": "monotone_policy_net",
  "context_cols": [
    "ctx_cat_leather",
    "ctx_cat_hazelnut",
    "ctx_cat_bottle",
    "ctx_cat_carpet",
    "ctx_cat_metal_nut",
    "ctx_cat_grid",
    "ctx_cat_transistor",
    "ctx_cat_capsule",
    "ctx_cat_cable",
    "ctx_cat_toothbrush",
    "ctx_cat_screw",
    "ctx_cat_wood",
    "ctx_cat_zipper",
    "ctx_cat_tile",
    "ctx_cat_pill",
    "ctx_brightness",
    "ctx_contrast",
    "ctx_blur_risk",
    "ctx_saturation"
  ],
  "state_dict": {
    "b": -0.8407406210899353,
    "w_u_raw": 2.6589629650115967,
    "w_ctx": [
      -1.8731681108474731,
      -1.1013978719711304,
      -2.3879852294921875,
      -0.4949758052825928,
      1.0627461671829224,
      -0.7162886261940002,
      -0.7935239672660828,
      -0.0666087418794632,
      -0.6934034824371338,
      0.6849876046180725,
      -1.0472924709320068,
      -1.944924235343933,
      -1.5156701803207397,
      -0.17498677968978882,
      -0.21516290307044983,
      0.24898406863212585,
      -1.1073001623153687,
      -0.9426762461662292,
      -4.178530693054199
    ],
    "best_loss": 2.5442183017730713
  }
}