policy,wilds_split,coverage,risk,wrong_auto_rate,auto_error_rate,defer_rate,n
fixed,test,0.42352363814820876,0.8461592390923325,0.053936575448108245,0.12735198366716327,0.5764763618517912,42791
