policy,coverage,risk,wrong_auto_rate,auto_error_rate,defer_rate,n
fixed,0.42352363814820876,0.8461592390923325,0.053936575448108245,0.12735198366716327,0.5764763618517912,42791
uncertainty_grid,0.42352363814820876,0.8461592390923325,0.053936575448108245,0.12735198366716327,0.5764763618517912,42791
uaat_monotone,0.4398121100231357,0.8706503704049917,0.06209249608562548,0.1411795961742827,0.5601878899768643,42791
