{
  "name": "uncertainty_grid",
  "alpha": 0.0,
  "theta": 0.9463525176048279,
  "calib_risk": 0.6561389116762373,
  "calib_coverage": 0.589964451736396
}