{
  "name": "monotone_policy_net",
  "context_cols": [
    "ctx_severity",
    "ctx_corr_fog",
    "ctx_corr_impulse_noise",
    "ctx_corr_snow",
    "ctx_corr_elastic_transform",
    "ctx_corr_zoom_blur",
    "ctx_corr_frost",
    "ctx_corr_contrast",
    "ctx_corr_pixelate",
    "ctx_corr_defocus_blur",
    "ctx_corr_saturate",
    "ctx_corr_motion_blur",
    "ctx_corr_gaussian_blur",
    "ctx_corr_speckle_noise",
    "ctx_corr_gaussian_noise",
    "ctx_corr_jpeg_compression",
    "ctx_corr_spatter",
    "ctx_corr_brightness",
    "ctx_corr_glass_blur",
    "ctx_corr_shot_noise",
    "ctx_brightness",
    "ctx_contrast",
    "ctx_blur_risk",
    "ctx_saturation"
  ],
  "state_dict": {
    "b": 0.9234850406646729,
    "w_u_raw": 1.7819325923919678,
    "w_ctx": [
      1.792029619216919,
      -0.23278509080410004,
      1.6835259199142456,
      0.11777974665164948,
      -0.10133560001850128,
      0.3277798891067505,
      0.5511555671691895,
      0.2599771320819855,
      0.6155663132667542,
      -0.15764474868774414,
      -0.7402081489562988,
      0.5970472693443298,
      0.5971240997314453,
      1.4121063947677612,
      2.890669822692871,
      0.140025332570076,
      -0.1463259905576706,
      -1.1532363891601562,
      2.5855963230133057,
      1.8543658256530762,
      0.7368800640106201,
      0.8055225014686584,
      0.8473584055900574,
      0.6264817118644714
    ],
    "best_loss": 0.6762862801551819
  }
}