{
  "name": "uncertainty_grid",
  "alpha": 2.625,
  "theta": 0.9207524880813436,
  "calib_risk": 0.637578947368421,
  "calib_coverage": 0.49
}