policy,category,coverage,risk,wrong_auto_rate,auto_error_rate,defer_rate,n
fixed,breakfast_box,0.4727272727272727,2.709090909090909,0.21818181818181817,0.46153846153846156,0.5272727272727273,220
fixed,juice_bottle,0.3409090909090909,1.8333333333333335,0.11742424242424243,0.34444444444444444,0.6590909090909092,264
fixed,pushpins,0.592741935483871,3.310483870967742,0.2903225806451613,0.4897959183673469,0.407258064516129,248
fixed,screw_bag,0.7509157509157509,4.827838827838828,0.45787545787545786,0.6097560975609756,0.2490842490842491,273
fixed,splicing_connectors,0.5220883534136547,2.7670682730923692,0.2289156626506024,0.43846153846153846,0.47791164658634533,249
