policy,coverage,risk,wrong_auto_rate,auto_error_rate,defer_rate,n
uaat_monotone,0.4082934609250399,2.3939393939393936,0.18022328548644337,0.44140625,0.5917065390749601,1254
fixed,0.5390749601275917,3.1164274322169057,0.26555023923444976,0.492603550295858,0.4609250398724083,1254
uncertainty_grid,0.5390749601275917,3.1164274322169057,0.26555023923444976,0.492603550295858,0.4609250398724083,1254
