{
  "name": "uncertainty_grid",
  "alpha": 0.0,
  "theta": 0.28460208457161507,
  "calib_risk": 3.050955414012739,
  "calib_coverage": 0.5286624203821656
}