{
  "name": "uncertainty_grid",
  "alpha": 0.05,
  "theta": 0.6164163950085638,
  "calib_risk": 0.44640415641235986,
  "calib_coverage": 0.799972655181843
}