policy,coverage,risk,wrong_auto_rate,auto_error_rate,defer_rate,n
uaat_monotone,0.590378947368421,0.6324105263157895,0.0445578947368421,0.07547338016617337,0.409621052631579,760000
uncertainty_grid,0.5598631578947368,0.6528078947368421,0.04253421052631579,0.07597251208001955,0.44013684210526316,760000
fixed,0.5597855263157895,0.6535697368421053,0.04267105263157895,0.07622750254444254,0.4402144736842105,760000
