{
  "name": "uncertainty_grid",
  "alpha": 1.2000000000000002,
  "theta": 0.9025015514492988,
  "calib_risk": 0.6527105263157894,
  "calib_coverage": 0.56
}