{
  "name": "monotone_policy_net",
  "context_cols": [
    "ctx_severity",
    "ctx_corr_motion_blur",
    "ctx_corr_shot_noise",
    "ctx_corr_elastic_transform",
    "ctx_corr_contrast",
    "ctx_corr_zoom_blur",
    "ctx_corr_saturate",
    "ctx_corr_glass_blur",
    "ctx_corr_impulse_noise",
    "ctx_corr_brightness",
    "ctx_corr_frost",
    "ctx_corr_gaussian_blur",
    "ctx_corr_speckle_noise",
    "ctx_corr_snow",
    "ctx_corr_fog",
    "ctx_corr_pixelate",
    "ctx_corr_spatter",
    "ctx_corr_jpeg_compression",
    "ctx_corr_gaussian_noise",
    "ctx_corr_defocus_blur",
    "ctx_brightness",
    "ctx_contrast",
    "ctx_blur_risk",
    "ctx_saturation"
  ],
  "state_dict": {
    "b": 0.7542133927345276,
    "w_u_raw": 2.1059658527374268,
    "w_ctx": [
      1.8183460235595703,
      0.193154975771904,
      1.4079252481460571,
      -0.4844657778739929,
      0.21446320414543152,
      0.1387215107679367,
      -0.8255084753036499,
      2.5221991539001465,
      1.3019726276397705,
      -1.0974187850952148,
      0.33757051825523376,
      0.5535162091255188,
      1.057201862335205,
      -0.1415194272994995,
      -0.32139864563941956,
      0.5764697790145874,
      -0.3804568648338318,
      -0.38049381971359253,
      2.9311859607696533,
      -0.10104791820049286,
      0.5322811007499695,
      0.5493355989456177,
      0.6576675772666931,
      0.31273800134658813
    ],
    "best_loss": 0.6576589941978455
  }
}