policy,wilds_split,coverage,risk,wrong_auto_rate,auto_error_rate,defer_rate,n
fixed,test,0.7740179009604824,1.4647939987380525,0.24776237993970696,0.32009903082636393,0.2259820990395176,42791
