policy,wilds_split,coverage,risk,wrong_auto_rate,auto_error_rate,defer_rate,n
uaat_monotone,test,0.7026010142319646,1.2733051342572037,0.19518122969783366,0.2777981041077665,0.29739898576803536,42791
