{
  "name": "uncertainty_grid",
  "alpha": 2.0,
  "theta": -0.304536703824997,
  "calib_risk": 1.0194148208914413,
  "calib_coverage": 0.9198796828001093
}