policy,category,coverage,risk,wrong_auto_rate,auto_error_rate,defer_rate,n
fixed,breakfast_box,0.4772727272727273,2.75,0.22272727272727272,0.4666666666666667,0.5227272727272727,220
fixed,juice_bottle,0.3333333333333333,1.840909090909091,0.11742424242424243,0.3522727272727273,0.6666666666666667,264
fixed,pushpins,0.5201612903225806,2.8588709677419355,0.23790322580645162,0.4573643410852713,0.4798387096774194,248
fixed,screw_bag,0.7435897435897436,4.652014652014652,0.43956043956043955,0.5911330049261084,0.2564102564102564,273
fixed,splicing_connectors,0.4979919678714859,2.630522088353414,0.21285140562248997,0.4274193548387097,0.5020080321285141,249
