{
  "name": "uncertainty_grid",
  "alpha": 0.0,
  "theta": 0.3105752934553806,
  "calib_risk": 2.726114649681529,
  "calib_coverage": 0.4713375796178344
}