{
  "name": "monotone_policy_net",
  "context_cols": [
    "ctx_severity",
    "ctx_corr_fog",
    "ctx_corr_impulse_noise",
    "ctx_corr_snow",
    "ctx_corr_elastic_transform",
    "ctx_corr_zoom_blur",
    "ctx_corr_frost",
    "ctx_corr_contrast",
    "ctx_corr_pixelate",
    "ctx_corr_defocus_blur",
    "ctx_corr_saturate",
    "ctx_corr_motion_blur",
    "ctx_corr_gaussian_blur",
    "ctx_corr_speckle_noise",
    "ctx_corr_gaussian_noise",
    "ctx_corr_jpeg_compression",
    "ctx_corr_spatter",
    "ctx_corr_brightness",
    "ctx_corr_glass_blur",
    "ctx_corr_shot_noise",
    "ctx_brightness",
    "ctx_contrast",
    "ctx_blur_risk",
    "ctx_saturation"
  ],
  "state_dict": {
    "b": -0.09858367592096329,
    "w_u_raw": 0.6319032907485962,
    "w_ctx": [
      2.8394129276275635,
      -1.3869465589523315,
      0.8509387373924255,
      -1.818435788154602,
      -1.9145485162734985,
      -0.48211076855659485,
      -0.49424484372138977,
      -0.1258825808763504,
      0.1401059776544571,
      -0.7503780722618103,
      -2.379344940185547,
      -0.3896740674972534,
      0.08590462803840637,
      0.6596555709838867,
      2.17157244682312,
      -1.4358291625976562,
      -1.423596739768982,
      -1.9327586889266968,
      0.8913483023643494,
      0.8931134939193726,
      -0.2732994556427002,
      -0.2583061456680298,
      -0.3843603730201721,
      -1.4432121515274048
    ],
    "best_loss": 0.8855319023132324
  }
}