{
  "name": "uncertainty_grid",
  "alpha": 0.05,
  "theta": 0.6814669345915318,
  "calib_risk": 0.9677105263157896,
  "calib_coverage": 0.82
}