{
  "name": "monotone_policy_net",
  "context_cols": [
    "ctx_cat_hazelnut",
    "ctx_cat_bottle",
    "ctx_cat_toothbrush",
    "ctx_cat_pill",
    "ctx_cat_carpet",
    "ctx_cat_wood",
    "ctx_cat_grid",
    "ctx_cat_capsule",
    "ctx_cat_metal_nut",
    "ctx_cat_tile",
    "ctx_cat_transistor",
    "ctx_cat_leather",
    "ctx_cat_cable",
    "ctx_cat_screw",
    "ctx_cat_zipper",
    "ctx_brightness",
    "ctx_contrast",
    "ctx_blur_risk",
    "ctx_saturation"
  ],
  "state_dict": {
    "b": -1.0195690393447876,
    "w_u_raw": -0.5722521543502808,
    "w_ctx": [
      -0.6844009757041931,
      -2.4452035427093506,
      0.3594292402267456,
      0.7077803015708923,
      -3.906977653503418,
      -4.557068347930908,
      -2.727679967880249,
      1.5107288360595703,
      0.3797132074832916,
      -0.2764447033405304,
      -0.16152650117874146,
      -3.420114755630493,
      -0.6251747608184814,
      0.29143762588500977,
      -2.455256938934326,
      -0.9127382636070251,
      -0.8371838927268982,
      -0.9526211023330688,
      -1.3951456546783447
    ],
    "best_loss": 5.036914825439453
  }
}