{
  "name": "uncertainty_grid",
  "alpha": 0.0,
  "theta": 7.054830010364627e-05,
  "calib_risk": 5.947826086956522,
  "calib_coverage": 0.8492753623188406
}