{
  "name": "uncertainty_grid",
  "alpha": 0.0,
  "theta": 2.981047560735687e-08,
  "calib_risk": 6.834782608695652,
  "calib_coverage": 0.9478260869565217
}