{
  "name": "monotone_policy_net",
  "context_cols": [
    "ctx_cat_leather",
    "ctx_cat_hazelnut",
    "ctx_cat_bottle",
    "ctx_cat_carpet",
    "ctx_cat_metal_nut",
    "ctx_cat_grid",
    "ctx_cat_transistor",
    "ctx_cat_capsule",
    "ctx_cat_cable",
    "ctx_cat_toothbrush",
    "ctx_cat_screw",
    "ctx_cat_wood",
    "ctx_cat_zipper",
    "ctx_cat_tile",
    "ctx_cat_pill",
    "ctx_brightness",
    "ctx_contrast",
    "ctx_blur_risk",
    "ctx_saturation"
  ],
  "state_dict": {
    "b": -1.1559863090515137,
    "w_u_raw": -0.7434511184692383,
    "w_ctx": [
      -3.8310186862945557,
      0.29011791944503784,
      0.37172889709472656,
      -4.730987548828125,
      -0.6251913905143738,
      -0.7513394355773926,
      -0.9024525284767151,
      -2.0085041522979736,
      -1.5303484201431274,
      0.11806050688028336,
      -0.7821915149688721,
      -2.7827858924865723,
      0.5171223878860474,
      -2.2183666229248047,
      -0.194683238863945,
      -1.2793256044387817,
      -0.8198380470275879,
      -1.1270030736923218,
      -2.073704481124878
    ],
    "best_loss": 5.9560723304748535
  }
}