policy,category,coverage,risk,wrong_auto_rate,auto_error_rate,defer_rate,n
uaat_monotone,breakfast_box,0.7636363636363637,1.0636363636363635,0.41363636363636364,0.5416666666666666,0.23636363636363633,220
uaat_monotone,juice_bottle,0.48863636363636365,0.9356060606060606,0.21212121212121213,0.43410852713178294,0.5113636363636364,264
uaat_monotone,pushpins,0.9475806451612904,1.060483870967742,0.5040322580645161,0.5319148936170213,0.05241935483870963,248
uaat_monotone,screw_bag,0.967032967032967,1.2564102564102564,0.6117216117216118,0.6325757575757576,0.03296703296703296,273
uaat_monotone,splicing_connectors,0.7751004016064257,1.036144578313253,0.40562248995983935,0.5233160621761658,0.22489959839357432,249
