{
  "name": "uncertainty_grid",
  "alpha": 0.0,
  "theta": 0.04761308167645952,
  "calib_risk": 1.0859872611464967,
  "calib_coverage": 0.7993630573248408
}