{
  "name": "uncertainty_grid",
  "alpha": 0.1,
  "theta": 0.9630361414402724,
  "calib_risk": 0.5675417008476893,
  "calib_coverage": 0.5199617172545803
}