policy,coverage,risk,wrong_auto_rate,auto_error_rate,defer_rate,n
uaat_monotone,0.5869218500797448,3.3636363636363633,0.29505582137161085,0.5027173913043478,0.41307814992025516,1254
fixed,0.7113237639553429,4.052631578947368,0.3763955342902711,0.5291479820627802,0.2886762360446571,1254
uncertainty_grid,0.7113237639553429,4.052631578947368,0.3763955342902711,0.5291479820627802,0.2886762360446571,1254
