{
  "name": "uncertainty_grid",
  "alpha": 0.0,
  "theta": 0.13744231578679456,
  "calib_risk": 3.898089171974522,
  "calib_coverage": 0.6687898089171974
}