policy,category,coverage,risk,wrong_auto_rate,auto_error_rate,defer_rate,n
uaat_monotone,breakfast_box,0.4863636363636364,2.786363636363636,0.22727272727272727,0.4672897196261682,0.5136363636363637,220
uaat_monotone,juice_bottle,0.22727272727272727,1.3409090909090908,0.056818181818181816,0.25,0.7727272727272727,264
uaat_monotone,pushpins,0.532258064516129,3.008064516129032,0.2540322580645161,0.4772727272727273,0.467741935483871,248
uaat_monotone,screw_bag,0.2893772893772894,2.102564102564102,0.1391941391941392,0.4810126582278481,0.7106227106227105,273
uaat_monotone,splicing_connectors,0.5261044176706827,2.8032128514056227,0.23293172690763053,0.44274809160305345,0.4738955823293173,249
