policy,coverage,risk,wrong_auto_rate,auto_error_rate,defer_rate,n
uaat_monotone,0.4059011164274322,2.3803827751196174,0.17862838915470494,0.4400785854616896,0.5940988835725678,1254
fixed,0.5318979266347688,3.0757575757575752,0.2607655502392344,0.49025487256371814,0.46810207336523124,1254
uncertainty_grid,0.5318979266347688,3.0757575757575752,0.2607655502392344,0.49025487256371814,0.46810207336523124,1254
