{
  "name": "uncertainty_grid",
  "alpha": 0.0,
  "theta": 0.29276858306748244,
  "calib_risk": 2.9745222929936306,
  "calib_coverage": 0.5095541401273885
}