policy,wilds_split,coverage,risk,wrong_auto_rate,auto_error_rate,defer_rate,n
uncertainty_grid,test,0.6331938959126919,1.0813255123740972,0.14290388165735785,0.22568739619856062,0.36680610408730807,42791
