policy,wilds_split,coverage,risk,wrong_auto_rate,auto_error_rate,defer_rate,n
uaat_monotone,test,0.6374237573321493,1.0971933350470893,0.14692341847584772,0.23049567385247105,0.3625762426678507,42791
