{
  "name": "uncertainty_grid",
  "alpha": 2.7,
  "theta": -0.13752681219577773,
  "calib_risk": 0.8181569592562209,
  "calib_coverage": 0.8299152310637135
}