policy,category,coverage,risk,wrong_auto_rate,auto_error_rate,defer_rate,n
fixed,breakfast_box,0.5045454545454545,2.95,0.24545454545454545,0.4864864864864865,0.4954545454545455,220
fixed,juice_bottle,0.3484848484848485,1.977272727272727,0.13257575757575757,0.3804347826086957,0.6515151515151515,264
fixed,pushpins,0.5766129032258065,3.245967741935484,0.28225806451612906,0.48951048951048953,0.4233870967741935,248
fixed,screw_bag,0.7728937728937729,4.842490842490843,0.46153846153846156,0.5971563981042654,0.22710622710622708,273
fixed,splicing_connectors,0.5301204819277109,2.7590361445783134,0.2289156626506024,0.4318181818181818,0.4698795180722891,249
