policy,category,coverage,risk,wrong_auto_rate,auto_error_rate,defer_rate,n
uaat_monotone,breakfast_box,0.4590909090909091,2.7227272727272727,0.21818181818181817,0.4752475247524752,0.5409090909090909,220
uaat_monotone,juice_bottle,0.3712121212121212,2.0681818181818183,0.14393939393939395,0.3877551020408163,0.6287878787878788,264
uaat_monotone,pushpins,0.34274193548387094,2.189516129032258,0.1532258064516129,0.4470588235294118,0.657258064516129,248
uaat_monotone,screw_bag,0.6483516483516484,4.051282051282051,0.36996336996337,0.5706214689265536,0.3516483516483516,273
uaat_monotone,splicing_connectors,0.5983935742971888,3.2931726907630523,0.2891566265060241,0.48322147651006714,0.40160642570281124,249
