{
  "name": "uncertainty_grid",
  "alpha": 0.0,
  "theta": 0.27825550835892393,
  "calib_risk": 2.9872611464968153,
  "calib_coverage": 0.5286624203821656
}