{
  "name": "monotone_policy_net",
  "context_cols": [
    "ctx_cat_splicing_connectors",
    "ctx_cat_screw_bag",
    "ctx_cat_pushpins",
    "ctx_cat_breakfast_box",
    "ctx_cat_juice_bottle",
    "ctx_brightness",
    "ctx_contrast",
    "ctx_blur_risk",
    "ctx_saturation"
  ],
  "state_dict": {
    "b": -0.5772450566291809,
    "w_u_raw": 2.68087100982666,
    "w_ctx": [
      -1.4629137516021729,
      -0.3443929851055145,
      0.1413542777299881,
      -0.017739595845341682,
      -1.4550925493240356,
      -1.2462717294692993,
      -0.88360196352005,
      -0.7704490423202515,
      -1.177112340927124
    ],
    "best_loss": 2.5591719150543213
  }
}