policy,category,coverage,risk,wrong_auto_rate,auto_error_rate,defer_rate,n
uaat_monotone,breakfast_box,0.7772727272727272,2.3136363636363635,0.41818181818181815,0.5380116959064327,0.22272727272727277,220
uaat_monotone,juice_bottle,0.5189393939393939,1.6553030303030303,0.23484848484848486,0.45255474452554745,0.4810606060606061,264
uaat_monotone,pushpins,0.9637096774193549,2.637096774193548,0.5201612903225806,0.5397489539748954,0.03629032258064513,248
uaat_monotone,screw_bag,0.9743589743589743,3.120879120879121,0.6190476190476191,0.6353383458646616,0.02564102564102566,273
uaat_monotone,splicing_connectors,0.8273092369477911,2.461847389558233,0.4578313253012048,0.5533980582524272,0.17269076305220887,249
