policy,category,coverage,risk,wrong_auto_rate,auto_error_rate,defer_rate,n
uncertainty_grid,breakfast_box,0.9545454545454546,2.9545454545454546,0.5818181818181818,0.6095238095238096,0.045454545454545414,220
uncertainty_grid,juice_bottle,0.7386363636363636,2.5340909090909087,0.45454545454545453,0.6153846153846154,0.26136363636363635,264
uncertainty_grid,pushpins,0.9798387096774194,2.701612903225806,0.5362903225806451,0.5473251028806584,0.020161290322580627,248
uncertainty_grid,screw_bag,1.0,3.2051282051282053,0.6410256410256411,0.6410256410256411,0.0,273
uncertainty_grid,splicing_connectors,0.9477911646586346,2.883534136546185,0.5662650602409639,0.597457627118644,0.052208835341365445,249
