policy,category,coverage,risk,wrong_auto_rate,auto_error_rate,defer_rate,n
fixed,breakfast_box,0.6363636363636364,3.5454545454545454,0.3181818181818182,0.5,0.36363636363636365,220
fixed,juice_bottle,0.3977272727272727,2.117424242424242,0.15151515151515152,0.38095238095238093,0.6022727272727273,264
fixed,pushpins,0.6733870967741935,3.6733870967741935,0.3346774193548387,0.49700598802395207,0.3266129032258065,248
fixed,screw_bag,0.9084249084249084,5.695970695970695,0.5604395604395604,0.6169354838709677,0.09157509157509158,273
fixed,splicing_connectors,0.642570281124498,3.5301204819277108,0.3172690763052209,0.49375,0.357429718875502,249
