policy,category,coverage,risk,wrong_auto_rate,auto_error_rate,defer_rate,n
uaat_monotone,breakfast_box,0.43636363636363634,2.6545454545454543,0.20909090909090908,0.4791666666666667,0.5636363636363637,220
uaat_monotone,juice_bottle,0.36742424242424243,2.0719696969696972,0.14393939393939395,0.3917525773195876,0.6325757575757576,264
uaat_monotone,pushpins,0.9112903225806451,4.846774193548387,0.47580645161290325,0.5221238938053098,0.08870967741935487,248
uaat_monotone,screw_bag,0.6007326007326007,3.8424908424908426,0.3443223443223443,0.573170731707317,0.3992673992673993,273
uaat_monotone,splicing_connectors,0.6827309236947792,3.771084337349398,0.3453815261044177,0.5058823529411764,0.31726907630522083,249
