{
  "name": "uncertainty_grid",
  "alpha": 0.0,
  "theta": 0.1899862070954953,
  "calib_risk": 3.6496815286624202,
  "calib_coverage": 0.6305732484076433
}