policy,category,coverage,risk,wrong_auto_rate,auto_error_rate,defer_rate,n
uncertainty_grid,breakfast_box,0.7045454545454546,4.022727272727273,0.37272727272727274,0.5290322580645161,0.2954545454545454,220
uncertainty_grid,juice_bottle,0.4356060606060606,2.3446969696969697,0.17803030303030304,0.40869565217391307,0.5643939393939394,264
uncertainty_grid,pushpins,0.75,4.040322580645161,0.3790322580645161,0.5053763440860215,0.25,248
uncertainty_grid,screw_bag,0.9523809523809523,6.018315018315018,0.5970695970695971,0.6269230769230769,0.04761904761904767,273
uncertainty_grid,splicing_connectors,0.7068273092369478,3.9076305220883536,0.3614457831325301,0.5113636363636364,0.2931726907630522,249
