policy,category,coverage,risk,wrong_auto_rate,auto_error_rate,defer_rate,n
uaat_monotone,breakfast_box,0.42272727272727273,2.5318181818181817,0.19545454545454546,0.46236559139784944,0.5772727272727273,220
uaat_monotone,juice_bottle,0.35984848484848486,2.0416666666666665,0.14015151515151514,0.3894736842105263,0.6401515151515151,264
uaat_monotone,pushpins,0.8790322580645161,4.637096774193548,0.45161290322580644,0.5137614678899083,0.12096774193548387,248
uaat_monotone,screw_bag,0.8608058608058609,5.413919413919414,0.5274725274725275,0.6127659574468085,0.13919413919413914,273
uaat_monotone,splicing_connectors,0.5863453815261044,3.2248995983935744,0.28112449799196787,0.4794520547945205,0.4136546184738956,249
