{
  "name": "uncertainty_grid",
  "alpha": 0.0,
  "theta": 0.13642528269070564,
  "calib_risk": 3.9426751592356686,
  "calib_coverage": 0.6878980891719745
}