{
  "name": "monotone_policy_net",
  "context_cols": [
    "ctx_severity",
    "ctx_corr_motion_blur",
    "ctx_corr_shot_noise",
    "ctx_corr_elastic_transform",
    "ctx_corr_contrast",
    "ctx_corr_zoom_blur",
    "ctx_corr_saturate",
    "ctx_corr_glass_blur",
    "ctx_corr_impulse_noise",
    "ctx_corr_brightness",
    "ctx_corr_frost",
    "ctx_corr_gaussian_blur",
    "ctx_corr_speckle_noise",
    "ctx_corr_snow",
    "ctx_corr_fog",
    "ctx_corr_pixelate",
    "ctx_corr_spatter",
    "ctx_corr_jpeg_compression",
    "ctx_corr_gaussian_noise",
    "ctx_corr_defocus_blur",
    "ctx_brightness",
    "ctx_contrast",
    "ctx_blur_risk",
    "ctx_saturation"
  ],
  "state_dict": {
    "b": 0.2597034275531769,
    "w_u_raw": 0.9216775894165039,
    "w_ctx": [
      1.7475165128707886,
      -0.38920873403549194,
      1.1738656759262085,
      -1.184661865234375,
      0.329828143119812,
      -0.3839826285839081,
      -1.0263961553573608,
      0.9659074544906616,
      1.1226494312286377,
      -0.9748503565788269,
      -0.25698715448379517,
      0.32502272725105286,
      0.6755033731460571,
      -0.5106305480003357,
      -0.8690183162689209,
      0.29286104440689087,
      -0.8574591875076294,
      -0.958419144153595,
      2.0052125453948975,
      -0.16230891644954681,
      0.16456657648086548,
      0.22795307636260986,
      0.09593922644853592,
      -0.009466252289712429
    ],
    "best_loss": 0.4759664237499237
  }
}