policy,wilds_split,coverage,risk,wrong_auto_rate,auto_error_rate,defer_rate,n
uncertainty_grid,test,0.6386155967376318,1.3141548456451124,0.1905540884765488,0.29838621143923594,0.3613844032623682,42791
