policy,wilds_split,coverage,risk,wrong_auto_rate,auto_error_rate,defer_rate,n
fixed,test,0.6439438199621416,1.3317286345259518,0.19513449089761867,0.30303030303030304,0.35605618003785844,42791
