{
  "name": "uncertainty_grid",
  "alpha": 2.4000000000000004,
  "theta": -0.016843688488006457,
  "calib_risk": 0.9901558654634947,
  "calib_coverage": 0.8199343724364233
}