{
  "name": "monotone_policy_net",
  "context_cols": [
    "ctx_meta_location",
    "ctx_meta_sequence",
    "ctx_meta_year",
    "ctx_meta_month",
    "ctx_meta_day",
    "ctx_meta_hour"
  ],
  "state_dict": {
    "b": -0.061264608055353165,
    "w_u_raw": 4.293887615203857,
    "w_ctx": [
      -0.573717474937439,
      -0.6281030774116516,
      -0.06109403818845749,
      1.4075417518615723,
      -0.4299046993255615,
      0.7315793037414551
    ],
    "best_loss": 0.9346300959587097
  }
}