policy,coverage,risk,wrong_auto_rate,auto_error_rate,defer_rate,n
uaat_monotone,0.3217391304347826,2.091304347826087,0.14130434782608695,0.4391891891891892,0.6782608695652175,1380
fixed,0.45652173913043476,2.8840579710144922,0.23405797101449274,0.5126984126984127,0.5434782608695652,1380
uncertainty_grid,0.45652173913043476,2.8840579710144922,0.23405797101449274,0.5126984126984127,0.5434782608695652,1380
