{
  "name": "monotone_policy_net",
  "context_cols": [
    "ctx_cat_grid",
    "ctx_cat_metal_nut",
    "ctx_cat_hazelnut",
    "ctx_cat_pill",
    "ctx_cat_screw",
    "ctx_cat_toothbrush",
    "ctx_cat_capsule",
    "ctx_cat_wood",
    "ctx_cat_transistor",
    "ctx_cat_cable",
    "ctx_cat_tile",
    "ctx_cat_bottle",
    "ctx_cat_zipper",
    "ctx_cat_leather",
    "ctx_cat_carpet",
    "ctx_brightness",
    "ctx_contrast",
    "ctx_blur_risk",
    "ctx_saturation"
  ],
  "state_dict": {
    "b": -1.2014784812927246,
    "w_u_raw": 3.570065975189209,
    "w_ctx": [
      0.35096901655197144,
      -0.6489075422286987,
      -0.9921540021896362,
      0.304949551820755,
      -1.148470401763916,
      1.0186175107955933,
      -1.1190961599349976,
      -1.5933290719985962,
      -1.4320557117462158,
      -0.8098194003105164,
      -2.499180555343628,
      -2.6791906356811523,
      0.3546399772167206,
      -0.07886357605457306,
      -1.4080716371536255,
      0.6703165173530579,
      -0.6247125864028931,
      -1.3159738779067993,
      -3.7533674240112305
    ],
    "best_loss": 2.0404412746429443
  }
}