{
  "name": "uncertainty_grid",
  "alpha": 2.125,
  "theta": 0.4471177620999517,
  "calib_risk": 0.7625263157894737,
  "calib_coverage": 0.69
}