{
  "name": "monotone_policy_net",
  "context_cols": [
    "ctx_severity",
    "ctx_corr_motion_blur",
    "ctx_corr_shot_noise",
    "ctx_corr_elastic_transform",
    "ctx_corr_contrast",
    "ctx_corr_zoom_blur",
    "ctx_corr_saturate",
    "ctx_corr_glass_blur",
    "ctx_corr_impulse_noise",
    "ctx_corr_brightness",
    "ctx_corr_frost",
    "ctx_corr_gaussian_blur",
    "ctx_corr_speckle_noise",
    "ctx_corr_snow",
    "ctx_corr_fog",
    "ctx_corr_pixelate",
    "ctx_corr_spatter",
    "ctx_corr_jpeg_compression",
    "ctx_corr_gaussian_noise",
    "ctx_corr_defocus_blur",
    "ctx_brightness",
    "ctx_contrast",
    "ctx_blur_risk",
    "ctx_saturation"
  ],
  "state_dict": {
    "b": 0.3349505066871643,
    "w_u_raw": 1.749987006187439,
    "w_ctx": [
      2.1044583320617676,
      -0.12579640746116638,
      1.2083379030227661,
      -0.7921341061592102,
      0.27503982186317444,
      -0.2652705907821655,
      -1.2207961082458496,
      1.2392098903656006,
      1.095032811164856,
      -1.2639925479888916,
      -0.11507141590118408,
      0.3638894855976105,
      0.6841573119163513,
      -0.3901446461677551,
      -0.6188840270042419,
      0.24335375428199768,
      -1.0566468238830566,
      -1.2324903011322021,
      2.095285415649414,
      -0.3183610737323761,
      0.17274664342403412,
      0.16896885633468628,
      0.12990911304950714,
      -0.17057877779006958
    ],
    "best_loss": 0.7135158777236938
  }
}