{
  "name": "uncertainty_grid",
  "alpha": 0.0,
  "theta": 0.05765799613698731,
  "calib_risk": 1.1246376811594203,
  "calib_coverage": 0.6
}