policy,category,coverage,risk,wrong_auto_rate,auto_error_rate,defer_rate,n
uaat_monotone,breakfast_box,0.7227272727272728,4.05,0.37727272727272726,0.5220125786163522,0.2772727272727272,220
uaat_monotone,juice_bottle,0.4962121212121212,2.625,0.21212121212121213,0.42748091603053434,0.5037878787878788,264
uaat_monotone,pushpins,0.5241935483870968,3.056451612903226,0.25806451612903225,0.49230769230769234,0.47580645161290325,248
uaat_monotone,screw_bag,0.9230769230769231,5.827838827838827,0.575091575091575,0.623015873015873,0.07692307692307687,273
uaat_monotone,splicing_connectors,0.7630522088353414,4.21285140562249,0.39759036144578314,0.5210526315789473,0.23694779116465858,249
