policy,coverage,risk,wrong_auto_rate,auto_error_rate,defer_rate,n
uaat_monotone,0.6874003189792663,3.9728867623604467,0.3660287081339713,0.5324825986078886,0.31259968102073366,1254
fixed,0.9202551834130781,5.614035087719298,0.5534290271132376,0.6013864818024264,0.0797448165869219,1254
uncertainty_grid,0.9202551834130781,5.614035087719298,0.5534290271132376,0.6013864818024264,0.0797448165869219,1254
