{
  "name": "uncertainty_grid",
  "alpha": 0.0,
  "theta": 0.0017365104683409378,
  "calib_risk": 5.506369426751593,
  "calib_coverage": 0.9076433121019108
}