policy,coverage,risk,wrong_auto_rate,auto_error_rate,defer_rate,n
uaat_monotone,0.4601449275362319,2.858695652173913,0.2318840579710145,0.5039370078740157,0.5398550724637681,1380
fixed,0.7130434782608696,4.823188405797102,0.45362318840579713,0.6361788617886179,0.28695652173913044,1380
uncertainty_grid,0.7130434782608696,4.823188405797102,0.45362318840579713,0.6361788617886179,0.28695652173913044,1380
