{
  "name": "uncertainty_grid",
  "alpha": 0.0,
  "theta": 0.017618367527030287,
  "calib_risk": 4.715942028985507,
  "calib_coverage": 0.6898550724637681
}