{
  "name": "monotone_policy_net",
  "context_cols": [
    "ctx_cat_leather",
    "ctx_cat_hazelnut",
    "ctx_cat_bottle",
    "ctx_cat_carpet",
    "ctx_cat_metal_nut",
    "ctx_cat_grid",
    "ctx_cat_transistor",
    "ctx_cat_capsule",
    "ctx_cat_cable",
    "ctx_cat_toothbrush",
    "ctx_cat_screw",
    "ctx_cat_wood",
    "ctx_cat_zipper",
    "ctx_cat_tile",
    "ctx_cat_pill",
    "ctx_brightness",
    "ctx_contrast",
    "ctx_blur_risk",
    "ctx_saturation"
  ],
  "state_dict": {
    "b": -0.7039333581924438,
    "w_u_raw": 0.3216038644313812,
    "w_ctx": [
      -4.017568111419678,
      -0.24185170233249664,
      -1.076847791671753,
      0.3940102458000183,
      -0.5715323686599731,
      -1.5186076164245605,
      -1.778204321861267,
      0.7700222730636597,
      0.09121182560920715,
      1.1341047286987305,
      -0.5764786601066589,
      -1.594568133354187,
      -0.44491899013519287,
      -1.8136242628097534,
      0.5232208967208862,
      -0.6325700283050537,
      -0.4992082417011261,
      -0.689059317111969,
      -1.7850215435028076
    ],
    "best_loss": 3.8135178089141846
  }
}