policy,category,coverage,risk,wrong_auto_rate,auto_error_rate,defer_rate,n
uncertainty_grid,breakfast_box,0.5772727272727273,3.2863636363636366,0.2863636363636364,0.49606299212598426,0.42272727272727273,220
uncertainty_grid,juice_bottle,0.38257575757575757,1.9053030303030303,0.12878787878787878,0.33663366336633666,0.6174242424242424,264
uncertainty_grid,pushpins,0.657258064516129,3.689516129032258,0.3346774193548387,0.50920245398773,0.342741935483871,248
uncertainty_grid,screw_bag,0.8864468864468864,5.571428571428571,0.5457875457875457,0.6157024793388429,0.1135531135531136,273
uncertainty_grid,splicing_connectors,0.5943775100401606,3.216867469879518,0.28112449799196787,0.47297297297297297,0.4056224899598394,249
