policy,coverage,risk,wrong_auto_rate,auto_error_rate,defer_rate,n
uaat_monotone,0.49681020733652315,2.9593301435406696,0.24561403508771928,0.4943820224719101,0.5031897926634769,1254
fixed,0.6228070175438597,3.559011164274322,0.3181818181818182,0.5108834827144686,0.3771929824561403,1254
uncertainty_grid,0.6228070175438597,3.559011164274322,0.3181818181818182,0.5108834827144686,0.3771929824561403,1254
