{
  "name": "uncertainty_grid",
  "alpha": 0.0,
  "theta": 0.20740371372036281,
  "calib_risk": 3.7484076433121016,
  "calib_coverage": 0.6592356687898089
}