policy,category,coverage,risk,wrong_auto_rate,auto_error_rate,defer_rate,n
uaat_monotone,breakfast_box,0.5863636363636363,3.4136363636363636,0.3,0.5116279069767442,0.4136363636363637,220
uaat_monotone,juice_bottle,0.4053030303030303,2.0719696969696972,0.14772727272727273,0.3644859813084112,0.5946969696969697,264
uaat_monotone,pushpins,0.7096774193548387,3.838709677419355,0.3548387096774194,0.5,0.29032258064516125,248
uaat_monotone,screw_bag,0.7948717948717948,5.113553113553113,0.4908424908424908,0.6175115207373272,0.20512820512820518,273
uaat_monotone,splicing_connectors,0.4859437751004016,2.6024096385542164,0.20883534136546184,0.4297520661157025,0.5140562248995983,249
