policy,category,coverage,risk,wrong_auto_rate,auto_error_rate,defer_rate,n
fixed,breakfast_box,0.7363636363636363,4.172727272727273,0.39090909090909093,0.5308641975308642,0.26363636363636367,220
fixed,juice_bottle,0.4431818181818182,2.337121212121212,0.17803030303030304,0.4017094017094017,0.5568181818181819,264
fixed,pushpins,0.7943548387096774,4.278225806451614,0.40725806451612906,0.5126903553299492,0.20564516129032262,248
fixed,screw_bag,0.945054945054945,5.9523809523809526,0.5897435897435898,0.624031007751938,0.05494505494505497,273
fixed,splicing_connectors,0.7028112449799196,3.8714859437751006,0.357429718875502,0.5085714285714286,0.29718875502008035,249
