{
  "name": "uncertainty_grid",
  "alpha": 0.0,
  "theta": 0.12896153404378083,
  "calib_risk": 4.006369426751592,
  "calib_coverage": 0.6878980891719745
}