policy,category,coverage,risk,wrong_auto_rate,auto_error_rate,defer_rate,n
uncertainty_grid,breakfast_box,0.5681818181818182,3.2499999999999996,0.2818181818181818,0.496,0.43181818181818177,220
uncertainty_grid,juice_bottle,0.3712121212121212,1.8409090909090908,0.12121212121212122,0.32653061224489793,0.6287878787878788,264
uncertainty_grid,pushpins,0.6330645161290323,3.431451612903226,0.3064516129032258,0.4840764331210191,0.36693548387096775,248
uncertainty_grid,screw_bag,0.8644688644688645,5.483516483516484,0.5347985347985348,0.6186440677966102,0.1355311355311355,273
uncertainty_grid,splicing_connectors,0.5863453815261044,3.2248995983935744,0.28112449799196787,0.4794520547945205,0.4136546184738956,249
