policy,coverage,risk,wrong_auto_rate,auto_error_rate,defer_rate,n
uaat_monotone,0.6159420289855072,3.942028985507246,0.35579710144927534,0.5776470588235294,0.3840579710144928,1380
fixed,0.9050724637681159,6.435507246376812,0.6340579710144928,0.7005604483586869,0.0949275362318841,1380
uncertainty_grid,0.9050724637681159,6.435507246376812,0.6340579710144928,0.7005604483586869,0.0949275362318841,1380
