{
  "name": "monotone_policy_net",
  "context_cols": [
    "ctx_cat_leather",
    "ctx_cat_hazelnut",
    "ctx_cat_bottle",
    "ctx_cat_carpet",
    "ctx_cat_metal_nut",
    "ctx_cat_grid",
    "ctx_cat_transistor",
    "ctx_cat_capsule",
    "ctx_cat_cable",
    "ctx_cat_toothbrush",
    "ctx_cat_screw",
    "ctx_cat_wood",
    "ctx_cat_zipper",
    "ctx_cat_tile",
    "ctx_cat_pill",
    "ctx_brightness",
    "ctx_contrast",
    "ctx_blur_risk",
    "ctx_saturation"
  ],
  "state_dict": {
    "b": -0.9282589554786682,
    "w_u_raw": -0.5072261095046997,
    "w_ctx": [
      -4.351583957672119,
      0.4771476686000824,
      -0.24578380584716797,
      -5.416558265686035,
      -0.08650702983140945,
      -0.831242561340332,
      -1.2060123682022095,
      -2.3184268474578857,
      -1.9006403684616089,
      -0.10544826835393906,
      0.2538091838359833,
      -3.1456398963928223,
      0.2810680568218231,
      -2.454958915710449,
      1.2544348239898682,
      -1.0104202032089233,
      -0.5734458565711975,
      -0.8895491361618042,
      -2.3308496475219727
    ],
    "best_loss": 5.2470526695251465
  }
}