policy,wilds_split,coverage,risk,wrong_auto_rate,auto_error_rate,defer_rate,n
uaat_monotone,test,0.3905494145965273,0.8030660652941038,0.03872309597812624,0.09915031115366203,0.6094505854034726,42791
