{
  "name": "uncertainty_grid",
  "alpha": 0.0,
  "theta": 0.9885615348815917,
  "calib_risk": 0.6450642603226688,
  "calib_coverage": 0.4499589827727646
}