policy,category,coverage,risk,wrong_auto_rate,auto_error_rate,defer_rate,n
uaat_monotone,breakfast_box,0.4681818181818182,2.668181818181818,0.21363636363636362,0.4563106796116505,0.5318181818181817,220
uaat_monotone,juice_bottle,0.23863636363636365,1.4053030303030303,0.06439393939393939,0.2698412698412698,0.7613636363636364,264
uaat_monotone,pushpins,0.1935483870967742,1.5725806451612903,0.07661290322580645,0.3958333333333333,0.8064516129032258,248
uaat_monotone,screw_bag,0.663003663003663,4.183150183150183,0.38461538461538464,0.580110497237569,0.336996336996337,273
uaat_monotone,splicing_connectors,0.357429718875502,2.0080321285140563,0.13654618473895583,0.38202247191011235,0.642570281124498,249
