{
  "name": "uncertainty_grid",
  "alpha": 0.0,
  "theta": 0.3298238279479857,
  "calib_risk": 2.770700636942675,
  "calib_coverage": 0.4585987261146497
}