policy,category,coverage,risk,wrong_auto_rate,auto_error_rate,defer_rate,n
uaat_monotone,breakfast_box,0.4909090909090909,0.9727272727272727,0.2318181818181818,0.4722222222222222,0.509090909090909,220
uaat_monotone,juice_bottle,0.4053030303030303,0.8825757575757576,0.14393939393939395,0.35514018691588783,0.5946969696969697,264
uaat_monotone,pushpins,0.9314516129032258,1.0524193548387097,0.49193548387096775,0.5281385281385281,0.06854838709677424,248
uaat_monotone,screw_bag,0.6190476190476191,1.1135531135531136,0.3663003663003663,0.591715976331361,0.38095238095238093,273
uaat_monotone,splicing_connectors,0.5341365461847389,0.9397590361445783,0.23694779116465864,0.44360902255639095,0.46586345381526106,249
