policy,category,coverage,risk,wrong_auto_rate,auto_error_rate,defer_rate,n
fixed,breakfast_box,0.45454545454545453,2.5454545454545454,0.2,0.44,0.5454545454545454,220
fixed,juice_bottle,0.32575757575757575,1.7348484848484849,0.10606060606060606,0.32558139534883723,0.6742424242424243,264
fixed,pushpins,0.5685483870967742,3.05241935483871,0.2620967741935484,0.46099290780141844,0.43145161290322576,248
fixed,screw_bag,0.7216117216117216,4.564102564102564,0.42857142857142855,0.5939086294416244,0.2783882783882784,273
fixed,splicing_connectors,0.4779116465863454,2.530120481927711,0.20080321285140562,0.42016806722689076,0.5220883534136547,249
