policy,coverage,risk,wrong_auto_rate,auto_error_rate,defer_rate,n
uaat_monotone,0.4258373205741627,2.5279106858054226,0.19537480063795853,0.45880149812734083,0.5741626794258373,1254
fixed,0.5127591706539075,2.911483253588517,0.24242424242424243,0.4727838258164852,0.4872408293460925,1254
uncertainty_grid,0.5127591706539075,2.911483253588517,0.24242424242424243,0.4727838258164852,0.4872408293460925,1254
