{
  "name": "uncertainty_grid",
  "alpha": 0.0,
  "theta": 0.31333971904175595,
  "calib_risk": 2.821656050955414,
  "calib_coverage": 0.4713375796178344
}