{
  "name": "uncertainty_grid",
  "alpha": 0.0,
  "theta": 0.7345153450965881,
  "calib_risk": 0.49232631578947367,
  "calib_coverage": 0.8
}