{
  "name": "monotone_policy_net",
  "context_cols": [
    "ctx_severity",
    "ctx_corr_fog",
    "ctx_corr_impulse_noise",
    "ctx_corr_snow",
    "ctx_corr_elastic_transform",
    "ctx_corr_zoom_blur",
    "ctx_corr_frost",
    "ctx_corr_contrast",
    "ctx_corr_pixelate",
    "ctx_corr_defocus_blur",
    "ctx_corr_saturate",
    "ctx_corr_motion_blur",
    "ctx_corr_gaussian_blur",
    "ctx_corr_speckle_noise",
    "ctx_corr_gaussian_noise",
    "ctx_corr_jpeg_compression",
    "ctx_corr_spatter",
    "ctx_corr_brightness",
    "ctx_corr_glass_blur",
    "ctx_corr_shot_noise",
    "ctx_brightness",
    "ctx_contrast",
    "ctx_blur_risk",
    "ctx_saturation"
  ],
  "state_dict": {
    "b": -0.1143307089805603,
    "w_u_raw": 0.015607167966663837,
    "w_ctx": [
      2.5396664142608643,
      -1.342715859413147,
      0.8588112592697144,
      -1.5204282999038696,
      -1.596671462059021,
      -0.5968815088272095,
      -0.5372071266174316,
      -0.07557404041290283,
      0.1284160017967224,
      -0.7527096271514893,
      -2.0076944828033447,
      -0.24054761230945587,
      0.19709964096546173,
      0.6451342105865479,
      2.0583040714263916,
      -1.160173773765564,
      -2.2234246730804443,
      -1.8976553678512573,
      0.8990194797515869,
      0.9184503555297852,
      -0.2188449203968048,
      -0.13087904453277588,
      -0.4360177516937256,
      -1.0516877174377441
    ],
    "best_loss": 0.4756278693675995
  }
}