policy,coverage,risk,wrong_auto_rate,auto_error_rate,defer_rate,n
uaat_monotone,0.6339712918660287,3.659489633173844,0.3293460925039872,0.519496855345912,0.36602870813397126,1254
fixed,0.8141945773524721,4.68341307814992,0.44976076555023925,0.5523996082272282,0.18580542264752786,1254
uncertainty_grid,0.8141945773524721,4.68341307814992,0.44976076555023925,0.5523996082272282,0.18580542264752786,1254
