{
  "name": "uncertainty_grid",
  "alpha": 0.0,
  "theta": 0.044196069091102186,
  "calib_risk": 4.917197452229299,
  "calib_coverage": 0.8280254777070064
}