policy,coverage,risk,wrong_auto_rate,auto_error_rate,defer_rate,n
uaat_monotone,0.5659420289855073,3.6079710144927537,0.3173913043478261,0.5608194622279129,0.4340579710144927,1380
fixed,0.7594202898550725,5.1753623188405795,0.4934782608695652,0.6498091603053435,0.24057971014492752,1380
uncertainty_grid,0.7594202898550725,5.1753623188405795,0.4934782608695652,0.6498091603053435,0.24057971014492752,1380
