{
  "name": "uncertainty_grid",
  "alpha": 0.0,
  "theta": 0.0068646204777431,
  "calib_risk": 5.034782608695652,
  "calib_coverage": 0.7478260869565218
}