{
  "name": "uncertainty_grid",
  "alpha": 0.025,
  "theta": 0.8134456327408552,
  "calib_risk": 0.8307894736842105,
  "calib_coverage": 0.74
}