{
  "name": "monotone_policy_net",
  "context_cols": [
    "ctx_severity",
    "ctx_corr_fog",
    "ctx_corr_impulse_noise",
    "ctx_corr_snow",
    "ctx_corr_elastic_transform",
    "ctx_corr_zoom_blur",
    "ctx_corr_frost",
    "ctx_corr_contrast",
    "ctx_corr_pixelate",
    "ctx_corr_defocus_blur",
    "ctx_corr_saturate",
    "ctx_corr_motion_blur",
    "ctx_corr_gaussian_blur",
    "ctx_corr_speckle_noise",
    "ctx_corr_gaussian_noise",
    "ctx_corr_jpeg_compression",
    "ctx_corr_spatter",
    "ctx_corr_brightness",
    "ctx_corr_glass_blur",
    "ctx_corr_shot_noise",
    "ctx_brightness",
    "ctx_contrast",
    "ctx_blur_risk",
    "ctx_saturation"
  ],
  "state_dict": {
    "b": 0.17322532832622528,
    "w_u_raw": 1.4215099811553955,
    "w_ctx": [
      2.2203049659729004,
      -1.0647177696228027,
      1.1564370393753052,
      -0.7869815230369568,
      -1.8018989562988281,
      -0.31595632433891296,
      -0.33955180644989014,
      -0.17766103148460388,
      0.19705432653427124,
      -0.4454771876335144,
      -1.5828769207000732,
      -0.6047999262809753,
      0.44882625341415405,
      0.73171466588974,
      2.088235855102539,
      -1.108580470085144,
      -1.0046602487564087,
      -1.456069827079773,
      0.9798440933227539,
      1.0606688261032104,
      0.1102205440402031,
      -0.2529745101928711,
      0.13019423186779022,
      -0.7510108947753906
    ],
    "best_loss": 0.7673460245132446
  }
}