policy,coverage,risk,wrong_auto_rate,auto_error_rate,defer_rate,n
uaat_monotone,0.49064055525694655,0.9572339978032763,0.08957491061204459,0.18256727792331506,0.5093594447430534,42791
uncertainty_grid,0.5234044542076605,1.031501951344909,0.11098128111051389,0.21203732642764656,0.47659554579233954,42791
fixed,0.5250169428150779,1.0363160477670537,0.11226659811642635,0.21383423840470045,0.47498305718492206,42791
