policy,wilds_split,coverage,risk,wrong_auto_rate,auto_error_rate,defer_rate,n
uncertainty_grid,test,0.6237059194690472,1.0627702086887432,0.13729522563155805,0.22012814268050507,0.3762940805309528,42791
