{
  "name": "uncertainty_grid",
  "alpha": 0.45,
  "theta": 0.5474606634825468,
  "calib_risk": 0.7834290401968826,
  "calib_coverage": 0.8099535138091332
}