{
  "name": "monotone_policy_net",
  "context_cols": [
    "ctx_cat_leather",
    "ctx_cat_hazelnut",
    "ctx_cat_bottle",
    "ctx_cat_carpet",
    "ctx_cat_metal_nut",
    "ctx_cat_grid",
    "ctx_cat_transistor",
    "ctx_cat_capsule",
    "ctx_cat_cable",
    "ctx_cat_toothbrush",
    "ctx_cat_screw",
    "ctx_cat_wood",
    "ctx_cat_zipper",
    "ctx_cat_tile",
    "ctx_cat_pill",
    "ctx_brightness",
    "ctx_contrast",
    "ctx_blur_risk",
    "ctx_saturation"
  ],
  "state_dict": {
    "b": -0.9784377217292786,
    "w_u_raw": -0.5699028968811035,
    "w_ctx": [
      -4.152035236358643,
      0.5641418099403381,
      -0.058117639273405075,
      -5.167346477508545,
      -0.2920417785644531,
      -0.7811796069145203,
      -1.0505024194717407,
      -2.2033185958862305,
      -1.728768229484558,
      0.007798444014042616,
      -0.288923978805542,
      -2.991636276245117,
      0.4298749268054962,
      -2.3005709648132324,
      0.9806851148605347,
      -1.1275205612182617,
      -0.6144193410873413,
      -0.9425270557403564,
      -2.1701807975769043
    ],
    "best_loss": 5.512200355529785
  }
}