policy,coverage,risk,wrong_auto_rate,auto_error_rate,defer_rate,n
uaat_monotone,0.5884057971014492,3.7521739130434786,0.33405797101449275,0.5677339901477833,0.41159420289855075,1380
fixed,0.7971014492753623,5.4855072463768115,0.5282608695652173,0.6627272727272727,0.2028985507246377,1380
uncertainty_grid,0.7971014492753623,5.4855072463768115,0.5282608695652173,0.6627272727272727,0.2028985507246377,1380
