{
  "name": "monotone_policy_net",
  "context_cols": [
    "ctx_cat_hazelnut",
    "ctx_cat_bottle",
    "ctx_cat_toothbrush",
    "ctx_cat_pill",
    "ctx_cat_carpet",
    "ctx_cat_wood",
    "ctx_cat_grid",
    "ctx_cat_capsule",
    "ctx_cat_metal_nut",
    "ctx_cat_tile",
    "ctx_cat_transistor",
    "ctx_cat_leather",
    "ctx_cat_cable",
    "ctx_cat_screw",
    "ctx_cat_zipper",
    "ctx_brightness",
    "ctx_contrast",
    "ctx_blur_risk",
    "ctx_saturation"
  ],
  "state_dict": {
    "b": -0.9214796423912048,
    "w_u_raw": -0.24481558799743652,
    "w_ctx": [
      -0.8043497800827026,
      -0.2564976215362549,
      0.15382912755012512,
      0.3993774652481079,
      -3.7720906734466553,
      -4.855214595794678,
      -2.9700169563293457,
      1.1503459215164185,
      0.11073277145624161,
      -0.5079591870307922,
      0.28606170415878296,
      -2.225648880004883,
      -0.758955717086792,
      0.02251429297029972,
      -1.9749908447265625,
      -0.7442120313644409,
      -0.6173728108406067,
      -0.8585478663444519,
      -1.1783168315887451
    ],
    "best_loss": 4.459591388702393
  }
}