{
  "name": "uncertainty_grid",
  "alpha": 0.0,
  "theta": 0.002590460835152135,
  "calib_risk": 5.321739130434782,
  "calib_coverage": 0.7797101449275362
}