policy,wilds_split,coverage,risk,wrong_auto_rate,auto_error_rate,defer_rate,n
uaat_monotone,test,0.43282465939099346,0.8441027318828725,0.0553854782547732,0.127962852977701,0.5671753406090065,42791
