policy,wilds_split,coverage,risk,wrong_auto_rate,auto_error_rate,defer_rate,n
fixed,test,0.41686335911757144,0.8192844289687085,0.04722955761725597,0.11329745487162238,0.5831366408824286,42791
