{
  "name": "uncertainty_grid",
  "alpha": 0.0,
  "theta": 0.9369628715515137,
  "calib_risk": 0.5834016953787258,
  "calib_coverage": 0.5799835931091059
}