policy,category,coverage,risk,wrong_auto_rate,auto_error_rate,defer_rate,n
uaat_monotone,breakfast_box,0.1,1.309090909090909,0.04090909090909091,0.4090909090909091,0.9,220
uaat_monotone,juice_bottle,0.2196969696969697,1.3106060606060606,0.05303030303030303,0.2413793103448276,0.7803030303030303,264
uaat_monotone,pushpins,0.532258064516129,3.008064516129032,0.2540322580645161,0.4772727272727273,0.467741935483871,248
uaat_monotone,screw_bag,0.2967032967032967,2.168498168498169,0.14652014652014653,0.49382716049382713,0.7032967032967032,273
uaat_monotone,splicing_connectors,0.3654618473895582,2.0803212851405624,0.14457831325301204,0.3956043956043956,0.6345381526104418,249
