policy,category,coverage,risk,wrong_auto_rate,auto_error_rate,defer_rate,n
fixed,breakfast_box,0.37272727272727274,2.127272727272727,0.15,0.4024390243902439,0.6272727272727272,220
fixed,juice_bottle,0.2803030303030303,1.5151515151515151,0.07954545454545454,0.28378378378378377,0.7196969696969697,264
fixed,pushpins,0.5080645161290323,2.951612903225807,0.24596774193548387,0.48412698412698413,0.49193548387096775,248
fixed,screw_bag,0.6483516483516484,4.124542124542124,0.3772893772893773,0.5819209039548022,0.3516483516483516,273
fixed,splicing_connectors,0.4578313253012048,2.5100401606425704,0.19678714859437751,0.4298245614035088,0.5421686746987953,249
