{
  "name": "uncertainty_grid",
  "alpha": 0.0,
  "theta": 0.37263315876547326,
  "calib_risk": 2.5445859872611463,
  "calib_coverage": 0.4299363057324841
}