{
  "name": "monotone_policy_net",
  "context_cols": [
    "ctx_cat_screw_bag",
    "ctx_cat_pushpins",
    "ctx_cat_splicing_connectors",
    "ctx_cat_juice_bottle",
    "ctx_cat_breakfast_box",
    "ctx_brightness",
    "ctx_contrast",
    "ctx_blur_risk",
    "ctx_saturation"
  ],
  "state_dict": {
    "b": -0.8828845024108887,
    "w_u_raw": 5.675016403198242,
    "w_ctx": [
      0.08125130832195282,
      -2.2489206790924072,
      -0.6662400960922241,
      -1.066933512687683,
      1.4480723142623901,
      -1.134806513786316,
      -1.6805775165557861,
      -0.7125401496887207,
      -2.5745036602020264
    ],
    "best_loss": 2.171375274658203
  }
}