{
  "name": "uncertainty_grid",
  "alpha": 0.0,
  "theta": 0.7345153450965881,
  "calib_risk": 3.123263157894737,
  "calib_coverage": 0.8
}