{
  "name": "monotone_policy_net",
  "context_cols": [
    "ctx_severity",
    "ctx_corr_fog",
    "ctx_corr_impulse_noise",
    "ctx_corr_snow",
    "ctx_corr_elastic_transform",
    "ctx_corr_zoom_blur",
    "ctx_corr_frost",
    "ctx_corr_contrast",
    "ctx_corr_pixelate",
    "ctx_corr_defocus_blur",
    "ctx_corr_saturate",
    "ctx_corr_motion_blur",
    "ctx_corr_gaussian_blur",
    "ctx_corr_speckle_noise",
    "ctx_corr_gaussian_noise",
    "ctx_corr_jpeg_compression",
    "ctx_corr_spatter",
    "ctx_corr_brightness",
    "ctx_corr_glass_blur",
    "ctx_corr_shot_noise",
    "ctx_brightness",
    "ctx_contrast",
    "ctx_blur_risk",
    "ctx_saturation"
  ],
  "state_dict": {
    "b": 0.33507999777793884,
    "w_u_raw": 3.6423568725585938,
    "w_ctx": [
      2.722944974899292,
      -1.009763479232788,
      1.1695011854171753,
      -0.8359018564224243,
      -1.6715445518493652,
      -0.4606647491455078,
      -0.2148636281490326,
      -0.027920730412006378,
      0.18949902057647705,
      -0.4614940881729126,
      -0.9731736183166504,
      -0.5082323551177979,
      0.3950125575065613,
      0.8083242177963257,
      2.2502777576446533,
      -1.384100079536438,
      -1.8637113571166992,
      -1.636699914932251,
      1.4592702388763428,
      1.2441059350967407,
      0.02873099222779274,
      -0.1719350963830948,
      0.1941988468170166,
      -1.1820135116577148
    ],
    "best_loss": 2.1304750442504883
  }
}