group,ece,mce,n
ALL,0.15877813838107646,0.2818246196779901,42791
