group,ece,mce,n
ALL,0.1913931673287618,0.4152495625244381,42791
