{
  "name": "uncertainty_grid",
  "alpha": 0.8,
  "theta": 0.9837606047987939,
  "calib_risk": 0.6462631578947369,
  "calib_coverage": 0.44
}