{
  "name": "monotone_policy_net",
  "context_cols": [
    "ctx_severity",
    "ctx_corr_motion_blur",
    "ctx_corr_shot_noise",
    "ctx_corr_elastic_transform",
    "ctx_corr_contrast",
    "ctx_corr_zoom_blur",
    "ctx_corr_saturate",
    "ctx_corr_glass_blur",
    "ctx_corr_impulse_noise",
    "ctx_corr_brightness",
    "ctx_corr_frost",
    "ctx_corr_gaussian_blur",
    "ctx_corr_speckle_noise",
    "ctx_corr_snow",
    "ctx_corr_fog",
    "ctx_corr_pixelate",
    "ctx_corr_spatter",
    "ctx_corr_jpeg_compression",
    "ctx_corr_gaussian_noise",
    "ctx_corr_defocus_blur",
    "ctx_brightness",
    "ctx_contrast",
    "ctx_blur_risk",
    "ctx_saturation"
  ],
  "state_dict": {
    "b": 1.0350894927978516,
    "w_u_raw": 1.5840206146240234,
    "w_ctx": [
      1.7091249227523804,
      0.8441696763038635,
      2.024817705154419,
      -0.23806191980838776,
      0.3564942181110382,
      0.6121498942375183,
      -0.7404835820198059,
      2.4544742107391357,
      1.9174519777297974,
      -1.1509507894515991,
      0.8690934777259827,
      0.7332727909088135,
      1.6172767877578735,
      0.48814189434051514,
      -0.08590371906757355,
      0.9701235890388489,
      -0.05385120213031769,
      0.3922683298587799,
      2.7733170986175537,
      0.008125985972583294,
      0.925414502620697,
      0.936486005783081,
      0.970922589302063,
      0.8644084930419922
    ],
    "best_loss": 0.7012899518013
  }
}