policy,category,coverage,risk,wrong_auto_rate,auto_error_rate,defer_rate,n
uaat_monotone,breakfast_box,0.5727272727272728,3.3363636363636364,0.2909090909090909,0.5079365079365079,0.42727272727272725,220
uaat_monotone,juice_bottle,0.3977272727272727,2.041666666666667,0.14393939393939395,0.3619047619047619,0.6022727272727273,264
uaat_monotone,pushpins,0.9314516129032258,4.987903225806452,0.49193548387096775,0.5281385281385281,0.06854838709677424,248
uaat_monotone,screw_bag,0.7619047619047619,4.8901098901098905,0.4652014652014652,0.6105769230769231,0.23809523809523814,273
uaat_monotone,splicing_connectors,0.4779116465863454,2.530120481927711,0.20080321285140562,0.42016806722689076,0.5220883534136547,249
