policy,coverage,risk,wrong_auto_rate,auto_error_rate,defer_rate,n
uaat_monotone,0.6291866028708134,3.5685805422647525,0.3197767145135566,0.5082382762991128,0.3708133971291866,1254
fixed,0.7639553429027113,4.3907496012759175,0.4154704944178628,0.5438413361169102,0.23604465709728872,1254
uncertainty_grid,0.7639553429027113,4.3907496012759175,0.4154704944178628,0.5438413361169102,0.23604465709728872,1254
