policy,coverage,risk,wrong_auto_rate,auto_error_rate,defer_rate,n
uaat_monotone,0.6391304347826087,4.128985507246377,0.37681159420289856,0.5895691609977324,0.36086956521739133,1380
fixed,0.9304347826086956,6.663768115942029,0.6594202898550725,0.7087227414330218,0.06956521739130439,1380
uncertainty_grid,0.9304347826086956,6.663768115942029,0.6594202898550725,0.7087227414330218,0.06956521739130439,1380
