{
  "name": "uncertainty_grid",
  "alpha": 0.0,
  "theta": 0.0021960668653914187,
  "calib_risk": 1.2666666666666666,
  "calib_coverage": 0.8
}