policy,category,coverage,risk,wrong_auto_rate,auto_error_rate,defer_rate,n
uaat_monotone,breakfast_box,0.6045454545454545,3.531818181818182,0.31363636363636366,0.518796992481203,0.3954545454545455,220
uaat_monotone,juice_bottle,0.4166666666666667,2.1363636363636362,0.1553030303030303,0.37272727272727274,0.5833333333333333,264
uaat_monotone,pushpins,0.9556451612903226,5.165322580645161,0.5120967741935484,0.5358649789029536,0.04435483870967738,248
uaat_monotone,screw_bag,0.8241758241758241,5.267399267399267,0.5091575091575091,0.6177777777777778,0.17582417582417587,273
uaat_monotone,splicing_connectors,0.7389558232931727,4.156626506024097,0.3895582329317269,0.5271739130434783,0.26104417670682734,249
