policy,coverage,risk,wrong_auto_rate,auto_error_rate,defer_rate,n
uaat_monotone,0.7089314194577353,4.062998405103668,0.37719298245614036,0.532058492688414,0.2910685805422647,1254
fixed,0.8429027113237639,4.925837320574163,0.4768740031897927,0.565752128666036,0.15709728867623607,1254
uncertainty_grid,0.8429027113237639,4.925837320574163,0.4768740031897927,0.565752128666036,0.15709728867623607,1254
