policy,category,coverage,risk,wrong_auto_rate,auto_error_rate,defer_rate,n
uaat_monotone,breakfast_box,0.4636363636363636,2.718181818181818,0.21818181818181817,0.47058823529411764,0.5363636363636364,220
uaat_monotone,juice_bottle,0.36742424242424243,2.0719696969696972,0.14393939393939395,0.3917525773195876,0.6325757575757576,264
uaat_monotone,pushpins,0.3467741935483871,2.225806451612903,0.15725806451612903,0.45348837209302323,0.6532258064516129,248
uaat_monotone,screw_bag,0.31135531135531136,2.117216117216117,0.14285714285714285,0.4588235294117647,0.6886446886446886,273
uaat_monotone,splicing_connectors,0.3534136546184739,1.9317269076305221,0.1285140562248996,0.36363636363636365,0.6465863453815262,249
