{
  "name": "uncertainty_grid",
  "alpha": 0.0,
  "theta": 0.3324370860925807,
  "calib_risk": 2.5987261146496814,
  "calib_coverage": 0.4394904458598726
}