policy,wilds_split,coverage,risk,wrong_auto_rate,auto_error_rate,defer_rate,n
uaat_monotone,test,0.5024421023112337,0.984926736930663,0.09747376784837933,0.194,0.49755789768876635,42791
