policy,coverage,risk,wrong_auto_rate,auto_error_rate,defer_rate,n
uaat_monotone,0.5024421023112337,0.984926736930663,0.09747376784837933,0.194,0.49755789768876635,42791
uncertainty_grid,0.5470542871164498,1.0870743848005422,0.1268257343833984,0.23183391003460208,0.45294571288355023,42791
fixed,0.5516580589376271,1.0990628870556893,0.13014418919866327,0.2359145979835635,0.4483419410623729,42791
