{
  "name": "uncertainty_grid",
  "alpha": 2.9000000000000004,
  "theta": 0.20268442401289952,
  "calib_risk": 0.8053048947224501,
  "calib_coverage": 0.7299699207000273
}