policy,coverage,risk,wrong_auto_rate,auto_error_rate,defer_rate,n
uaat_monotone,0.45217391304347826,2.7869565217391306,0.22391304347826088,0.4951923076923077,0.5478260869565217,1380
fixed,0.6268115942028986,4.163043478260869,0.3789855072463768,0.6046242774566474,0.37318840579710144,1380
uncertainty_grid,0.6268115942028986,4.163043478260869,0.3789855072463768,0.6046242774566474,0.37318840579710144,1380
