{
  "name": "uncertainty_grid",
  "alpha": 0.0,
  "theta": 0.048932177764,
  "calib_risk": 4.185507246376812,
  "calib_coverage": 0.6405797101449275
}