policy,coverage,risk,wrong_auto_rate,auto_error_rate,defer_rate,n
uaat_monotone,0.839128947368421,0.9672394736842106,0.16127368421052632,0.1921917778147139,0.16087105263157897,760000
fixed,0.8892881578947368,1.113363157894737,0.20053026315789474,0.22549525862642947,0.11071184210526319,760000
uncertainty_grid,0.8892342105263158,1.1135223684210527,0.2005513157894737,0.22553261381022702,0.1107657894736842,760000
