{
  "name": "uncertainty_grid",
  "alpha": 0.2,
  "theta": 0.48224096071720124,
  "calib_risk": 1.1102894736842104,
  "calib_coverage": 0.89
}