{
  "name": "monotone_policy_net",
  "context_cols": [
    "ctx_severity",
    "ctx_corr_fog",
    "ctx_corr_impulse_noise",
    "ctx_corr_snow",
    "ctx_corr_elastic_transform",
    "ctx_corr_zoom_blur",
    "ctx_corr_frost",
    "ctx_corr_contrast",
    "ctx_corr_pixelate",
    "ctx_corr_defocus_blur",
    "ctx_corr_saturate",
    "ctx_corr_motion_blur",
    "ctx_corr_gaussian_blur",
    "ctx_corr_speckle_noise",
    "ctx_corr_gaussian_noise",
    "ctx_corr_jpeg_compression",
    "ctx_corr_spatter",
    "ctx_corr_brightness",
    "ctx_corr_glass_blur",
    "ctx_corr_shot_noise",
    "ctx_brightness",
    "ctx_contrast",
    "ctx_blur_risk",
    "ctx_saturation"
  ],
  "state_dict": {
    "b": -0.525453507900238,
    "w_u_raw": 0.8901467323303223,
    "w_ctx": [
      3.590874195098877,
      -1.5413275957107544,
      1.0979893207550049,
      -2.8341517448425293,
      -1.6566509008407593,
      -0.322155237197876,
      -0.31939420104026794,
      -0.31046804785728455,
      0.1551361232995987,
      -0.7439555525779724,
      -1.861804485321045,
      -0.6555077433586121,
      0.43426182866096497,
      0.4181046187877655,
      2.0887067317962646,
      -2.2715301513671875,
      -2.7448160648345947,
      -1.9460906982421875,
      0.7188704013824463,
      1.1455457210540771,
      -0.21659788489341736,
      -0.3195819556713104,
      -1.6682301759719849,
      -2.672144651412964
    ],
    "best_loss": 1.016086459159851
  }
}