policy,wilds_split,coverage,risk,wrong_auto_rate,auto_error_rate,defer_rate,n
uaat_monotone,test,0.431959991587016,0.8603912037577994,0.0584702390689631,0.1353603116208613,0.568040008412984,42791
