{
  "name": "uncertainty_grid",
  "alpha": 0.0,
  "theta": 0.9550273603200913,
  "calib_risk": 0.6508066721356303,
  "calib_coverage": 0.5700027344818157
}