policy,wilds_split,coverage,risk,wrong_auto_rate,auto_error_rate,defer_rate,n
uaat_monotone,test,0.7394779276015985,1.6767077189128554,0.2832371293028908,0.38302310147583984,0.2605220723984015,42791
