policy,wilds_split,coverage,risk,wrong_auto_rate,auto_error_rate,defer_rate,n
uaat_monotone,test,0.4338061741955084,1.23362389287467,0.03337150335350891,0.07692722081560092,0.5661938258044916,42791
