{
  "name": "uncertainty_grid",
  "alpha": 0.025,
  "theta": 0.9437450172379614,
  "calib_risk": 1.0016406890894176,
  "calib_coverage": 0.599945310363686
}