policy,wilds_split,coverage,risk,wrong_auto_rate,auto_error_rate,defer_rate,n
uncertainty_grid,test,0.6014816199668155,0.6448318571662265,0.123156738566521,0.2047556142668428,0.3985183800331845,42791
