policy,wilds_split,coverage,risk,wrong_auto_rate,auto_error_rate,defer_rate,n
uaat_monotone,test,0.8000046738800215,0.736229580986656,0.26811712743333876,0.33514445126047965,0.1999953261199785,42791
