policy,category,coverage,risk,wrong_auto_rate,auto_error_rate,defer_rate,n
uncertainty_grid,breakfast_box,0.5590909090909091,3.259090909090909,0.2818181818181818,0.5040650406504065,0.4409090909090909,220
uncertainty_grid,juice_bottle,0.36742424242424243,2.034090909090909,0.14015151515151514,0.38144329896907214,0.6325757575757576,264
uncertainty_grid,pushpins,0.6129032258064516,3.370967741935484,0.29838709677419356,0.4868421052631579,0.3870967741935484,248
uncertainty_grid,screw_bag,0.8388278388278388,5.289377289377289,0.5128205128205128,0.611353711790393,0.16117216117216115,273
uncertainty_grid,splicing_connectors,0.5783132530120482,3.1526104417670684,0.27309236947791166,0.4722222222222222,0.42168674698795183,249
