{
  "name": "uncertainty_grid",
  "alpha": 0.0,
  "theta": 0.24237901052912725,
  "calib_risk": 3.254777070063694,
  "calib_coverage": 0.5796178343949044
}