policy,wilds_split,coverage,risk,wrong_auto_rate,auto_error_rate,defer_rate,n
uaat_monotone,test,0.38435652356804,0.7965226332640042,0.036175831366408825,0.09412050829938591,0.61564347643196,42791
