policy,wilds_split,coverage,risk,wrong_auto_rate,auto_error_rate,defer_rate,n
fixed,test,0.33663620854852655,0.7604636488981327,0.019419971489331868,0.057688302672683094,0.6633637914514734,42791
