{
  "name": "uncertainty_grid",
  "alpha": 0.0,
  "theta": 0.99156414270401,
  "calib_risk": 0.6465682253213016,
  "calib_coverage": 0.4299972655181843
}