policy,wilds_split,coverage,risk,wrong_auto_rate,auto_error_rate,defer_rate,n
uaat_monotone,test,0.5422869294945198,0.9010305905447407,0.08866350400785211,0.16349924585218703,0.45771307050548016,42791
