{
  "name": "uncertainty_grid",
  "alpha": 0.0,
  "theta": 0.7841731512546539,
  "calib_risk": 0.6585999453103637,
  "calib_coverage": 0.7399507793273175
}