policy,wilds_split,coverage,risk,wrong_auto_rate,auto_error_rate,defer_rate,n
uaat_monotone,test,0.36512350727956816,0.7441284382229907,0.02185038910051179,0.05984383000512033,0.6348764927204318,42791
