policy,wilds_split,coverage,risk,wrong_auto_rate,auto_error_rate,defer_rate,n
fixed,test,0.3299992989179968,0.7371877263910636,0.013437405061812064,0.04071949578641739,0.6700007010820033,42791
