policy,coverage,risk,wrong_auto_rate,auto_error_rate,defer_rate,n
fixed,0.3299992989179968,0.7371877263910636,0.013437405061812064,0.04071949578641739,0.6700007010820033,42791
uncertainty_grid,0.3299992989179968,0.7371877263910636,0.013437405061812064,0.04071949578641739,0.6700007010820033,42791
uaat_monotone,0.36512350727956816,0.7441284382229907,0.02185038910051179,0.05984383000512033,0.6348764927204318,42791
