{
  "name": "uncertainty_grid",
  "alpha": 0.0,
  "theta": 0.9798382031917572,
  "calib_risk": 0.6296144380639869,
  "calib_coverage": 0.49001914137270985
}