policy,category,coverage,risk,wrong_auto_rate,auto_error_rate,defer_rate,n
uncertainty_grid,breakfast_box,0.5409090909090909,3.004545454545454,0.2545454545454545,0.47058823529411764,0.4590909090909091,220
uncertainty_grid,juice_bottle,0.35984848484848486,1.8143939393939394,0.11742424242424243,0.3263157894736842,0.6401515151515151,264
uncertainty_grid,pushpins,0.6008064516129032,3.463709677419355,0.3064516129032258,0.5100671140939598,0.39919354838709675,248
uncertainty_grid,screw_bag,0.8461538461538461,5.282051282051282,0.5128205128205128,0.6060606060606061,0.15384615384615385,273
uncertainty_grid,splicing_connectors,0.5662650602409639,3.0843373493975905,0.26506024096385544,0.46808510638297873,0.4337349397590361,249
