{
  "name": "uncertainty_grid",
  "alpha": 0.0,
  "theta": 0.23942398846204468,
  "calib_risk": 3.6178343949044582,
  "calib_coverage": 0.6305732484076433
}