{
  "name": "monotone_policy_net",
  "context_cols": [
    "ctx_cat_hazelnut",
    "ctx_cat_bottle",
    "ctx_cat_toothbrush",
    "ctx_cat_pill",
    "ctx_cat_carpet",
    "ctx_cat_wood",
    "ctx_cat_grid",
    "ctx_cat_capsule",
    "ctx_cat_metal_nut",
    "ctx_cat_tile",
    "ctx_cat_transistor",
    "ctx_cat_leather",
    "ctx_cat_cable",
    "ctx_cat_screw",
    "ctx_cat_zipper",
    "ctx_brightness",
    "ctx_contrast",
    "ctx_blur_risk",
    "ctx_saturation"
  ],
  "state_dict": {
    "b": -1.1069680452346802,
    "w_u_raw": 1.8235948085784912,
    "w_ctx": [
      -0.9749113917350769,
      -1.8694052696228027,
      -0.1537177711725235,
      -0.8686206340789795,
      -0.9874241352081299,
      -3.3184211254119873,
      0.5486059784889221,
      -0.6298843026161194,
      -1.0162659883499146,
      -2.005943775177002,
      -0.9421465992927551,
      -2.482839822769165,
      -1.0178364515304565,
      -0.3534027636051178,
      -0.8455220460891724,
      1.0273245573043823,
      -0.27706295251846313,
      -1.0587093830108643,
      -0.6610468029975891
    ],
    "best_loss": 2.634288787841797
  }
}