policy,coverage,risk,wrong_auto_rate,auto_error_rate,defer_rate,n
uaat_monotone,0.5420289855072464,3.407246376811594,0.29492753623188406,0.5441176470588235,0.45797101449275357,1380
fixed,0.7268115942028985,4.939855072463768,0.4666666666666667,0.6420737786640079,0.27318840579710146,1380
uncertainty_grid,0.7268115942028985,4.939855072463768,0.4666666666666667,0.6420737786640079,0.27318840579710146,1380
