{
  "name": "uncertainty_grid",
  "alpha": 0.0,
  "theta": 0.012950629571038258,
  "calib_risk": 4.889855072463768,
  "calib_coverage": 0.7188405797101449
}