{
  "name": "uncertainty_grid",
  "alpha": 0.0,
  "theta": 0.001661563802142716,
  "calib_risk": 5.275362318840579,
  "calib_coverage": 0.7681159420289855
}