policy,category,coverage,risk,wrong_auto_rate,auto_error_rate,defer_rate,n
uncertainty_grid,breakfast_box,0.6590909090909091,3.7499999999999996,0.3409090909090909,0.5172413793103449,0.34090909090909094,220
uncertainty_grid,juice_bottle,0.4015151515151515,1.962121212121212,0.13636363636363635,0.33962264150943394,0.5984848484848485,264
uncertainty_grid,pushpins,0.7338709677419355,4.016129032258064,0.375,0.510989010989011,0.2661290322580645,248
uncertainty_grid,screw_bag,0.9340659340659341,5.926739926739927,0.5860805860805861,0.6274509803921569,0.06593406593406592,273
uncertainty_grid,splicing_connectors,0.6827309236947792,3.690763052208835,0.3373493975903614,0.49411764705882355,0.31726907630522083,249
