policy,wilds_split,coverage,risk,wrong_auto_rate,auto_error_rate,defer_rate,n
fixed,test,0.4700988525624547,0.8564885139398472,0.06531747330046038,0.13894412408033407,0.5299011474375452,42791
