{
  "name": "uncertainty_grid",
  "alpha": 0.025,
  "theta": 0.8629752536043525,
  "calib_risk": 0.6383647798742138,
  "calib_coverage": 0.6699480448455017
}