{
  "name": "monotone_policy_net",
  "context_cols": [
    "ctx_cat_leather",
    "ctx_cat_hazelnut",
    "ctx_cat_bottle",
    "ctx_cat_carpet",
    "ctx_cat_metal_nut",
    "ctx_cat_grid",
    "ctx_cat_transistor",
    "ctx_cat_capsule",
    "ctx_cat_cable",
    "ctx_cat_toothbrush",
    "ctx_cat_screw",
    "ctx_cat_wood",
    "ctx_cat_zipper",
    "ctx_cat_tile",
    "ctx_cat_pill",
    "ctx_brightness",
    "ctx_contrast",
    "ctx_blur_risk",
    "ctx_saturation"
  ],
  "state_dict": {
    "b": -1.0447261333465576,
    "w_u_raw": -0.6373894214630127,
    "w_ctx": [
      -4.0197930335998535,
      0.6739107966423035,
      0.14455057680606842,
      -4.990102291107178,
      -0.4703466296195984,
      -0.7631849646568298,
      -0.9476301074028015,
      -2.120535373687744,
      -1.6237062215805054,
      0.08264461904764175,
      -0.6062586307525635,
      -2.9045729637145996,
      0.6247373819351196,
      -2.226902723312378,
      0.4106366038322449,
      -1.2022489309310913,
      -0.6915566325187683,
      -1.01223886013031,
      -2.093669891357422
    ],
    "best_loss": 5.690248012542725
  }
}