{
  "name": "uncertainty_grid",
  "alpha": 0.0,
  "theta": 0.0015656830054043961,
  "calib_risk": 5.715942028985507,
  "calib_coverage": 0.8202898550724638
}