{
  "name": "monotone_policy_net",
  "context_cols": [
    "ctx_cat_grid",
    "ctx_cat_metal_nut",
    "ctx_cat_hazelnut",
    "ctx_cat_pill",
    "ctx_cat_screw",
    "ctx_cat_toothbrush",
    "ctx_cat_capsule",
    "ctx_cat_wood",
    "ctx_cat_transistor",
    "ctx_cat_cable",
    "ctx_cat_tile",
    "ctx_cat_bottle",
    "ctx_cat_zipper",
    "ctx_cat_leather",
    "ctx_cat_carpet",
    "ctx_brightness",
    "ctx_contrast",
    "ctx_blur_risk",
    "ctx_saturation"
  ],
  "state_dict": {
    "b": -0.9654586911201477,
    "w_u_raw": -0.4796757400035858,
    "w_ctx": [
      -3.1566004753112793,
      0.9538260102272034,
      -0.6538090109825134,
      0.5185230374336243,
      0.1525343656539917,
      0.5643354058265686,
      1.2019572257995605,
      -2.517242670059204,
      0.22993187606334686,
      -1.9838653802871704,
      -2.4031219482421875,
      -0.16976013779640198,
      0.3317359983921051,
      -3.8359947204589844,
      -3.465970754623413,
      -0.8879497647285461,
      -0.44025102257728577,
      -0.9038540720939636,
      -1.8145743608474731
    ],
    "best_loss": 4.768918037414551
  }
}