policy,category,coverage,risk,wrong_auto_rate,auto_error_rate,defer_rate,n
uncertainty_grid,breakfast_box,0.8454545454545455,4.881818181818182,0.4727272727272727,0.5591397849462365,0.15454545454545454,220
uncertainty_grid,juice_bottle,0.571969696969697,3.3068181818181817,0.2878787878787879,0.5033112582781457,0.428030303030303,264
uncertainty_grid,pushpins,0.9516129032258065,5.129032258064516,0.5080645161290323,0.5338983050847458,0.048387096774193505,248
uncertainty_grid,screw_bag,0.9963369963369964,6.377289377289377,0.6373626373626373,0.6397058823529411,0.00366300366300365,273
uncertainty_grid,splicing_connectors,0.8393574297188755,4.738955823293173,0.4578313253012048,0.5454545454545454,0.1606425702811245,249
