policy,coverage,risk,wrong_auto_rate,auto_error_rate,defer_rate,n
uaat_monotone,0.6570972886762361,3.7719298245614032,0.34290271132376393,0.5218446601941747,0.34290271132376393,1254
fixed,0.8405103668261563,4.896331738437001,0.47368421052631576,0.5635673624288425,0.15948963317384368,1254
uncertainty_grid,0.8405103668261563,4.896331738437001,0.47368421052631576,0.5635673624288425,0.15948963317384368,1254
