{
  "name": "uncertainty_grid",
  "alpha": 0.0,
  "theta": 0.026672700712496465,
  "calib_risk": 5.108280254777069,
  "calib_coverage": 0.8598726114649682
}