policy,wilds_split,coverage,risk,wrong_auto_rate,auto_error_rate,defer_rate,n
uaat_monotone,test,0.538781519478395,0.8941366175130283,0.08658362739828468,0.16070266753415746,0.46121848052160497,42791
