policy,wilds_split,coverage,risk,wrong_auto_rate,auto_error_rate,defer_rate,n
fixed,test,0.53808043747517,0.8976420275291535,0.08714449300086467,0.1619543973941368,0.46191956252483,42791
