{
  "name": "uncertainty_grid",
  "alpha": 1.0,
  "theta": 0.5998713698983192,
  "calib_risk": 0.6446540880503145,
  "calib_coverage": 0.7299699207000273
}