{
  "name": "monotone_policy_net",
  "context_cols": [
    "ctx_severity",
    "ctx_corr_gaussian_noise",
    "ctx_corr_pixelate",
    "ctx_corr_frost",
    "ctx_corr_fog",
    "ctx_corr_brightness",
    "ctx_corr_glass_blur",
    "ctx_corr_gaussian_blur",
    "ctx_corr_snow",
    "ctx_corr_contrast",
    "ctx_corr_impulse_noise",
    "ctx_corr_zoom_blur",
    "ctx_corr_elastic_transform",
    "ctx_corr_saturate",
    "ctx_corr_defocus_blur",
    "ctx_corr_jpeg_compression",
    "ctx_corr_motion_blur",
    "ctx_corr_shot_noise",
    "ctx_corr_spatter",
    "ctx_corr_speckle_noise",
    "ctx_brightness",
    "ctx_contrast",
    "ctx_blur_risk",
    "ctx_saturation"
  ],
  "state_dict": {
    "b": 0.26639053225517273,
    "w_u_raw": 0.8739244937896729,
    "w_ctx": [
      1.7402597665786743,
      2.0289127826690674,
      0.2870132327079773,
      -0.19182884693145752,
      -1.5235480070114136,
      -1.49313223361969,
      1.168346643447876,
      0.5976738929748535,
      -0.4033516049385071,
      0.270908921957016,
      1.154807209968567,
      -0.3575495779514313,
      -1.1125028133392334,
      -1.413887858390808,
      -0.3817550837993622,
      -0.9342433214187622,
      -0.05985917150974274,
      1.1415963172912598,
      -0.7245109677314758,
      0.6813333034515381,
      0.1777491271495819,
      0.2507173717021942,
      0.042554885149002075,
      -0.010098368860781193
    ],
    "best_loss": 0.4762038588523865
  }
}