{
  "name": "monotone_policy_net",
  "context_cols": [
    "ctx_cat_leather",
    "ctx_cat_hazelnut",
    "ctx_cat_bottle",
    "ctx_cat_carpet",
    "ctx_cat_metal_nut",
    "ctx_cat_grid",
    "ctx_cat_transistor",
    "ctx_cat_capsule",
    "ctx_cat_cable",
    "ctx_cat_toothbrush",
    "ctx_cat_screw",
    "ctx_cat_wood",
    "ctx_cat_zipper",
    "ctx_cat_tile",
    "ctx_cat_pill",
    "ctx_brightness",
    "ctx_contrast",
    "ctx_blur_risk",
    "ctx_saturation"
  ],
  "state_dict": {
    "b": -0.881481409072876,
    "w_u_raw": 2.048346757888794,
    "w_ctx": [
      -1.4332531690597534,
      -0.6492753624916077,
      -1.542183518409729,
      0.08908341825008392,
      -1.0116122961044312,
      -2.1056714057922363,
      -0.2939205467700958,
      0.7649102807044983,
      -0.11620526760816574,
      1.0311347246170044,
      -1.0884482860565186,
      -1.4740734100341797,
      -0.8281475901603699,
      -1.6700780391693115,
      0.3020743429660797,
      -0.7413676977157593,
      -1.00631582736969,
      -0.8544971346855164,
      -3.2929582595825195
    ],
    "best_loss": 7.318412780761719
  }
}