{
  "name": "uncertainty_grid",
  "alpha": 0.0,
  "theta": 0.0009472940344212378,
  "calib_risk": 10.808695652173913,
  "calib_coverage": 0.8
}