policy,wilds_split,coverage,risk,wrong_auto_rate,auto_error_rate,defer_rate,n
uaat_monotone,test,0.7573087798836204,1.7267649739431188,0.29681475076534786,0.3919335925445905,0.24269122011637956,42791
