{
  "name": "uncertainty_grid",
  "alpha": 0.0,
  "theta": 0.4504831257462498,
  "calib_risk": 1.038966365873667,
  "calib_coverage": 0.9098988241728192
}