policy,category,coverage,risk,wrong_auto_rate,auto_error_rate,defer_rate,n
uaat_monotone,breakfast_box,0.85,2.5363636363636366,0.4772727272727273,0.5614973262032086,0.15000000000000002,220
uaat_monotone,juice_bottle,0.3939393939393939,1.3636363636363638,0.15151515151515152,0.38461538461538464,0.6060606060606061,264
uaat_monotone,pushpins,0.9879032258064516,2.7338709677419355,0.5443548387096774,0.5510204081632653,0.012096774193548376,248
uaat_monotone,screw_bag,0.9743589743589743,3.120879120879121,0.6190476190476191,0.6353383458646616,0.02564102564102566,273
uaat_monotone,splicing_connectors,0.8072289156626506,2.381526104417671,0.43775100401606426,0.5422885572139303,0.19277108433734935,249
