policy,wilds_split,coverage,risk,wrong_auto_rate,auto_error_rate,defer_rate,n
fixed,test,0.3852211913720175,0.7992802224766891,0.0369002827697413,0.0957898568308663,0.6147788086279825,42791
