policy,wilds_split,coverage,risk,wrong_auto_rate,auto_error_rate,defer_rate,n
uaat_monotone,test,0.4091047182818817,0.8266925288027857,0.047159449416933466,0.11527476293842111,0.5908952817181183,42791
