{
  "name": "uncertainty_grid",
  "alpha": 0.025,
  "theta": 0.9721338965212926,
  "calib_risk": 0.6479354662291495,
  "calib_coverage": 0.5099808586272901
}