{
  "name": "monotone_policy_net",
  "context_cols": [
    "ctx_severity",
    "ctx_corr_gaussian_noise",
    "ctx_corr_pixelate",
    "ctx_corr_frost",
    "ctx_corr_fog",
    "ctx_corr_brightness",
    "ctx_corr_glass_blur",
    "ctx_corr_gaussian_blur",
    "ctx_corr_snow",
    "ctx_corr_contrast",
    "ctx_corr_impulse_noise",
    "ctx_corr_zoom_blur",
    "ctx_corr_elastic_transform",
    "ctx_corr_saturate",
    "ctx_corr_defocus_blur",
    "ctx_corr_jpeg_compression",
    "ctx_corr_motion_blur",
    "ctx_corr_shot_noise",
    "ctx_corr_spatter",
    "ctx_corr_speckle_noise",
    "ctx_brightness",
    "ctx_contrast",
    "ctx_blur_risk",
    "ctx_saturation"
  ],
  "state_dict": {
    "b": 0.6952174305915833,
    "w_u_raw": 2.8508856296539307,
    "w_ctx": [
      2.100872039794922,
      2.78078293800354,
      0.3794972598552704,
      0.22665774822235107,
      -0.5293806791305542,
      -1.1621778011322021,
      2.7407257556915283,
      0.4940226972103119,
      -0.2900136411190033,
      0.1950686126947403,
      1.1557966470718384,
      0.052715182304382324,
      -0.735992431640625,
      -0.9447675347328186,
      -0.35328298807144165,
      -0.4418998956680298,
      0.013925578445196152,
      1.3545384407043457,
      -0.6498385071754456,
      1.1036841869354248,
      0.38701605796813965,
      0.3437420427799225,
      0.6201214790344238,
      0.004577132873237133
    ],
    "best_loss": 0.9023289084434509
  }
}