{
  "name": "monotone_policy_net",
  "context_cols": [
    "ctx_cat_grid",
    "ctx_cat_metal_nut",
    "ctx_cat_hazelnut",
    "ctx_cat_pill",
    "ctx_cat_screw",
    "ctx_cat_toothbrush",
    "ctx_cat_capsule",
    "ctx_cat_wood",
    "ctx_cat_transistor",
    "ctx_cat_cable",
    "ctx_cat_tile",
    "ctx_cat_bottle",
    "ctx_cat_zipper",
    "ctx_cat_leather",
    "ctx_cat_carpet",
    "ctx_brightness",
    "ctx_contrast",
    "ctx_blur_risk",
    "ctx_saturation"
  ],
  "state_dict": {
    "b": -1.253313660621643,
    "w_u_raw": 3.102884531021118,
    "w_ctx": [
      0.609294056892395,
      -0.2970442473888397,
      -0.6789712905883789,
      -1.0185891389846802,
      -0.9305356740951538,
      1.3029266595840454,
      -0.8398170471191406,
      -1.5120463371276855,
      -1.165382742881775,
      -0.5804598331451416,
      -2.203052043914795,
      -2.2966389656066895,
      0.6262872219085693,
      -2.689544677734375,
      -1.1565312147140503,
      0.8837016224861145,
      -0.792210042476654,
      -1.4093639850616455,
      -2.9810357093811035
    ],
    "best_loss": 5.7140069007873535
  }
}