{
  "name": "monotone_policy_net",
  "context_cols": [
    "ctx_cat_toothbrush",
    "ctx_cat_grid",
    "ctx_cat_capsule",
    "ctx_cat_hazelnut",
    "ctx_cat_carpet",
    "ctx_cat_cable",
    "ctx_cat_leather",
    "ctx_cat_pill",
    "ctx_cat_screw",
    "ctx_cat_transistor",
    "ctx_cat_metal_nut",
    "ctx_cat_wood",
    "ctx_cat_tile",
    "ctx_cat_zipper",
    "ctx_cat_bottle",
    "ctx_brightness",
    "ctx_contrast",
    "ctx_blur_risk",
    "ctx_saturation"
  ],
  "state_dict": {
    "b": -1.0114233493804932,
    "w_u_raw": -0.5966479778289795,
    "w_ctx": [
      -0.031062036752700806,
      -0.607162594795227,
      -0.5368574261665344,
      -0.6564552783966064,
      -4.253424167633057,
      -0.5365096926689148,
      -4.195365905761719,
      -0.25746408104896545,
      -0.7995427250862122,
      -0.2547537684440613,
      -0.6248968243598938,
      -2.558789014816284,
      -0.4026489853858948,
      -0.22764462232589722,
      -0.042426034808158875,
      -0.9987906813621521,
      -0.7020468711853027,
      -0.9689449071884155,
      -1.5770624876022339
    ],
    "best_loss": 5.529679298400879
  }
}