policy,wilds_split,coverage,risk,wrong_auto_rate,auto_error_rate,defer_rate,n
fixed,test,0.2748475146642986,0.751209366455563,0.0052113762239723305,0.018960972706402516,0.7251524853357014,42791
