policy,wilds_split,coverage,risk,wrong_auto_rate,auto_error_rate,defer_rate,n
uaat_monotone,test,0.3388329321586315,0.7340795961767662,0.014582505667079526,0.04303745085867991,0.6611670678413686,42791
