policy,coverage,risk,wrong_auto_rate,auto_error_rate,defer_rate,n
uaat_monotone,0.3388329321586315,0.7340795961767662,0.014582505667079526,0.04303745085867991,0.6611670678413686,42791
fixed,0.2748475146642986,0.751209366455563,0.0052113762239723305,0.018960972706402516,0.7251524853357014,42791
uncertainty_grid,0.2748475146642986,0.751209366455563,0.0052113762239723305,0.018960972706402516,0.7251524853357014,42791
