{
  "name": "uncertainty_grid",
  "alpha": 0.0,
  "theta": 0.992810492515564,
  "calib_risk": 0.6569592562209462,
  "calib_coverage": 0.41003554826360405
}