{
  "name": "uncertainty_grid",
  "alpha": 0.0,
  "theta": 0.776832610964775,
  "calib_risk": 0.8810263157894737,
  "calib_coverage": 0.77
}