{
  "name": "monotone_policy_net",
  "context_cols": [
    "ctx_severity",
    "ctx_corr_motion_blur",
    "ctx_corr_shot_noise",
    "ctx_corr_elastic_transform",
    "ctx_corr_contrast",
    "ctx_corr_zoom_blur",
    "ctx_corr_saturate",
    "ctx_corr_glass_blur",
    "ctx_corr_impulse_noise",
    "ctx_corr_brightness",
    "ctx_corr_frost",
    "ctx_corr_gaussian_blur",
    "ctx_corr_speckle_noise",
    "ctx_corr_snow",
    "ctx_corr_fog",
    "ctx_corr_pixelate",
    "ctx_corr_spatter",
    "ctx_corr_jpeg_compression",
    "ctx_corr_gaussian_noise",
    "ctx_corr_defocus_blur",
    "ctx_brightness",
    "ctx_contrast",
    "ctx_blur_risk",
    "ctx_saturation"
  ],
  "state_dict": {
    "b": 0.10049337893724442,
    "w_u_raw": 0.9306598901748657,
    "w_ctx": [
      2.518791913986206,
      -0.8610233664512634,
      1.2076858282089233,
      -1.8063782453536987,
      -0.15145212411880493,
      -0.43001672625541687,
      -1.561694860458374,
      0.8556876182556152,
      1.0226839780807495,
      -1.892518162727356,
      -0.29751765727996826,
      0.19987338781356812,
      0.5826546549797058,
      -0.502946674823761,
      -1.3613941669464111,
      0.19134315848350525,
      -1.4579945802688599,
      -1.0052410364151,
      2.1494140625,
      -0.4560016095638275,
      -0.06670436263084412,
      -0.07325468212366104,
      -0.17757469415664673,
      -1.0025997161865234
    ],
    "best_loss": 0.8077964782714844
  }
}