{
  "name": "uncertainty_grid",
  "alpha": 0.0,
  "theta": 0.8240750455856324,
  "calib_risk": 0.640962537599125,
  "calib_coverage": 0.689909762100082
}