{
  "name": "uncertainty_grid",
  "alpha": 0.0,
  "theta": 0.15613890143685852,
  "calib_risk": 2.194267515923567,
  "calib_coverage": 0.7006369426751592
}