policy,category,coverage,risk,wrong_auto_rate,auto_error_rate,defer_rate,n
uaat_monotone,breakfast_box,0.5681818181818182,3.2954545454545454,0.2863636363636364,0.504,0.43181818181818177,220
uaat_monotone,juice_bottle,0.22727272727272727,1.3409090909090908,0.056818181818181816,0.25,0.7727272727272727,264
uaat_monotone,pushpins,0.2056451612903226,1.600806451612903,0.08064516129032258,0.39215686274509803,0.7943548387096774,248
uaat_monotone,screw_bag,0.2564102564102564,1.879120879120879,0.11355311355311355,0.44285714285714284,0.7435897435897436,273
uaat_monotone,splicing_connectors,0.3654618473895582,2.0803212851405624,0.14457831325301204,0.3956043956043956,0.6345381526104418,249
