policy,category,coverage,risk,wrong_auto_rate,auto_error_rate,defer_rate,n
uncertainty_grid,breakfast_box,0.36818181818181817,2.268181818181818,0.16363636363636364,0.4444444444444444,0.6318181818181818,220
uncertainty_grid,juice_bottle,0.23863636363636365,1.4053030303030303,0.06439393939393939,0.2698412698412698,0.7613636363636364,264
uncertainty_grid,pushpins,0.4717741935483871,2.7056451612903225,0.21774193548387097,0.46153846153846156,0.5282258064516129,248
uncertainty_grid,screw_bag,0.5934065934065934,3.703296703296703,0.32967032967032966,0.5555555555555556,0.4065934065934066,273
uncertainty_grid,splicing_connectors,0.42570281124497994,2.381526104417671,0.18072289156626506,0.42452830188679247,0.5742971887550201,249
