policy,coverage,risk,wrong_auto_rate,auto_error_rate,defer_rate,n
uaat_monotone,0.31658692185007975,1.9992025518341308,0.13157894736842105,0.4156171284634761,0.6834130781499203,1254
fixed,0.4218500797448166,2.507974481658692,0.19298245614035087,0.45746691871455575,0.5781499202551834,1254
uncertainty_grid,0.4218500797448166,2.507974481658692,0.19298245614035087,0.45746691871455575,0.5781499202551834,1254
