{
  "name": "uncertainty_grid",
  "alpha": 0.0,
  "theta": 0.4010688290060373,
  "calib_risk": 2.573248407643312,
  "calib_coverage": 0.4012738853503185
}