policy,coverage,risk,wrong_auto_rate,auto_error_rate,defer_rate,n
uaat_monotone,0.5486443381180224,3.154704944178629,0.2703349282296651,0.49273255813953487,0.4513556618819776,1254
fixed,0.69377990430622,3.9585326953748003,0.3652312599681021,0.5264367816091954,0.30622009569377995,1254
uncertainty_grid,0.69377990430622,3.9585326953748003,0.3652312599681021,0.5264367816091954,0.30622009569377995,1254
