{
  "name": "uncertainty_grid",
  "alpha": 0.0,
  "theta": 0.14954329381028905,
  "calib_risk": 3.9203821656050954,
  "calib_coverage": 0.678343949044586
}