policy,category,coverage,risk,wrong_auto_rate,auto_error_rate,defer_rate,n
uaat_monotone,breakfast_box,0.8545454545454545,2.5545454545454547,0.4818181818181818,0.5638297872340425,0.1454545454545455,220
uaat_monotone,juice_bottle,0.3939393939393939,1.3636363636363638,0.15151515151515152,0.38461538461538464,0.6060606060606061,264
uaat_monotone,pushpins,0.9879032258064516,2.7338709677419355,0.5443548387096774,0.5510204081632653,0.012096774193548376,248
uaat_monotone,screw_bag,0.9743589743589743,3.120879120879121,0.6190476190476191,0.6353383458646616,0.02564102564102566,273
uaat_monotone,splicing_connectors,0.8032128514056225,2.3654618473895583,0.43373493975903615,0.54,0.19678714859437751,249
