policy,coverage,risk,wrong_auto_rate,auto_error_rate,defer_rate,n
uaat_monotone,0.3391304347826087,2.1246376811594203,0.1463768115942029,0.43162393162393164,0.6608695652173913,1380
fixed,0.48478260869565215,3.0876811594202898,0.2572463768115942,0.5306427503736921,0.5152173913043478,1380
uncertainty_grid,0.48478260869565215,3.0876811594202898,0.2572463768115942,0.5306427503736921,0.5152173913043478,1380
