{
  "name": "monotone_policy_net",
  "context_cols": [
    "ctx_cat_toothbrush",
    "ctx_cat_grid",
    "ctx_cat_capsule",
    "ctx_cat_hazelnut",
    "ctx_cat_carpet",
    "ctx_cat_cable",
    "ctx_cat_leather",
    "ctx_cat_pill",
    "ctx_cat_screw",
    "ctx_cat_transistor",
    "ctx_cat_metal_nut",
    "ctx_cat_wood",
    "ctx_cat_tile",
    "ctx_cat_zipper",
    "ctx_cat_bottle",
    "ctx_brightness",
    "ctx_contrast",
    "ctx_blur_risk",
    "ctx_saturation"
  ],
  "state_dict": {
    "b": -1.1243155002593994,
    "w_u_raw": 3.1939711570739746,
    "w_ctx": [
      -0.02917664684355259,
      -0.678106963634491,
      -0.2747654616832733,
      -1.2252604961395264,
      -0.584753692150116,
      -0.7545669674873352,
      -3.431605815887451,
      -0.33727777004241943,
      -1.4153707027435303,
      -0.20701844990253448,
      -1.1129387617111206,
      3.9200574974529445e-05,
      -2.586714029312134,
      0.820451557636261,
      -1.772464632987976,
      0.24317888915538788,
      -0.9762371182441711,
      -0.9148775339126587,
      -1.9977562427520752
    ],
    "best_loss": 2.378077983856201
  }
}