{
  "name": "uncertainty_grid",
  "alpha": 0.0,
  "theta": 0.15995647324,
  "calib_risk": 2.953623188405797,
  "calib_coverage": 0.4811594202898551
}