policy,coverage,risk,wrong_auto_rate,auto_error_rate,defer_rate,n
uaat_monotone,0.5108695652173914,3.228260869565217,0.27391304347826084,0.5361702127659574,0.48913043478260865,1380
fixed,0.7891304347826087,5.413768115942029,0.5202898550724637,0.6593204775022957,0.2108695652173913,1380
uncertainty_grid,0.7891304347826087,5.413768115942029,0.5202898550724637,0.6593204775022957,0.2108695652173913,1380
