{
  "name": "uncertainty_grid",
  "alpha": 0.0,
  "theta": 0.003757002979371225,
  "calib_risk": 5.197101449275363,
  "calib_coverage": 0.7594202898550725
}