{
  "name": "monotone_policy_net",
  "context_cols": [
    "ctx_severity",
    "ctx_corr_fog",
    "ctx_corr_impulse_noise",
    "ctx_corr_snow",
    "ctx_corr_elastic_transform",
    "ctx_corr_zoom_blur",
    "ctx_corr_frost",
    "ctx_corr_contrast",
    "ctx_corr_pixelate",
    "ctx_corr_defocus_blur",
    "ctx_corr_saturate",
    "ctx_corr_motion_blur",
    "ctx_corr_gaussian_blur",
    "ctx_corr_speckle_noise",
    "ctx_corr_gaussian_noise",
    "ctx_corr_jpeg_compression",
    "ctx_corr_spatter",
    "ctx_corr_brightness",
    "ctx_corr_glass_blur",
    "ctx_corr_shot_noise",
    "ctx_brightness",
    "ctx_contrast",
    "ctx_blur_risk",
    "ctx_saturation"
  ],
  "state_dict": {
    "b": 0.39745691418647766,
    "w_u_raw": 2.6995949745178223,
    "w_ctx": [
      2.4176464080810547,
      -0.7576326727867126,
      1.173052191734314,
      -0.6215917468070984,
      -1.3686703443527222,
      -0.31619441509246826,
      -0.06294466555118561,
      0.09611030668020248,
      0.302522212266922,
      -0.309969425201416,
      -0.7949943542480469,
      -0.3602263629436493,
      0.45434191823005676,
      0.8490797877311707,
      2.1815831661224365,
      -0.9600645303726196,
      -1.257127046585083,
      -1.2806864976882935,
      1.5767555236816406,
      1.2318534851074219,
      0.13856711983680725,
      0.07828349620103836,
      0.2462177574634552,
      -0.624764621257782
    ],
    "best_loss": 1.066826343536377
  }
}