{
  "name": "uncertainty_grid",
  "alpha": 2.5250000000000004,
  "theta": 0.778587033726275,
  "calib_risk": 0.6631052631578948,
  "calib_coverage": 0.58
}