{
  "name": "monotone_policy_net",
  "context_cols": [
    "ctx_severity",
    "ctx_corr_motion_blur",
    "ctx_corr_shot_noise",
    "ctx_corr_elastic_transform",
    "ctx_corr_contrast",
    "ctx_corr_zoom_blur",
    "ctx_corr_saturate",
    "ctx_corr_glass_blur",
    "ctx_corr_impulse_noise",
    "ctx_corr_brightness",
    "ctx_corr_frost",
    "ctx_corr_gaussian_blur",
    "ctx_corr_speckle_noise",
    "ctx_corr_snow",
    "ctx_corr_fog",
    "ctx_corr_pixelate",
    "ctx_corr_spatter",
    "ctx_corr_jpeg_compression",
    "ctx_corr_gaussian_noise",
    "ctx_corr_defocus_blur",
    "ctx_brightness",
    "ctx_contrast",
    "ctx_blur_risk",
    "ctx_saturation"
  ],
  "state_dict": {
    "b": 0.6985688805580139,
    "w_u_raw": 2.1673717498779297,
    "w_ctx": [
      1.832890510559082,
      0.11192525923252106,
      1.3314824104309082,
      -0.5817040801048279,
      0.21635578572750092,
      0.07194037735462189,
      -0.8516507744789124,
      2.3692080974578857,
      1.2324645519256592,
      -1.0935992002487183,
      0.2723545432090759,
      0.5520231127738953,
      1.0035231113433838,
      -0.17529833316802979,
      -0.33581170439720154,
      0.5343684554100037,
      -0.41497406363487244,
      -0.4502422511577606,
      2.80499529838562,
      -0.09798002243041992,
      0.4641200006008148,
      0.4746048152446747,
      0.5878152251243591,
      0.23933979868888855
    ],
    "best_loss": 0.6577557921409607
  }
}