policy,wilds_split,coverage,risk,wrong_auto_rate,auto_error_rate,defer_rate,n
uncertainty_grid,test,0.6994461452174523,1.511906709354771,0.24227057091444462,0.34637487470765116,0.3005538547825477,42791
