{
  "name": "uncertainty_grid",
  "alpha": 1.5250000000000001,
  "theta": 0.10183298002928501,
  "calib_risk": 0.8694284933005195,
  "calib_coverage": 0.8299152310637135
}