{
  "name": "monotone_policy_net",
  "context_cols": [
    "ctx_cat_toothbrush",
    "ctx_cat_grid",
    "ctx_cat_capsule",
    "ctx_cat_hazelnut",
    "ctx_cat_carpet",
    "ctx_cat_cable",
    "ctx_cat_leather",
    "ctx_cat_pill",
    "ctx_cat_screw",
    "ctx_cat_transistor",
    "ctx_cat_metal_nut",
    "ctx_cat_wood",
    "ctx_cat_tile",
    "ctx_cat_zipper",
    "ctx_cat_bottle",
    "ctx_brightness",
    "ctx_contrast",
    "ctx_blur_risk",
    "ctx_saturation"
  ],
  "state_dict": {
    "b": -0.8238316178321838,
    "w_u_raw": -0.3051614761352539,
    "w_ctx": [
      0.8068265914916992,
      -1.0140300989151,
      1.0386592149734497,
      -0.9059382081031799,
      -4.948548793792725,
      -0.6367291212081909,
      -4.754051685333252,
      -0.048907920718193054,
      0.09031858295202255,
      -0.2709888517856598,
      -0.44035038352012634,
      -2.7466187477111816,
      -0.7689079642295837,
      -0.10216519236564636,
      -0.14099784195423126,
      -0.5867218375205994,
      -0.39074841141700745,
      -0.7649443745613098,
      -1.5480735301971436
    ],
    "best_loss": 4.455350875854492
  }
}