policy,wilds_split,coverage,risk,wrong_auto_rate,auto_error_rate,defer_rate,n
uaat_monotone,test,0.799981304479914,1.5367483816690426,0.26734593722979133,0.3341902313624679,0.200018695520086,42791
