policy,wilds_split,coverage,risk,wrong_auto_rate,auto_error_rate,defer_rate,n
uaat_monotone,test,0.4177280269215489,0.7897922460330444,0.04150405459091865,0.09935664335664336,0.5822719730784511,42791
