policy,coverage,risk,wrong_auto_rate,auto_error_rate,defer_rate,n
uaat_monotone,0.4177280269215489,0.7897922460330444,0.04150405459091865,0.09935664335664336,0.5822719730784511,42791
fixed,0.4277768689677736,0.798906312074969,0.045336636208548525,0.1059819721387599,0.5722231310322263,42791
uncertainty_grid,0.4277768689677736,0.798906312074969,0.045336636208548525,0.1059819721387599,0.5722231310322263,42791
