{
  "name": "monotone_policy_net",
  "context_cols": [
    "ctx_meta_location",
    "ctx_meta_sequence",
    "ctx_meta_year",
    "ctx_meta_month",
    "ctx_meta_day",
    "ctx_meta_hour"
  ],
  "state_dict": {
    "b": 0.5468910336494446,
    "w_u_raw": 2.738804817199707,
    "w_ctx": [
      0.6036048531532288,
      0.2721053957939148,
      0.5431109666824341,
      1.2172479629516602,
      -0.319183349609375,
      -0.6203629970550537
    ],
    "best_loss": 0.616309404373169
  }
}