{
  "name": "uncertainty_grid",
  "alpha": 0.0,
  "theta": 0.9114151227474213,
  "calib_risk": 0.616078753076292,
  "calib_coverage": 0.6300246103363413
}