policy,category,coverage,risk,wrong_auto_rate,auto_error_rate,defer_rate,n
uaat_monotone,breakfast_box,0.38636363636363635,2.2954545454545454,0.16818181818181818,0.43529411764705883,0.6136363636363636,220
uaat_monotone,juice_bottle,0.23484848484848486,1.4090909090909092,0.06439393939393939,0.27419354838709675,0.7651515151515151,264
uaat_monotone,pushpins,0.5564516129032258,3.024193548387097,0.25806451612903225,0.463768115942029,0.44354838709677424,248
uaat_monotone,screw_bag,0.663003663003663,4.183150183150183,0.38461538461538464,0.580110497237569,0.336996336996337,273
uaat_monotone,splicing_connectors,0.357429718875502,2.0080321285140563,0.13654618473895583,0.38202247191011235,0.642570281124498,249
