policy,coverage,risk,wrong_auto_rate,auto_error_rate,defer_rate,n
uaat_monotone,0.44258373205741625,2.6068580542264757,0.20494417862838915,0.46306306306306305,0.5574162679425838,1254
fixed,0.5454545454545454,3.133971291866029,0.2679425837320574,0.49122807017543857,0.4545454545454546,1254
uncertainty_grid,0.5454545454545454,3.133971291866029,0.2679425837320574,0.49122807017543857,0.4545454545454546,1254
