policy,coverage,risk,wrong_auto_rate,auto_error_rate,defer_rate,n
uaat_monotone,0.7982657894736842,0.8864118421052631,0.13693552631578948,0.1715412687371638,0.2017342105263158,760000
uncertainty_grid,0.8408263157894736,1.0125289473684211,0.17067105263157895,0.20298015110448994,0.15917368421052636,760000
fixed,0.8408315789473684,1.012859210526316,0.17073815789473684,0.20305868876675973,0.15916842105263163,760000
