{
  "name": "monotone_policy_net",
  "context_cols": [
    "ctx_severity",
    "ctx_corr_gaussian_noise",
    "ctx_corr_pixelate",
    "ctx_corr_frost",
    "ctx_corr_fog",
    "ctx_corr_brightness",
    "ctx_corr_glass_blur",
    "ctx_corr_gaussian_blur",
    "ctx_corr_snow",
    "ctx_corr_contrast",
    "ctx_corr_impulse_noise",
    "ctx_corr_zoom_blur",
    "ctx_corr_elastic_transform",
    "ctx_corr_saturate",
    "ctx_corr_defocus_blur",
    "ctx_corr_jpeg_compression",
    "ctx_corr_motion_blur",
    "ctx_corr_shot_noise",
    "ctx_corr_spatter",
    "ctx_corr_speckle_noise",
    "ctx_brightness",
    "ctx_contrast",
    "ctx_blur_risk",
    "ctx_saturation"
  ],
  "state_dict": {
    "b": -0.26291272044181824,
    "w_u_raw": 0.5362063646316528,
    "w_ctx": [
      2.9987266063690186,
      2.262951374053955,
      -0.02121928706765175,
      -0.30486026406288147,
      -2.1817586421966553,
      -2.3733954429626465,
      0.8066245913505554,
      0.27048808336257935,
      -1.9612493515014648,
      -0.13489611446857452,
      1.0640045404434204,
      -0.5978487730026245,
      -1.545683741569519,
      -1.9183646440505981,
      -1.1011532545089722,
      -1.553480625152588,
      -0.4590824246406555,
      0.940514326095581,
      -3.1007416248321533,
      0.4585082232952118,
      -0.16793939471244812,
      -0.2584340572357178,
      -0.6002170443534851,
      -1.4775919914245605
    ],
    "best_loss": 0.9221013188362122
  }
}