{
  "name": "uncertainty_grid",
  "alpha": 0.05,
  "theta": 0.6454420316219331,
  "calib_risk": 1.0101315789473686,
  "calib_coverage": 0.84
}