policy,coverage,risk,wrong_auto_rate,auto_error_rate,defer_rate,n
uaat_monotone,0.41594202898550725,2.5985507246376813,0.20144927536231885,0.4843205574912892,0.5840579710144927,1380
fixed,0.5934782608695652,3.855797101449275,0.34492753623188405,0.5811965811965812,0.40652173913043477,1380
uncertainty_grid,0.5934782608695652,3.855797101449275,0.34492753623188405,0.5811965811965812,0.40652173913043477,1380
