{
  "name": "uncertainty_grid",
  "alpha": 0.0,
  "theta": 0.002391805620800001,
  "calib_risk": 5.765217391304348,
  "calib_coverage": 0.8289855072463768
}