policy,category,coverage,risk,wrong_auto_rate,auto_error_rate,defer_rate,n
uncertainty_grid,breakfast_box,0.9,5.372727272727272,0.5272727272727272,0.5858585858585859,0.09999999999999998,220
uncertainty_grid,juice_bottle,0.6742424242424242,4.2272727272727275,0.39015151515151514,0.5786516853932584,0.3257575757575758,264
uncertainty_grid,pushpins,0.9758064516129032,5.346774193548387,0.532258064516129,0.5454545454545454,0.024193548387096753,248
uncertainty_grid,screw_bag,1.0,6.410256410256411,0.6410256410256411,0.6410256410256411,0.0,273
uncertainty_grid,splicing_connectors,0.9036144578313253,5.317269076305222,0.5220883534136547,0.5777777777777777,0.09638554216867468,249
