policy,category,coverage,risk,wrong_auto_rate,auto_error_rate,defer_rate,n
uaat_monotone,breakfast_box,0.8136363636363636,4.640909090909091,0.44545454545454544,0.547486033519553,0.1863636363636364,220
uaat_monotone,juice_bottle,0.38257575757575757,2.0946969696969697,0.14772727272727273,0.38613861386138615,0.6174242424242424,264
uaat_monotone,pushpins,0.9435483870967742,5.096774193548387,0.5040322580645161,0.5341880341880342,0.056451612903225756,248
uaat_monotone,screw_bag,0.9560439560439561,6.051282051282051,0.6007326007326007,0.6283524904214559,0.04395604395604391,273
uaat_monotone,splicing_connectors,0.7028112449799196,3.8714859437751006,0.357429718875502,0.5085714285714286,0.29718875502008035,249
