policy,coverage,risk,wrong_auto_rate,auto_error_rate,defer_rate,n
uaat_monotone,0.7575757575757576,4.349282296650718,0.41068580542264754,0.5421052631578948,0.24242424242424243,1254
fixed,0.8899521531100478,5.341307814992025,0.5231259968102073,0.5878136200716846,0.11004784688995217,1254
uncertainty_grid,0.8899521531100478,5.341307814992025,0.5231259968102073,0.5878136200716846,0.11004784688995217,1254
