{
  "name": "uncertainty_grid",
  "alpha": 0.0,
  "theta": 0.007626714681961107,
  "calib_risk": 5.248407643312102,
  "calib_coverage": 0.8789808917197452
}