{
  "name": "monotone_policy_net",
  "context_cols": [
    "ctx_cat_toothbrush",
    "ctx_cat_grid",
    "ctx_cat_capsule",
    "ctx_cat_hazelnut",
    "ctx_cat_carpet",
    "ctx_cat_cable",
    "ctx_cat_leather",
    "ctx_cat_pill",
    "ctx_cat_screw",
    "ctx_cat_transistor",
    "ctx_cat_metal_nut",
    "ctx_cat_wood",
    "ctx_cat_tile",
    "ctx_cat_zipper",
    "ctx_cat_bottle",
    "ctx_brightness",
    "ctx_contrast",
    "ctx_blur_risk",
    "ctx_saturation"
  ],
  "state_dict": {
    "b": -0.992112934589386,
    "w_u_raw": -0.5764290690422058,
    "w_ctx": [
      0.12798398733139038,
      -0.62442946434021,
      -0.48746833205223083,
      -0.6773819923400879,
      -4.3260955810546875,
      -0.5124309659004211,
      -4.267013072967529,
      -0.20838473737239838,
      -0.7669890522956848,
      -0.23601479828357697,
      -0.6107489466667175,
      -2.6248888969421387,
      -0.42962053418159485,
      -0.1164465993642807,
      -0.06131284683942795,
      -0.976241946220398,
      -0.664840817451477,
      -0.9487090706825256,
      -1.5783390998840332
    ],
    "best_loss": 5.439713478088379
  }
}