policy,category,coverage,risk,wrong_auto_rate,auto_error_rate,defer_rate,n
uaat_monotone,breakfast_box,0.5636363636363636,6.163636363636364,0.2863636363636364,0.5080645161290323,0.4363636363636364,220
uaat_monotone,juice_bottle,0.39015151515151514,3.4128787878787876,0.14015151515151514,0.3592233009708738,0.6098484848484849,264
uaat_monotone,pushpins,0.5685483870967742,5.673387096774194,0.2620967741935484,0.46099290780141844,0.43145161290322576,248
uaat_monotone,screw_bag,0.663003663003663,8.02930402930403,0.38461538461538464,0.580110497237569,0.336996336996337,273
uaat_monotone,splicing_connectors,0.4779116465863454,4.5381526104417675,0.20080321285140562,0.42016806722689076,0.5220883534136547,249
