policy,wilds_split,coverage,risk,wrong_auto_rate,auto_error_rate,defer_rate,n
uaat_monotone,test,0.37727559533546773,0.7594353952934028,0.02734219812577411,0.07247274529236868,0.6227244046645323,42791
