policy,coverage,risk,wrong_auto_rate,auto_error_rate,defer_rate,n
fixed,0.3345563319389591,0.7456007104297633,0.016031408473744478,0.047918412964515225,0.6654436680610409,42791
uncertainty_grid,0.3345563319389591,0.7456007104297633,0.016031408473744478,0.047918412964515225,0.6654436680610409,42791
uaat_monotone,0.37727559533546773,0.7594353952934028,0.02734219812577411,0.07247274529236868,0.6227244046645323,42791
