{
  "name": "uncertainty_grid",
  "alpha": 0.0,
  "theta": 0.9870534324645996,
  "calib_risk": 0.6065080667213563,
  "calib_coverage": 0.43997812414547444
}