policy,coverage,risk,wrong_auto_rate,auto_error_rate,defer_rate,n
uaat_monotone,0.6,3.8347826086956522,0.34347826086956523,0.572463768115942,0.4,1380
fixed,0.8355072463768116,5.809420289855073,0.5644927536231884,0.6756287944492628,0.16449275362318838,1380
uncertainty_grid,0.8355072463768116,5.809420289855073,0.5644927536231884,0.6756287944492628,0.16449275362318838,1380
