{
  "name": "uncertainty_grid",
  "alpha": 0.0,
  "theta": 0.000788344119136699,
  "calib_risk": 5.582608695652174,
  "calib_coverage": 0.808695652173913
}