policy,wilds_split,coverage,risk,wrong_auto_rate,auto_error_rate,defer_rate,n
uncertainty_grid,test,0.816082821153981,1.8479353135005023,0.33280362693089666,0.4078061911170929,0.183917178846019,42791
