policy,wilds_split,coverage,risk,wrong_auto_rate,auto_error_rate,defer_rate,n
uaat_monotone,test,0.7201280643125891,1.554789558552032,0.2549835245729242,0.35408080480285575,0.27987193568741087,42791
