{
  "name": "uncertainty_grid",
  "alpha": 0.0,
  "theta": 0.463404211997986,
  "calib_risk": 1.2905386929176923,
  "calib_coverage": 0.9399781241454744
}