policy,wilds_split,coverage,risk,wrong_auto_rate,auto_error_rate,defer_rate,n
uaat_monotone,test,0.5888154051085509,1.1012829800659016,0.13801967703489051,0.2344022860771551,0.4111845948914491,42791
