policy,wilds_split,coverage,risk,wrong_auto_rate,auto_error_rate,defer_rate,n
uncertainty_grid,test,0.6088429810006777,1.140613680446823,0.14989133228950013,0.24619045791271638,0.3911570189993223,42791
