{
  "name": "uncertainty_grid",
  "alpha": 0.7000000000000001,
  "theta": 0.5011341348290442,
  "calib_risk": 0.7559474979491386,
  "calib_coverage": 0.7800109379272628
}