policy,category,coverage,risk,wrong_auto_rate,auto_error_rate,defer_rate,n
uaat_monotone,breakfast_box,0.8090909090909091,4.645454545454545,0.44545454545454544,0.550561797752809,0.19090909090909092,220
uaat_monotone,juice_bottle,0.3787878787878788,2.0984848484848486,0.14772727272727273,0.39,0.6212121212121212,264
uaat_monotone,pushpins,0.9435483870967742,5.096774193548387,0.5040322580645161,0.5341880341880342,0.056451612903225756,248
uaat_monotone,screw_bag,0.945054945054945,5.9523809523809526,0.5897435897435898,0.624031007751938,0.05494505494505497,273
uaat_monotone,splicing_connectors,0.7028112449799196,3.8714859437751006,0.357429718875502,0.5085714285714286,0.29718875502008035,249
