policy,coverage,risk,wrong_auto_rate,auto_error_rate,defer_rate,n
uaat_monotone,0.7535885167464115,4.329346092503987,0.4082934609250399,0.5417989417989418,0.24641148325358853,1254
fixed,0.8883572567783095,5.326953748006378,0.5215311004784688,0.5870736086175943,0.11164274322169054,1254
uncertainty_grid,0.8883572567783095,5.326953748006378,0.5215311004784688,0.5870736086175943,0.11164274322169054,1254
