{
  "name": "uncertainty_grid",
  "alpha": 0.0,
  "theta": 0.008480741533527812,
  "calib_risk": 5.162420382165605,
  "calib_coverage": 0.8694267515923567
}