policy,category,coverage,risk,wrong_auto_rate,auto_error_rate,defer_rate,n
uncertainty_grid,breakfast_box,0.7454545454545455,1.0545454545454547,0.4,0.5365853658536586,0.2545454545454545,220
uncertainty_grid,juice_bottle,0.45075757575757575,0.9204545454545455,0.1856060606060606,0.4117647058823529,0.5492424242424243,264
uncertainty_grid,pushpins,0.8145161290322581,1.0241935483870968,0.41935483870967744,0.5148514851485149,0.18548387096774188,248
uncertainty_grid,screw_bag,0.9597069597069597,1.249084249084249,0.6043956043956044,0.6297709923664122,0.04029304029304026,273
uncertainty_grid,splicing_connectors,0.7068273092369478,1.0160642570281124,0.3614457831325301,0.5113636363636364,0.2931726907630522,249
