{
  "name": "uncertainty_grid",
  "alpha": 0.0,
  "theta": 0.11814596777034965,
  "calib_risk": 1.0509554140127388,
  "calib_coverage": 0.7006369426751592
}