policy,wilds_split,coverage,risk,wrong_auto_rate,auto_error_rate,defer_rate,n
uaat_monotone,test,0.46900049075740224,1.3115374728330724,0.07805379635904747,0.16642583088345209,0.5309995092425978,42791
