policy,wilds_split,coverage,risk,wrong_auto_rate,auto_error_rate,defer_rate,n
fixed,test,0.5250169428150779,1.5976490383491855,0.11226659811642635,0.21383423840470045,0.47498305718492206,42791
