policy,category,coverage,risk,wrong_auto_rate,auto_error_rate,defer_rate,n
uncertainty_grid,breakfast_box,0.7772727272727272,4.404545454545454,0.41818181818181815,0.5380116959064327,0.22272727272727277,220
uncertainty_grid,juice_bottle,0.4810606060606061,2.5265151515151514,0.20075757575757575,0.41732283464566927,0.5189393939393939,264
uncertainty_grid,pushpins,0.8588709677419355,4.657258064516128,0.45161290322580644,0.5258215962441315,0.1411290322580645,248
uncertainty_grid,screw_bag,0.9853479853479854,6.278388278388278,0.6263736263736264,0.6356877323420075,0.0146520146520146,273
uncertainty_grid,splicing_connectors,0.7590361445783133,4.216867469879518,0.39759036144578314,0.5238095238095238,0.24096385542168675,249
