policy,category,coverage,risk,wrong_auto_rate,auto_error_rate,defer_rate,n
uaat_monotone,breakfast_box,0.6272727272727273,3.5545454545454542,0.3181818181818182,0.5072463768115942,0.3727272727272727,220
uaat_monotone,juice_bottle,0.38257575757575757,1.9053030303030303,0.12878787878787878,0.33663366336633666,0.6174242424242424,264
uaat_monotone,pushpins,0.5161290322580645,3.0241935483870965,0.2540322580645161,0.4921875,0.4838709677419355,248
uaat_monotone,screw_bag,0.9157509157509157,5.7985347985347975,0.5714285714285714,0.624,0.08424908424908428,273
uaat_monotone,splicing_connectors,0.5341365461847389,2.8353413654618476,0.23694779116465864,0.44360902255639095,0.46586345381526106,249
