{
  "name": "uncertainty_grid",
  "alpha": 0.0,
  "theta": 0.07631294325289373,
  "calib_risk": 4.6369426751592355,
  "calib_coverage": 0.7898089171974523
}