{
  "name": "uncertainty_grid",
  "alpha": 0.35000000000000003,
  "theta": 0.38336741060018537,
  "calib_risk": 0.5128947368421053,
  "calib_coverage": 0.9
}