{
  "name": "monotone_policy_net",
  "context_cols": [
    "ctx_severity",
    "ctx_corr_fog",
    "ctx_corr_impulse_noise",
    "ctx_corr_snow",
    "ctx_corr_elastic_transform",
    "ctx_corr_zoom_blur",
    "ctx_corr_frost",
    "ctx_corr_contrast",
    "ctx_corr_pixelate",
    "ctx_corr_defocus_blur",
    "ctx_corr_saturate",
    "ctx_corr_motion_blur",
    "ctx_corr_gaussian_blur",
    "ctx_corr_speckle_noise",
    "ctx_corr_gaussian_noise",
    "ctx_corr_jpeg_compression",
    "ctx_corr_spatter",
    "ctx_corr_brightness",
    "ctx_corr_glass_blur",
    "ctx_corr_shot_noise",
    "ctx_brightness",
    "ctx_contrast",
    "ctx_blur_risk",
    "ctx_saturation"
  ],
  "state_dict": {
    "b": -0.6929348111152649,
    "w_u_raw": -1.0899784564971924,
    "w_ctx": [
      3.1325042247772217,
      -1.4293339252471924,
      0.7260352373123169,
      -2.2465338706970215,
      -1.7120205163955688,
      -0.7567946314811707,
      -1.0645326375961304,
      -0.07151240855455399,
      -0.4156446158885956,
      -1.182787537574768,
      -1.3335657119750977,
      -1.2026821374893188,
      0.6033936738967896,
      0.4354162812232971,
      1.6391198635101318,
      -1.889089584350586,
      -2.1359012126922607,
      -1.4030466079711914,
      0.56857830286026,
      0.3549266457557678,
      0.09844828397035599,
      -0.15662527084350586,
      -1.500491738319397,
      -1.8864747285842896
    ],
    "best_loss": 0.4989255964756012
  }
}