policy,coverage,risk,wrong_auto_rate,auto_error_rate,defer_rate,n
uaat_monotone,0.7830940988835726,4.499202551834131,0.42822966507177035,0.5468431771894093,0.21690590111642738,1254
fixed,0.9218500797448166,5.628389154704944,0.5550239234449761,0.6020761245674741,0.07814992025518341,1254
uncertainty_grid,0.9218500797448166,5.628389154704944,0.5550239234449761,0.6020761245674741,0.07814992025518341,1254
