{
  "name": "uncertainty_grid",
  "alpha": 0.0,
  "theta": 0.0013017881100303016,
  "calib_risk": 5.592356687898089,
  "calib_coverage": 0.9171974522292994
}