{
  "name": "uncertainty_grid",
  "alpha": 2.9000000000000004,
  "theta": 0.7798258563652637,
  "calib_risk": 0.6561052631578947,
  "calib_coverage": 0.57
}