{
  "name": "monotone_policy_net",
  "context_cols": [
    "ctx_severity",
    "ctx_corr_fog",
    "ctx_corr_impulse_noise",
    "ctx_corr_snow",
    "ctx_corr_elastic_transform",
    "ctx_corr_zoom_blur",
    "ctx_corr_frost",
    "ctx_corr_contrast",
    "ctx_corr_pixelate",
    "ctx_corr_defocus_blur",
    "ctx_corr_saturate",
    "ctx_corr_motion_blur",
    "ctx_corr_gaussian_blur",
    "ctx_corr_speckle_noise",
    "ctx_corr_gaussian_noise",
    "ctx_corr_jpeg_compression",
    "ctx_corr_spatter",
    "ctx_corr_brightness",
    "ctx_corr_glass_blur",
    "ctx_corr_shot_noise",
    "ctx_brightness",
    "ctx_contrast",
    "ctx_blur_risk",
    "ctx_saturation"
  ],
  "state_dict": {
    "b": 0.7364677786827087,
    "w_u_raw": 2.1455838680267334,
    "w_ctx": [
      1.8206478357315063,
      -0.3395971655845642,
      1.2781705856323242,
      -0.166799396276474,
      -0.6320809721946716,
      0.10169973969459534,
      0.30731600522994995,
      0.24198326468467712,
      0.47590571641921997,
      -0.16340431571006775,
      -0.7631082534790039,
      0.251117080450058,
      0.5686092376708984,
      1.040298342704773,
      2.834580183029175,
      -0.26001042127609253,
      -0.3596179783344269,
      -1.0398157835006714,
      2.4782793521881104,
      1.3642593622207642,
      0.47556135058403015,
      0.5728158354759216,
      0.6133376955986023,
      0.22846762835979462
    ],
    "best_loss": 0.6574256420135498
  }
}