{
  "name": "uncertainty_grid",
  "alpha": 0.07500000000000001,
  "theta": 0.9957418540269136,
  "calib_risk": 0.6520789473684211,
  "calib_coverage": 0.42
}