{
  "name": "monotone_policy_net",
  "context_cols": [
    "ctx_severity",
    "ctx_corr_fog",
    "ctx_corr_impulse_noise",
    "ctx_corr_snow",
    "ctx_corr_elastic_transform",
    "ctx_corr_zoom_blur",
    "ctx_corr_frost",
    "ctx_corr_contrast",
    "ctx_corr_pixelate",
    "ctx_corr_defocus_blur",
    "ctx_corr_saturate",
    "ctx_corr_motion_blur",
    "ctx_corr_gaussian_blur",
    "ctx_corr_speckle_noise",
    "ctx_corr_gaussian_noise",
    "ctx_corr_jpeg_compression",
    "ctx_corr_spatter",
    "ctx_corr_brightness",
    "ctx_corr_glass_blur",
    "ctx_corr_shot_noise",
    "ctx_brightness",
    "ctx_contrast",
    "ctx_blur_risk",
    "ctx_saturation"
  ],
  "state_dict": {
    "b": 1.0729466676712036,
    "w_u_raw": 1.5045256614685059,
    "w_ctx": [
      1.7245914936065674,
      -0.09899624437093735,
      1.8606661558151245,
      0.5630936026573181,
      0.12470173090696335,
      0.746766984462738,
      0.9369192719459534,
      0.4284704029560089,
      0.9535984992980957,
      -0.06295248866081238,
      -0.6563841104507446,
      1.096661925315857,
      0.8077647089958191,
      1.661579966545105,
      2.6639511585235596,
      0.49480438232421875,
      0.11562767624855042,
      -1.0364879369735718,
      2.385913610458374,
      1.989929437637329,
      0.9717404842376709,
      0.9959700107574463,
      1.0114750862121582,
      0.9503548741340637
    ],
    "best_loss": 0.7136633396148682
  }
}