policy,category,coverage,risk,wrong_auto_rate,auto_error_rate,defer_rate,n
uaat_monotone,breakfast_box,0.41818181818181815,1.559090909090909,0.19545454545454546,0.4673913043478261,0.5818181818181818,220
uaat_monotone,juice_bottle,0.35984848484848486,1.3409090909090908,0.14015151515151514,0.3894736842105263,0.6401515151515151,264
uaat_monotone,pushpins,0.7741935483870968,2.221774193548387,0.39919354838709675,0.515625,0.22580645161290325,248
uaat_monotone,screw_bag,0.8534798534798534,2.7472527472527473,0.5201465201465202,0.6094420600858369,0.14652014652014655,273
uaat_monotone,splicing_connectors,0.5542168674698795,1.7108433734939759,0.25301204819277107,0.45652173913043476,0.4457831325301205,249
