policy,category,coverage,risk,wrong_auto_rate,auto_error_rate,defer_rate,n
uaat_monotone,breakfast_box,0.45454545454545453,2.727272727272727,0.21818181818181817,0.48,0.5454545454545454,220
uaat_monotone,juice_bottle,0.3712121212121212,2.0681818181818183,0.14393939393939395,0.3877551020408163,0.6287878787878788,264
uaat_monotone,pushpins,0.5201612903225806,2.8588709677419355,0.23790322580645162,0.4573643410852713,0.4798387096774194,248
uaat_monotone,screw_bag,0.6446886446886447,4.054945054945055,0.36996336996337,0.5738636363636364,0.35531135531135527,273
uaat_monotone,splicing_connectors,0.6907630522088354,3.8032128514056223,0.3493975903614458,0.5058139534883721,0.3092369477911646,249
