policy,coverage,risk,wrong_auto_rate,auto_error_rate,defer_rate,n
uaat_monotone,0.5382775119617225,3.117224880382775,0.26555023923444976,0.49333333333333335,0.46172248803827753,1254
fixed,0.60207336523126,3.4760765550239228,0.3078149920255183,0.5112582781456954,0.39792663476874,1254
uncertainty_grid,0.60207336523126,3.4760765550239228,0.3078149920255183,0.5112582781456954,0.39792663476874,1254
