{
  "name": "uncertainty_grid",
  "alpha": 0.0,
  "theta": 0.23334130423724153,
  "calib_risk": 3.3089171974522293,
  "calib_coverage": 0.589171974522293
}