{
  "name": "uncertainty_grid",
  "alpha": 0.0,
  "theta": 0.9855312812328338,
  "calib_risk": 0.5749248017500683,
  "calib_coverage": 0.49001914137270985
}