policy,category,coverage,risk,wrong_auto_rate,auto_error_rate,defer_rate,n
fixed,breakfast_box,0.9045454545454545,10.731818181818182,0.5318181818181819,0.5879396984924623,0.09545454545454546,220
fixed,juice_bottle,0.6818181818181818,8.272727272727272,0.3977272727272727,0.5833333333333334,0.31818181818181823,264
fixed,pushpins,0.9758064516129032,10.669354838709676,0.532258064516129,0.5454545454545454,0.024193548387096753,248
fixed,screw_bag,1.0,12.820512820512821,0.6410256410256411,0.6410256410256411,0.0,273
fixed,splicing_connectors,0.8995983935742972,10.461847389558233,0.5180722891566265,0.5758928571428571,0.10040160642570284,249
