{
  "name": "uncertainty_grid",
  "alpha": 0.0,
  "theta": 0.005768631472740208,
  "calib_risk": 10.738853503184714,
  "calib_coverage": 0.8980891719745223
}