policy,wilds_split,coverage,risk,wrong_auto_rate,auto_error_rate,defer_rate,n
fixed,test,0.3787011287420252,0.752985440863733,0.026337313921151646,0.0695464362850972,0.6212988712579748,42791
