policy,coverage,risk,wrong_auto_rate,auto_error_rate,defer_rate,n
fixed,0.3787011287420252,0.752985440863733,0.026337313921151646,0.0695464362850972,0.6212988712579748,42791
uncertainty_grid,0.3787011287420252,0.752985440863733,0.026337313921151646,0.0695464362850972,0.6212988712579748,42791
uaat_monotone,0.3905026757963123,0.7640859059147951,0.030917716342221496,0.07917414721723519,0.6094973242036876,42791
