{
  "name": "uncertainty_grid",
  "alpha": 0.0,
  "theta": 0.9530219197273254,
  "calib_risk": 0.6036368608148756,
  "calib_coverage": 0.5700027344818157
}