policy,category,coverage,risk,wrong_auto_rate,auto_error_rate,defer_rate,n
uaat_monotone,breakfast_box,0.35,2.059090909090909,0.1409090909090909,0.4025974025974026,0.65,220
uaat_monotone,juice_bottle,0.2727272727272727,1.4848484848484849,0.07575757575757576,0.2777777777777778,0.7272727272727273,264
uaat_monotone,pushpins,0.5040322580645161,2.955645161290323,0.24596774193548387,0.488,0.4959677419354839,248
uaat_monotone,screw_bag,0.4652014652014652,3.1355311355311355,0.2600732600732601,0.5590551181102362,0.5347985347985348,273
uaat_monotone,splicing_connectors,0.3614457831325301,2.1244979919678713,0.14859437751004015,0.4111111111111111,0.6385542168674698,249
