{
  "name": "uncertainty_grid",
  "alpha": 0.0,
  "theta": 0.07176592363999999,
  "calib_risk": 7.298550724637681,
  "calib_coverage": 0.6
}