policy,wilds_split,coverage,risk,wrong_auto_rate,auto_error_rate,defer_rate,n
fixed,test,0.6800729125283353,1.2022387885302985,0.17646234021172677,0.2594756193945225,0.31992708747166465,42791
