{
  "name": "uncertainty_grid",
  "alpha": 1.225,
  "theta": 0.22696553450077783,
  "calib_risk": 0.8568498769483183,
  "calib_coverage": 0.8500136724090784
}