policy,coverage,risk,wrong_auto_rate,auto_error_rate,defer_rate,n
uaat_monotone,0.6731884057971015,4.4137681159420294,0.40869565217391307,0.6071044133476857,0.3268115942028985,1380
fixed,0.9528985507246377,6.865942028985507,0.6818840579710145,0.7155893536121672,0.047101449275362306,1380
uncertainty_grid,0.9528985507246377,6.865942028985507,0.6818840579710145,0.7155893536121672,0.047101449275362306,1380
