{
  "name": "monotone_policy_net",
  "context_cols": [
    "ctx_cat_grid",
    "ctx_cat_metal_nut",
    "ctx_cat_hazelnut",
    "ctx_cat_pill",
    "ctx_cat_screw",
    "ctx_cat_toothbrush",
    "ctx_cat_capsule",
    "ctx_cat_wood",
    "ctx_cat_transistor",
    "ctx_cat_cable",
    "ctx_cat_tile",
    "ctx_cat_bottle",
    "ctx_cat_zipper",
    "ctx_cat_leather",
    "ctx_cat_carpet",
    "ctx_brightness",
    "ctx_contrast",
    "ctx_blur_risk",
    "ctx_saturation"
  ],
  "state_dict": {
    "b": -1.1930980682373047,
    "w_u_raw": -0.7549806237220764,
    "w_ctx": [
      -2.479396104812622,
      0.15915782749652863,
      -0.38940656185150146,
      -0.36217576265335083,
      -0.7162156701087952,
      -0.17991647124290466,
      -0.009083708748221397,
      -2.545785665512085,
      -0.17843598127365112,
      -1.6336840391159058,
      -2.3814187049865723,
      0.4208837151527405,
      0.9653086066246033,
      -3.4834096431732178,
      -3.0994014739990234,
      -1.2182695865631104,
      -0.7568778991699219,
      -1.1498956680297852,
      -1.7497261762619019
    ],
    "best_loss": 5.738460063934326
  }
}