{
  "name": "uncertainty_grid",
  "alpha": 0.0,
  "theta": 0.1350068542739051,
  "calib_risk": 3.1565217391304348,
  "calib_coverage": 0.5101449275362319
}