{
  "name": "monotone_policy_net",
  "context_cols": [
    "ctx_cat_grid",
    "ctx_cat_metal_nut",
    "ctx_cat_hazelnut",
    "ctx_cat_pill",
    "ctx_cat_screw",
    "ctx_cat_toothbrush",
    "ctx_cat_capsule",
    "ctx_cat_wood",
    "ctx_cat_transistor",
    "ctx_cat_cable",
    "ctx_cat_tile",
    "ctx_cat_bottle",
    "ctx_cat_zipper",
    "ctx_cat_leather",
    "ctx_cat_carpet",
    "ctx_brightness",
    "ctx_contrast",
    "ctx_blur_risk",
    "ctx_saturation"
  ],
  "state_dict": {
    "b": -0.980850338935852,
    "w_u_raw": 2.3052079677581787,
    "w_ctx": [
      0.5412613153457642,
      -0.3241753578186035,
      -0.688136875629425,
      -0.9600342512130737,
      -0.7852732539176941,
      1.091852068901062,
      -0.7327303886413574,
      -1.43606436252594,
      -1.1370363235473633,
      -0.5731322765350342,
      -2.021132469177246,
      -2.1074442863464355,
      0.5499758124351501,
      -2.513859987258911,
      -1.0555790662765503,
      0.5918394923210144,
      -0.6559998393058777,
      -1.1004282236099243,
      -2.4620001316070557
    ],
    "best_loss": 2.47947096824646
  }
}