{
  "name": "uncertainty_grid",
  "alpha": 0.0,
  "theta": 1.3890991625632247e-07,
  "calib_risk": 6.756521739130435,
  "calib_coverage": 0.9391304347826087
}