{
  "name": "monotone_policy_net",
  "context_cols": [
    "ctx_cat_leather",
    "ctx_cat_hazelnut",
    "ctx_cat_bottle",
    "ctx_cat_carpet",
    "ctx_cat_metal_nut",
    "ctx_cat_grid",
    "ctx_cat_transistor",
    "ctx_cat_capsule",
    "ctx_cat_cable",
    "ctx_cat_toothbrush",
    "ctx_cat_screw",
    "ctx_cat_wood",
    "ctx_cat_zipper",
    "ctx_cat_tile",
    "ctx_cat_pill",
    "ctx_brightness",
    "ctx_contrast",
    "ctx_blur_risk",
    "ctx_saturation"
  ],
  "state_dict": {
    "b": -1.1201262474060059,
    "w_u_raw": -0.7102735042572021,
    "w_ctx": [
      -3.900791883468628,
      0.3712981045246124,
      0.30237480998039246,
      -4.820830345153809,
      -0.5886449813842773,
      -0.7540503740310669,
      -0.9135759472846985,
      -2.0545454025268555,
      -1.5710378885269165,
      0.11298748850822449,
      -0.7454356551170349,
      -2.831411123275757,
      0.640216052532196,
      -2.244718074798584,
      0.033997468650341034,
      -1.2563700675964355,
      -0.7667155265808105,
      -1.090153694152832,
      -2.088512897491455
    ],
    "best_loss": 5.866935729980469
  }
}