{
  "name": "uncertainty_grid",
  "alpha": 2.3000000000000003,
  "theta": 0.6498125741630794,
  "calib_risk": 0.7011578947368421,
  "calib_coverage": 0.63
}