{
  "name": "monotone_policy_net",
  "context_cols": [
    "ctx_severity",
    "ctx_corr_gaussian_noise",
    "ctx_corr_pixelate",
    "ctx_corr_frost",
    "ctx_corr_fog",
    "ctx_corr_brightness",
    "ctx_corr_glass_blur",
    "ctx_corr_gaussian_blur",
    "ctx_corr_snow",
    "ctx_corr_contrast",
    "ctx_corr_impulse_noise",
    "ctx_corr_zoom_blur",
    "ctx_corr_elastic_transform",
    "ctx_corr_saturate",
    "ctx_corr_defocus_blur",
    "ctx_corr_jpeg_compression",
    "ctx_corr_motion_blur",
    "ctx_corr_shot_noise",
    "ctx_corr_spatter",
    "ctx_corr_speckle_noise",
    "ctx_brightness",
    "ctx_contrast",
    "ctx_blur_risk",
    "ctx_saturation"
  ],
  "state_dict": {
    "b": 0.5290905237197876,
    "w_u_raw": 2.110055685043335,
    "w_ctx": [
      1.922434687614441,
      2.211582660675049,
      0.35750117897987366,
      0.07625173032283783,
      -0.4532815217971802,
      -0.9213976263999939,
      1.7958948612213135,
      0.5761853456497192,
      -0.286380797624588,
      0.33797916769981384,
      1.1343783140182495,
      -0.009920669719576836,
      -0.69698166847229,
      -0.7837881445884705,
      -0.28151825070381165,
      -0.630523681640625,
      0.0010749147040769458,
      1.2860243320465088,
      -0.8150486350059509,
      1.0346096754074097,
      0.34532076120376587,
      0.346720814704895,
      0.3470439612865448,
      -0.024263599887490273
    ],
    "best_loss": 0.6729837656021118
  }
}