policy,wilds_split,coverage,risk,wrong_auto_rate,auto_error_rate,defer_rate,n
uncertainty_grid,test,0.7499006800495431,1.3886564931878198,0.2277114346474726,0.30365545825672347,0.25009931995045687,42791
