{
  "name": "uncertainty_grid",
  "alpha": 0.275,
  "theta": 0.41137591299414633,
  "calib_risk": 0.9945310363686082,
  "calib_coverage": 0.9098988241728192
}