{
  "name": "uncertainty_grid",
  "alpha": 0.4,
  "theta": 0.9824000061154365,
  "calib_risk": 0.6377368421052632,
  "calib_coverage": 0.48
}