{
  "name": "monotone_policy_net",
  "context_cols": [
    "ctx_severity",
    "ctx_corr_fog",
    "ctx_corr_impulse_noise",
    "ctx_corr_snow",
    "ctx_corr_elastic_transform",
    "ctx_corr_zoom_blur",
    "ctx_corr_frost",
    "ctx_corr_contrast",
    "ctx_corr_pixelate",
    "ctx_corr_defocus_blur",
    "ctx_corr_saturate",
    "ctx_corr_motion_blur",
    "ctx_corr_gaussian_blur",
    "ctx_corr_speckle_noise",
    "ctx_corr_gaussian_noise",
    "ctx_corr_jpeg_compression",
    "ctx_corr_spatter",
    "ctx_corr_brightness",
    "ctx_corr_glass_blur",
    "ctx_corr_shot_noise",
    "ctx_brightness",
    "ctx_contrast",
    "ctx_blur_risk",
    "ctx_saturation"
  ],
  "state_dict": {
    "b": 0.9448923468589783,
    "w_u_raw": 1.7356350421905518,
    "w_ctx": [
      1.788133144378662,
      -0.215611070394516,
      1.7338323593139648,
      0.17599450051784515,
      -0.07030289620161057,
      0.3693629503250122,
      0.5905197858810425,
      0.2728176414966583,
      0.6458643674850464,
      -0.14851972460746765,
      -0.7369289398193359,
      0.6529157161712646,
      0.6134735941886902,
      1.4696120023727417,
      2.865598678588867,
      0.17965391278266907,
      -0.10806480795145035,
      -1.1470363140106201,
      2.565021514892578,
      1.9013580083847046,
      0.7707396149635315,
      0.8326153755187988,
      0.8714443445205688,
      0.6748433113098145
    ],
    "best_loss": 0.6806728839874268
  }
}