policy,wilds_split,coverage,risk,wrong_auto_rate,auto_error_rate,defer_rate,n
fixed,test,0.3501203524105536,0.7456941880301933,0.019162908088149376,0.05473234548124416,0.6498796475894464,42791
