policy,coverage,risk,wrong_auto_rate,auto_error_rate,defer_rate,n
fixed,0.3501203524105536,0.7456941880301933,0.019162908088149376,0.05473234548124416,0.6498796475894464,42791
uncertainty_grid,0.3501203524105536,0.7456941880301933,0.019162908088149376,0.05473234548124416,0.6498796475894464,42791
uaat_monotone,0.3876516089831974,0.7728961697553224,0.03210955574770396,0.08283096214130697,0.6123483910168026,42791
