{
  "name": "uncertainty_grid",
  "alpha": 0.0,
  "theta": 0.9810052698850632,
  "calib_risk": 0.5921520371889526,
  "calib_coverage": 0.4700574241181296
}