{
  "name": "monotone_policy_net",
  "context_cols": [
    "ctx_severity",
    "ctx_corr_motion_blur",
    "ctx_corr_shot_noise",
    "ctx_corr_elastic_transform",
    "ctx_corr_contrast",
    "ctx_corr_zoom_blur",
    "ctx_corr_saturate",
    "ctx_corr_glass_blur",
    "ctx_corr_impulse_noise",
    "ctx_corr_brightness",
    "ctx_corr_frost",
    "ctx_corr_gaussian_blur",
    "ctx_corr_speckle_noise",
    "ctx_corr_snow",
    "ctx_corr_fog",
    "ctx_corr_pixelate",
    "ctx_corr_spatter",
    "ctx_corr_jpeg_compression",
    "ctx_corr_gaussian_noise",
    "ctx_corr_defocus_blur",
    "ctx_brightness",
    "ctx_contrast",
    "ctx_blur_risk",
    "ctx_saturation"
  ],
  "state_dict": {
    "b": 0.6361134648323059,
    "w_u_raw": 2.1902916431427,
    "w_ctx": [
      1.8556513786315918,
      0.04952901601791382,
      1.2917126417160034,
      -0.6527960896492004,
      0.22305646538734436,
      0.010590233840048313,
      -0.9253966212272644,
      2.1362030506134033,
      1.1928130388259888,
      -1.1224993467330933,
      0.2214188575744629,
      0.5586919188499451,
      0.9636502861976624,
      -0.21249039471149445,
      -0.3333040475845337,
      0.4868759512901306,
      -0.4434434771537781,
      -0.4970223307609558,
      2.595186948776245,
      -0.09812340140342712,
      0.39485326409339905,
      0.3981543481349945,
      0.5111085176467896,
      0.18627172708511353
    ],
    "best_loss": 0.6608540415763855
  }
}