{
  "name": "uncertainty_grid",
  "alpha": 0.0,
  "theta": 0.9330206847190857,
  "calib_risk": 0.5515449822258682,
  "calib_coverage": 0.6200437517090511
}