policy,category,coverage,risk,wrong_auto_rate,auto_error_rate,defer_rate,n
uaat_monotone,breakfast_box,0.45,2.6863636363636365,0.21363636363636362,0.47474747474747475,0.55,220
uaat_monotone,juice_bottle,0.3712121212121212,2.0681818181818183,0.14393939393939395,0.3877551020408163,0.6287878787878788,264
uaat_monotone,pushpins,0.5201612903225806,2.8588709677419355,0.23790322580645162,0.4573643410852713,0.4798387096774194,248
uaat_monotone,screw_bag,0.6410256410256411,4.021978021978022,0.3663003663003663,0.5714285714285714,0.3589743589743589,273
uaat_monotone,splicing_connectors,0.5983935742971888,3.2931726907630523,0.2891566265060241,0.48322147651006714,0.40160642570281124,249
