policy,category,coverage,risk,wrong_auto_rate,auto_error_rate,defer_rate,n
uncertainty_grid,breakfast_box,0.55,3.177272727272727,0.2727272727272727,0.49586776859504134,0.44999999999999996,220
uncertainty_grid,juice_bottle,0.35984848484848486,2.003787878787879,0.13636363636363635,0.37894736842105264,0.6401515151515151,264
uncertainty_grid,pushpins,0.6088709677419355,3.334677419354839,0.29435483870967744,0.48344370860927155,0.3911290322580645,248
uncertainty_grid,screw_bag,0.8278388278388278,5.227106227106227,0.5054945054945055,0.6106194690265486,0.17216117216117222,273
uncertainty_grid,splicing_connectors,0.5622489959839357,3.048192771084338,0.26104417670682734,0.4642857142857143,0.43775100401606426,249
