policy,coverage,risk,wrong_auto_rate,auto_error_rate,defer_rate,n
uaat_monotone,0.518341307814992,3.0015948963317385,0.25199362041467305,0.48615384615384616,0.481658692185008,1254
fixed,0.5845295055821371,3.381977671451356,0.2966507177033493,0.5075034106412005,0.4154704944178629,1254
uncertainty_grid,0.5845295055821371,3.381977671451356,0.2966507177033493,0.5075034106412005,0.4154704944178629,1254
