{
  "name": "uncertainty_grid",
  "alpha": 0.0,
  "theta": 0.2525754536100463,
  "calib_risk": 3.2643312101910826,
  "calib_coverage": 0.5700636942675159
}