policy,category,coverage,risk,wrong_auto_rate,auto_error_rate,defer_rate,n
uncertainty_grid,breakfast_box,0.7681818181818182,4.2772727272727264,0.40454545454545454,0.5266272189349113,0.2318181818181818,220
uncertainty_grid,juice_bottle,0.4772727272727273,2.6439393939393936,0.21212121212121213,0.4444444444444444,0.5227272727272727,264
uncertainty_grid,pushpins,0.8104838709677419,4.383064516129032,0.41935483870967744,0.5174129353233831,0.18951612903225812,248
uncertainty_grid,screw_bag,0.9743589743589743,6.216117216117216,0.6190476190476191,0.6353383458646616,0.02564102564102566,273
uncertainty_grid,splicing_connectors,0.751004016064257,4.224899598393574,0.39759036144578314,0.5294117647058824,0.24899598393574296,249
