{
  "name": "uncertainty_grid",
  "alpha": 0.0,
  "theta": 0.09860379554952686,
  "calib_risk": 4.187898089171975,
  "calib_coverage": 0.7292993630573248
}