{
  "name": "uncertainty_grid",
  "alpha": 0.0,
  "theta": 3.738878276021421e-06,
  "calib_risk": 12.681159420289854,
  "calib_coverage": 0.8985507246376812
}