{
  "name": "monotone_policy_net",
  "context_cols": [
    "ctx_cat_leather",
    "ctx_cat_hazelnut",
    "ctx_cat_bottle",
    "ctx_cat_carpet",
    "ctx_cat_metal_nut",
    "ctx_cat_grid",
    "ctx_cat_transistor",
    "ctx_cat_capsule",
    "ctx_cat_cable",
    "ctx_cat_toothbrush",
    "ctx_cat_screw",
    "ctx_cat_wood",
    "ctx_cat_zipper",
    "ctx_cat_tile",
    "ctx_cat_pill",
    "ctx_brightness",
    "ctx_contrast",
    "ctx_blur_risk",
    "ctx_saturation"
  ],
  "state_dict": {
    "b": -0.7854154109954834,
    "w_u_raw": 0.7800564169883728,
    "w_ctx": [
      -3.853463649749756,
      -0.23966151475906372,
      -1.0868302583694458,
      0.41304755210876465,
      -0.5874623656272888,
      -1.6425997018814087,
      -1.7499195337295532,
      0.8579541444778442,
      0.16367468237876892,
      1.202526569366455,
      -0.607507050037384,
      -1.4519782066345215,
      -0.453999787569046,
      -1.8598171472549438,
      0.5649005174636841,
      -0.6820095181465149,
      -0.6251344084739685,
      -0.7639638185501099,
      -2.3086025714874268
    ],
    "best_loss": 8.87791919708252
  }
}