policy,wilds_split,coverage,risk,wrong_auto_rate,auto_error_rate,defer_rate,n
uaat_monotone,test,0.3872543291813699,0.7598560444953377,0.029422074735341544,0.07597610283024561,0.6127456708186301,42791
