policy,coverage,risk,wrong_auto_rate,auto_error_rate,defer_rate,n
fixed,0.37166693930966793,0.7497370942487906,0.02428080671169171,0.065329476861167,0.6283330606903321,42791
uncertainty_grid,0.37166693930966793,0.7497370942487906,0.02428080671169171,0.065329476861167,0.6283330606903321,42791
uaat_monotone,0.3872543291813699,0.7598560444953377,0.029422074735341544,0.07597610283024561,0.6127456708186301,42791
