{
  "name": "uncertainty_grid",
  "alpha": 0.0,
  "theta": 0.9584795355796814,
  "calib_risk": 0.60404703308723,
  "calib_coverage": 0.5600218758545256
}