policy,wilds_split,coverage,risk,wrong_auto_rate,auto_error_rate,defer_rate,n
uaat_monotone,test,0.383842396765675,0.6930429295879975,0.0153770652707345,0.04006088280060883,0.616157603234325,42791
