{
  "name": "uncertainty_grid",
  "alpha": 0.0,
  "theta": 0.9954158103466033,
  "calib_risk": 0.6179928903472792,
  "calib_coverage": 0.41003554826360405
}