policy,wilds_split,coverage,risk,wrong_auto_rate,auto_error_rate,defer_rate,n
uncertainty_grid,test,0.7625902643079152,1.4854525484330816,0.24960856254819938,0.32731674430007357,0.2374097356920848,42791
