policy,wilds_split,coverage,risk,wrong_auto_rate,auto_error_rate,defer_rate,n
fixed,test,0.7711200953471524,1.5030964455142437,0.25484330817227924,0.3304845895081371,0.22887990465284758,42791
