{
  "name": "uncertainty_grid",
  "alpha": 0.225,
  "theta": 0.44052065242081884,
  "calib_risk": 0.8949958982772765,
  "calib_coverage": 0.8699753896636587
}