{
  "name": "uncertainty_grid",
  "alpha": 0.0,
  "theta": 0.9230786979198455,
  "calib_risk": 0.5545529122231336,
  "calib_coverage": 0.6300246103363413
}