{
  "name": "uncertainty_grid",
  "alpha": 0.0,
  "theta": 0.9529798120260238,
  "calib_risk": 0.5709598031173093,
  "calib_coverage": 0.5500410172272354
}