{
  "name": "uncertainty_grid",
  "alpha": 0.0,
  "theta": 0.08543275967483119,
  "calib_risk": 3.6869565217391305,
  "calib_coverage": 0.5594202898550724
}