policy,wilds_split,coverage,risk,wrong_auto_rate,auto_error_rate,defer_rate,n
fixed,test,0.40816994227758174,0.8255240587974106,0.04673880021499848,0.11450818733539449,0.5918300577224183,42791
