policy,wilds_split,coverage,risk,wrong_auto_rate,auto_error_rate,defer_rate,n
uaat_monotone,test,0.42761328316702113,0.8532869061251196,0.05618003785842817,0.131380478740846,0.5723867168329788,42791
