{
  "name": "uncertainty_grid",
  "alpha": 0.0,
  "theta": 0.9583273434638976,
  "calib_risk": 0.6491659830462128,
  "calib_coverage": 0.5600218758545256
}