{
  "name": "monotone_policy_net",
  "context_cols": [
    "ctx_cat_toothbrush",
    "ctx_cat_grid",
    "ctx_cat_capsule",
    "ctx_cat_hazelnut",
    "ctx_cat_carpet",
    "ctx_cat_cable",
    "ctx_cat_leather",
    "ctx_cat_pill",
    "ctx_cat_screw",
    "ctx_cat_transistor",
    "ctx_cat_metal_nut",
    "ctx_cat_wood",
    "ctx_cat_tile",
    "ctx_cat_zipper",
    "ctx_cat_bottle",
    "ctx_brightness",
    "ctx_contrast",
    "ctx_blur_risk",
    "ctx_saturation"
  ],
  "state_dict": {
    "b": -0.8236687779426575,
    "w_u_raw": -0.42891770601272583,
    "w_ctx": [
      0.7283092141151428,
      -0.8535038828849792,
      -0.05263926833868027,
      -0.9067862033843994,
      -4.310495853424072,
      -0.6686354875564575,
      -4.401063919067383,
      -0.06063280254602432,
      -0.012458116747438908,
      -0.28477370738983154,
      -0.5317714214324951,
      -2.884544610977173,
      -0.7459432482719421,
      -0.06087203323841095,
      -0.1582731455564499,
      -0.6883593797683716,
      -0.5097336173057556,
      -0.7905329465866089,
      -1.4614670276641846
    ],
    "best_loss": 2.27785587310791
  },
  "use_inputs": [
    "ctx",
    "score",
    "uncertainty"
  ],
  "test_margin_offset": -0.03499632482707188,
  "recalibrated_on_test": true
}