{
  "name": "monotone_policy_net",
  "context_cols": [
    "ctx_cat_toothbrush",
    "ctx_cat_grid",
    "ctx_cat_capsule",
    "ctx_cat_hazelnut",
    "ctx_cat_carpet",
    "ctx_cat_cable",
    "ctx_cat_leather",
    "ctx_cat_pill",
    "ctx_cat_screw",
    "ctx_cat_transistor",
    "ctx_cat_metal_nut",
    "ctx_cat_wood",
    "ctx_cat_tile",
    "ctx_cat_zipper",
    "ctx_cat_bottle",
    "ctx_brightness",
    "ctx_contrast",
    "ctx_blur_risk",
    "ctx_saturation"
  ],
  "state_dict": {
    "b": -0.7821217179298401,
    "w_u_raw": 0.4424768388271332,
    "w_ctx": [
      0.637582540512085,
      -1.2159866094589233,
      0.8268122673034668,
      -1.0318279266357422,
      -2.7907700538635254,
      -0.807307243347168,
      -2.6959712505340576,
      -0.30340147018432617,
      -0.13828806579113007,
      -0.5284906029701233,
      -0.6042829751968384,
      -1.8858641386032104,
      -1.0120373964309692,
      -0.11654634773731232,
      -0.39145076274871826,
      -0.5240942239761353,
      -0.35319116711616516,
      -0.7253926396369934,
      -1.4363327026367188
    ],
    "best_loss": 3.729065418243408
  }
}