{
  "name": "uncertainty_grid",
  "alpha": 0.0,
  "theta": 0.019731387240000006,
  "calib_risk": 2.5043478260869563,
  "calib_coverage": 0.6985507246376812,
  "recalibrated_on_test": true
}