policy,wilds_split,coverage,risk,wrong_auto_rate,auto_error_rate,defer_rate,n
fixed,test,0.6664485522656634,1.1656189385618472,0.1664134981655021,0.2497019426327232,0.33355144773433665,42791
