{
  "name": "uncertainty_grid",
  "alpha": 2.575,
  "theta": -0.13654459810256933,
  "calib_risk": 0.838255400601586,
  "calib_coverage": 0.8398960896910036
}