policy,wilds_split,coverage,risk,wrong_auto_rate,auto_error_rate,defer_rate,n
uaat_monotone,test,0.3934939590100722,0.8067817999111963,0.0400551517842537,0.10179356218078156,0.6065060409899278,42791
