policy,coverage,risk,wrong_auto_rate,auto_error_rate,defer_rate,n
fixed,0.352433923021196,0.7678016405318876,0.024047112710616717,0.06823154963198727,0.647566076978804,42791
uncertainty_grid,0.352433923021196,0.7678016405318876,0.024047112710616717,0.06823154963198727,0.647566076978804,42791
uaat_monotone,0.3934939590100722,0.8067817999111963,0.0400551517842537,0.10179356218078156,0.6065060409899278,42791
