{
  "name": "uncertainty_grid",
  "alpha": 0.0,
  "theta": 0.9869480824470519,
  "calib_risk": 0.6439704675963905,
  "calib_coverage": 0.45993984140005467
}