policy,coverage,risk,wrong_auto_rate,auto_error_rate,defer_rate,n
uaat_monotone,0.6889952153110048,3.8915470494417863,0.3580542264752791,0.5196759259259259,0.3110047846889952,1254
fixed,0.8628389154704944,5.097288676236045,0.4960127591706539,0.5748613678373382,0.1371610845295056,1254
uncertainty_grid,0.8628389154704944,5.097288676236045,0.4960127591706539,0.5748613678373382,0.1371610845295056,1254
