policy,wilds_split,coverage,risk,wrong_auto_rate,auto_error_rate,defer_rate,n
fixed,test,0.5940501507326307,1.2029632399336307,0.15940267813325232,0.2683320220298977,0.4059498492673693,42791
