{
  "name": "uncertainty_grid",
  "alpha": 2.025,
  "theta": 0.251479148350656,
  "calib_risk": 0.8889800382827453,
  "calib_coverage": 0.7700300792999727
}