{
  "name": "monotone_policy_net",
  "context_cols": [
    "ctx_severity",
    "ctx_corr_motion_blur",
    "ctx_corr_shot_noise",
    "ctx_corr_elastic_transform",
    "ctx_corr_contrast",
    "ctx_corr_zoom_blur",
    "ctx_corr_saturate",
    "ctx_corr_glass_blur",
    "ctx_corr_impulse_noise",
    "ctx_corr_brightness",
    "ctx_corr_frost",
    "ctx_corr_gaussian_blur",
    "ctx_corr_speckle_noise",
    "ctx_corr_snow",
    "ctx_corr_fog",
    "ctx_corr_pixelate",
    "ctx_corr_spatter",
    "ctx_corr_jpeg_compression",
    "ctx_corr_gaussian_noise",
    "ctx_corr_defocus_blur",
    "ctx_brightness",
    "ctx_contrast",
    "ctx_blur_risk",
    "ctx_saturation"
  ],
  "state_dict": {
    "b": -0.758378803730011,
    "w_u_raw": -1.252428412437439,
    "w_ctx": [
      3.4442811012268066,
      -0.8547881841659546,
      0.767949640750885,
      -1.9898351430892944,
      -0.17131882905960083,
      -1.1704988479614258,
      -1.5977420806884766,
      0.26769599318504333,
      0.6775039434432983,
      -1.6452834606170654,
      -0.7141719460487366,
      0.48527589440345764,
      -0.031210070475935936,
      -1.9428013563156128,
      -1.4750697612762451,
      -0.46332037448883057,
      -2.0352907180786133,
      -1.9424914121627808,
      1.457252860069275,
      -1.0483968257904053,
      -0.16720011830329895,
      -0.00333432131446898,
      -1.5504240989685059,
      -1.6051642894744873
    ],
    "best_loss": 0.49908921122550964
  }
}