{
  "name": "uncertainty_grid",
  "alpha": 1.05,
  "theta": 0.34163808524608585,
  "calib_risk": 0.43245829915231065,
  "calib_coverage": 0.799972655181843
}