{
  "name": "monotone_policy_net",
  "context_cols": [
    "ctx_cat_hazelnut",
    "ctx_cat_bottle",
    "ctx_cat_toothbrush",
    "ctx_cat_pill",
    "ctx_cat_carpet",
    "ctx_cat_wood",
    "ctx_cat_grid",
    "ctx_cat_capsule",
    "ctx_cat_metal_nut",
    "ctx_cat_tile",
    "ctx_cat_transistor",
    "ctx_cat_leather",
    "ctx_cat_cable",
    "ctx_cat_screw",
    "ctx_cat_zipper",
    "ctx_brightness",
    "ctx_contrast",
    "ctx_blur_risk",
    "ctx_saturation"
  ],
  "state_dict": {
    "b": -0.8747047185897827,
    "w_u_raw": 0.1856689453125,
    "w_ctx": [
      -0.9822789430618286,
      -0.4903038442134857,
      -0.029795793816447258,
      0.11382192373275757,
      -2.6440563201904297,
      -4.447880268096924,
      -3.253957986831665,
      0.8616501688957214,
      -0.1392100304365158,
      -0.7594118118286133,
      0.06912355124950409,
      -1.8183563947677612,
      -0.9444934725761414,
      -0.24129943549633026,
      0.21808762848377228,
      -0.6469945907592773,
      -0.4005572199821472,
      -0.8299033641815186,
      -1.2932881116867065
    ],
    "best_loss": 3.8449013233184814
  }
}