policy,category,coverage,risk,wrong_auto_rate,auto_error_rate,defer_rate,n
fixed,breakfast_box,0.2863636363636364,1.759090909090909,0.10454545454545454,0.36507936507936506,0.7136363636363636,220
fixed,juice_bottle,0.22348484848484848,1.231060606060606,0.045454545454545456,0.2033898305084746,0.7765151515151515,264
fixed,pushpins,0.3709677419354839,2.443548387096774,0.1814516129032258,0.4891304347826087,0.6290322580645161,248
fixed,screw_bag,0.5421245421245421,3.498168498168498,0.304029304029304,0.5608108108108109,0.4578754578754579,273
fixed,splicing_connectors,0.3855421686746988,2.2208835341365463,0.1606425702811245,0.4166666666666667,0.6144578313253012,249
