{
  "name": "monotone_policy_net",
  "context_cols": [
    "ctx_severity",
    "ctx_corr_gaussian_noise",
    "ctx_corr_pixelate",
    "ctx_corr_frost",
    "ctx_corr_fog",
    "ctx_corr_brightness",
    "ctx_corr_glass_blur",
    "ctx_corr_gaussian_blur",
    "ctx_corr_snow",
    "ctx_corr_contrast",
    "ctx_corr_impulse_noise",
    "ctx_corr_zoom_blur",
    "ctx_corr_elastic_transform",
    "ctx_corr_saturate",
    "ctx_corr_defocus_blur",
    "ctx_corr_jpeg_compression",
    "ctx_corr_motion_blur",
    "ctx_corr_shot_noise",
    "ctx_corr_spatter",
    "ctx_corr_speckle_noise",
    "ctx_brightness",
    "ctx_contrast",
    "ctx_blur_risk",
    "ctx_saturation"
  ],
  "state_dict": {
    "b": 0.6877040266990662,
    "w_u_raw": 2.125962734222412,
    "w_ctx": [
      1.8339135646820068,
      2.692624092102051,
      0.4426608979701996,
      0.27680572867393494,
      -0.3770419657230377,
      -1.0034161806106567,
      2.433873414993286,
      0.5529709458351135,
      -0.19520309567451477,
      0.3086585998535156,
      1.1831289529800415,
      0.12381476908922195,
      -0.5796273946762085,
      -0.8042879104614258,
      -0.23130358755588531,
      -0.3082874119281769,
      0.09128633141517639,
      1.3576438426971436,
      -0.5015780329704285,
      1.1010369062423706,
      0.46712857484817505,
      0.48250871896743774,
      0.5824373960494995,
      0.23256908357143402
    ],
    "best_loss": 0.6601957082748413
  }
}