{
  "name": "uncertainty_grid",
  "alpha": 2.95,
  "theta": 0.7415458935052157,
  "calib_risk": 0.6638947368421053,
  "calib_coverage": 0.58
}