policy,wilds_split,coverage,risk,wrong_auto_rate,auto_error_rate,defer_rate,n
fixed,test,0.3781168937393377,0.6923418475847725,0.014091748264822042,0.03726823238566131,0.6218831062606622,42791
