policy,wilds_split,coverage,risk,wrong_auto_rate,auto_error_rate,defer_rate,n
uncertainty_grid,test,0.3781402631394452,0.6922016311841275,0.014068378864714542,0.03720412829862184,0.6218597368605547,42791
