{
  "name": "uncertainty_grid",
  "alpha": 0.025,
  "theta": 0.9787573305107653,
  "calib_risk": 0.5675417008476893,
  "calib_coverage": 0.5199617172545803
}