policy,wilds_split,coverage,risk,wrong_auto_rate,auto_error_rate,defer_rate,n
fixed,test,0.7846042392091795,1.5329625388516277,0.26351335561216144,0.33585512599034967,0.21539576079082046,42791
