{
  "name": "uncertainty_grid",
  "alpha": 2.15,
  "theta": -0.3416014369726181,
  "calib_risk": 0.9130434782608696,
  "calib_coverage": 0.8799562482909489
}