policy,category,coverage,risk,wrong_auto_rate,auto_error_rate,defer_rate,n
uncertainty_grid,breakfast_box,0.8545454545454545,4.963636363636364,0.4818181818181818,0.5638297872340425,0.1454545454545455,220
uncertainty_grid,juice_bottle,0.5833333333333334,3.409090909090909,0.29924242424242425,0.512987012987013,0.41666666666666663,264
uncertainty_grid,pushpins,0.9314516129032258,5.028225806451613,0.4959677419354839,0.5324675324675324,0.06854838709677424,248
uncertainty_grid,screw_bag,1.0,6.410256410256411,0.6410256410256411,0.6410256410256411,0.0,273
uncertainty_grid,splicing_connectors,0.8554216867469879,4.883534136546185,0.4738955823293173,0.5539906103286385,0.14457831325301207,249
