{
  "name": "uncertainty_grid",
  "alpha": 0.0,
  "theta": 0.027607509857713184,
  "calib_risk": 4.789808917197452,
  "calib_coverage": 0.8280254777070064
}