policy,category,coverage,risk,wrong_auto_rate,auto_error_rate,defer_rate,n
uaat_monotone,breakfast_box,0.759090909090909,2.240909090909091,0.4,0.5269461077844312,0.24090909090909096,220
uaat_monotone,juice_bottle,0.5151515151515151,1.6401515151515151,0.23106060606060605,0.4485294117647059,0.48484848484848486,264
uaat_monotone,pushpins,0.9596774193548387,2.620967741935484,0.5161290322580645,0.5378151260504201,0.040322580645161255,248
uaat_monotone,screw_bag,0.9487179487179487,3.0366300366300365,0.5970695970695971,0.6293436293436293,0.05128205128205132,273
uaat_monotone,splicing_connectors,0.7911646586345381,2.317269076305221,0.42168674698795183,0.5329949238578681,0.2088353413654619,249
