{
  "name": "uncertainty_grid",
  "alpha": 0.0,
  "theta": 0.0026808399068961276,
  "calib_risk": 2.761146496815287,
  "calib_coverage": 0.8980891719745223
}