{
  "name": "monotone_policy_net",
  "context_cols": [
    "ctx_severity",
    "ctx_corr_fog",
    "ctx_corr_impulse_noise",
    "ctx_corr_snow",
    "ctx_corr_elastic_transform",
    "ctx_corr_zoom_blur",
    "ctx_corr_frost",
    "ctx_corr_contrast",
    "ctx_corr_pixelate",
    "ctx_corr_defocus_blur",
    "ctx_corr_saturate",
    "ctx_corr_motion_blur",
    "ctx_corr_gaussian_blur",
    "ctx_corr_speckle_noise",
    "ctx_corr_gaussian_noise",
    "ctx_corr_jpeg_compression",
    "ctx_corr_spatter",
    "ctx_corr_brightness",
    "ctx_corr_glass_blur",
    "ctx_corr_shot_noise",
    "ctx_brightness",
    "ctx_contrast",
    "ctx_blur_risk",
    "ctx_saturation"
  ],
  "state_dict": {
    "b": 0.09293752163648605,
    "w_u_raw": 2.1118295192718506,
    "w_ctx": [
      2.586514472961426,
      -1.31650710105896,
      1.148077130317688,
      -1.0072271823883057,
      -2.177218437194824,
      -0.5917435884475708,
      -0.5455301403999329,
      -0.39709630608558655,
      -0.060410276055336,
      -0.5662792325019836,
      -1.6896191835403442,
      -0.740768313407898,
      0.29333317279815674,
      0.6695492267608643,
      2.2001636028289795,
      -1.3113365173339844,
      -1.21878182888031,
      -1.6685171127319336,
      0.9502617716789246,
      1.012040138244629,
      0.09473197907209396,
      -0.6163185834884644,
      0.1675592064857483,
      -1.519688606262207
    ],
    "best_loss": 1.3677995204925537
  }
}