{
  "name": "uncertainty_grid",
  "alpha": 0.0,
  "theta": 0.1641790293088675,
  "calib_risk": 2.8202898550724633,
  "calib_coverage": 0.4405797101449275
}