{
  "name": "monotone_policy_net",
  "context_cols": [
    "ctx_cat_hazelnut",
    "ctx_cat_bottle",
    "ctx_cat_toothbrush",
    "ctx_cat_pill",
    "ctx_cat_carpet",
    "ctx_cat_wood",
    "ctx_cat_grid",
    "ctx_cat_capsule",
    "ctx_cat_metal_nut",
    "ctx_cat_tile",
    "ctx_cat_transistor",
    "ctx_cat_leather",
    "ctx_cat_cable",
    "ctx_cat_screw",
    "ctx_cat_zipper",
    "ctx_brightness",
    "ctx_contrast",
    "ctx_blur_risk",
    "ctx_saturation"
  ],
  "state_dict": {
    "b": -1.372751235961914,
    "w_u_raw": 2.839787006378174,
    "w_ctx": [
      -1.374614953994751,
      -0.4426030218601227,
      -0.14850784838199615,
      -1.235008955001831,
      -1.484310269355774,
      5.150227575141664e-13,
      0.34391725063323975,
      0.9808712005615234,
      -1.424384355545044,
      -2.6151885986328125,
      -1.552650809288025,
      -3.2331972122192383,
      -1.6710796356201172,
      -0.21509936451911926,
      -0.6758359670639038,
      1.7292556762695312,
      -0.7231050133705139,
      -1.2727670669555664,
      0.9629724621772766
    ],
    "best_loss": 2.1804351806640625
  }
}