policy,wilds_split,coverage,risk,wrong_auto_rate,auto_error_rate,defer_rate,n
uaat_monotone,test,0.4546750484915052,0.7548316234722254,0.04190133439274614,0.09215666118421052,0.5453249515084948,42791
