{
  "name": "uncertainty_grid",
  "alpha": 0.025,
  "theta": 0.9437450172379614,
  "calib_risk": 0.5504511894995898,
  "calib_coverage": 0.599945310363686
}