{
  "name": "monotone_policy_net",
  "context_cols": [
    "ctx_severity",
    "ctx_corr_motion_blur",
    "ctx_corr_shot_noise",
    "ctx_corr_elastic_transform",
    "ctx_corr_contrast",
    "ctx_corr_zoom_blur",
    "ctx_corr_saturate",
    "ctx_corr_glass_blur",
    "ctx_corr_impulse_noise",
    "ctx_corr_brightness",
    "ctx_corr_frost",
    "ctx_corr_gaussian_blur",
    "ctx_corr_speckle_noise",
    "ctx_corr_snow",
    "ctx_corr_fog",
    "ctx_corr_pixelate",
    "ctx_corr_spatter",
    "ctx_corr_jpeg_compression",
    "ctx_corr_gaussian_noise",
    "ctx_corr_defocus_blur",
    "ctx_brightness",
    "ctx_contrast",
    "ctx_blur_risk",
    "ctx_saturation"
  ],
  "state_dict": {
    "b": 0.9920462369918823,
    "w_u_raw": 1.6649701595306396,
    "w_ctx": [
      1.7288519144058228,
      0.6948093771934509,
      1.9992696046829224,
      -0.27449002861976624,
      0.30039435625076294,
      0.47756248712539673,
      -0.7533745765686035,
      2.5138566493988037,
      1.8784953355789185,
      -1.1658588647842407,
      0.7248831391334534,
      0.6616252660751343,
      1.5459182262420654,
      0.36530765891075134,
      -0.12758220732212067,
      0.8457791209220886,
      -0.103691466152668,
      0.2792884111404419,
      2.8432657718658447,
      -0.024373525753617287,
      0.860755443572998,
      0.8787412047386169,
      0.9250220060348511,
      0.7714366912841797
    ],
    "best_loss": 0.6902682185173035
  }
}