{
  "name": "uncertainty_grid",
  "alpha": 0.025,
  "theta": 0.9934051014110445,
  "calib_risk": 0.6422368421052632,
  "calib_coverage": 0.46
}