policy,coverage,risk,wrong_auto_rate,auto_error_rate,defer_rate,n
uaat_monotone,0.6297101449275362,4.058695652173913,0.36884057971014494,0.5857307249712314,0.3702898550724638,1380
fixed,0.9166666666666666,6.5398550724637685,0.6456521739130435,0.7043478260869566,0.08333333333333337,1380
uncertainty_grid,0.9166666666666666,6.5398550724637685,0.6456521739130435,0.7043478260869566,0.08333333333333337,1380
