{
  "name": "uncertainty_grid",
  "alpha": 0.0,
  "theta": 1.4358246196324573e-05,
  "calib_risk": 6.31304347826087,
  "calib_coverage": 0.8898550724637682
}