{
  "name": "monotone_policy_net",
  "context_cols": [
    "ctx_severity",
    "ctx_corr_motion_blur",
    "ctx_corr_shot_noise",
    "ctx_corr_elastic_transform",
    "ctx_corr_contrast",
    "ctx_corr_zoom_blur",
    "ctx_corr_saturate",
    "ctx_corr_glass_blur",
    "ctx_corr_impulse_noise",
    "ctx_corr_brightness",
    "ctx_corr_frost",
    "ctx_corr_gaussian_blur",
    "ctx_corr_speckle_noise",
    "ctx_corr_snow",
    "ctx_corr_fog",
    "ctx_corr_pixelate",
    "ctx_corr_spatter",
    "ctx_corr_jpeg_compression",
    "ctx_corr_gaussian_noise",
    "ctx_corr_defocus_blur",
    "ctx_brightness",
    "ctx_contrast",
    "ctx_blur_risk",
    "ctx_saturation"
  ],
  "state_dict": {
    "b": 0.12771624326705933,
    "w_u_raw": 1.1160818338394165,
    "w_ctx": [
      2.4125711917877197,
      -0.8111618757247925,
      1.2309938669204712,
      -1.7730214595794678,
      0.011275902390480042,
      -0.41940435767173767,
      -1.5687814950942993,
      0.8469608426094055,
      1.0682684183120728,
      -1.928939938545227,
      -0.2398328334093094,
      0.2804984450340271,
      0.5750239491462708,
      -0.5394647717475891,
      -1.2395353317260742,
      0.23744413256645203,
      -1.562099814414978,
      -0.9760086536407471,
      2.159013032913208,
      -0.5135722756385803,
      -0.011955289170145988,
      0.02949896641075611,
      -0.13080289959907532,
      -0.9749542474746704
    ],
    "best_loss": 0.7940657734870911
  }
}