{
  "name": "uncertainty_grid",
  "alpha": 0.15000000000000002,
  "theta": 0.7409569799304009,
  "calib_risk": 0.8640263157894736,
  "calib_coverage": 0.76
}