{
  "name": "uncertainty_grid",
  "alpha": 0.0,
  "theta": 0.2625816977768623,
  "calib_risk": 3.0828025477707004,
  "calib_coverage": 0.5286624203821656
}