policy,wilds_split,coverage,risk,wrong_auto_rate,auto_error_rate,defer_rate,n
fixed,test,0.48697155944006915,0.8015236848870089,0.057699048865415624,0.1184854592571264,0.5130284405599308,42791
