policy,wilds_split,coverage,risk,wrong_auto_rate,auto_error_rate,defer_rate,n
uaat_monotone,test,0.5130985487602533,0.8441027318828725,0.07144025612862517,0.13923301147750045,0.4869014512397467,42791
