{
  "name": "uncertainty_grid",
  "alpha": 0.17500000000000002,
  "theta": 0.8494109660238027,
  "calib_risk": 0.5887339349193328,
  "calib_coverage": 0.6799289034727919
}