policy,category,coverage,risk,wrong_auto_rate,auto_error_rate,defer_rate,n
fixed,breakfast_box,0.8454545454545455,1.1,0.4727272727272727,0.5591397849462365,0.15454545454545454,220
fixed,juice_bottle,0.553030303030303,0.9848484848484849,0.2689393939393939,0.4863013698630137,0.446969696969697,264
fixed,pushpins,0.9032258064516129,1.0403225806451615,0.4717741935483871,0.5223214285714286,0.09677419354838712,248
fixed,screw_bag,1.0,1.2820512820512822,0.6410256410256411,0.6410256410256411,0.0,273
fixed,splicing_connectors,0.8313253012048193,1.0843373493975903,0.4578313253012048,0.5507246376811594,0.1686746987951807,249
