policy,category,coverage,risk,wrong_auto_rate,auto_error_rate,defer_rate,n
uaat_monotone,breakfast_box,0.8454545454545455,1.1,0.4727272727272727,0.5591397849462365,0.15454545454545454,220
uaat_monotone,juice_bottle,0.4659090909090909,0.9431818181818183,0.20454545454545456,0.43902439024390244,0.5340909090909092,264
uaat_monotone,pushpins,0.9193548387096774,1.0483870967741935,0.4838709677419355,0.5263157894736842,0.08064516129032262,248
uaat_monotone,screw_bag,0.9926739926739927,1.2747252747252746,0.6336996336996337,0.6383763837638377,0.0073260073260073,273
uaat_monotone,splicing_connectors,0.8232931726907631,1.0843373493975903,0.4538152610441767,0.551219512195122,0.17670682730923692,249
