{
  "name": "monotone_policy_net",
  "context_cols": [
    "ctx_cat_splicing_connectors",
    "ctx_cat_screw_bag",
    "ctx_cat_pushpins",
    "ctx_cat_breakfast_box",
    "ctx_cat_juice_bottle",
    "ctx_brightness",
    "ctx_contrast",
    "ctx_blur_risk",
    "ctx_saturation"
  ],
  "state_dict": {
    "b": -0.9892790913581848,
    "w_u_raw": -0.5443415641784668,
    "w_ctx": [
      -0.9712426662445068,
      -0.6499678492546082,
      -1.5964688062667847,
      -0.7161881327629089,
      -0.15032030642032623,
      -0.8836153745651245,
      -0.8923167586326599,
      -0.98494553565979,
      -0.9853322505950928
    ],
    "best_loss": 1.0705734491348267
  }
}