{
  "name": "monotone_policy_net",
  "context_cols": [
    "ctx_severity",
    "ctx_corr_motion_blur",
    "ctx_corr_shot_noise",
    "ctx_corr_elastic_transform",
    "ctx_corr_contrast",
    "ctx_corr_zoom_blur",
    "ctx_corr_saturate",
    "ctx_corr_glass_blur",
    "ctx_corr_impulse_noise",
    "ctx_corr_brightness",
    "ctx_corr_frost",
    "ctx_corr_gaussian_blur",
    "ctx_corr_speckle_noise",
    "ctx_corr_snow",
    "ctx_corr_fog",
    "ctx_corr_pixelate",
    "ctx_corr_spatter",
    "ctx_corr_jpeg_compression",
    "ctx_corr_gaussian_noise",
    "ctx_corr_defocus_blur",
    "ctx_brightness",
    "ctx_contrast",
    "ctx_blur_risk",
    "ctx_saturation"
  ],
  "state_dict": {
    "b": -1.0029584169387817,
    "w_u_raw": -1.2434377670288086,
    "w_ctx": [
      4.056981086730957,
      -0.8123300671577454,
      1.1367526054382324,
      -2.9953830242156982,
      0.11170752346515656,
      -1.063204288482666,
      -1.342151165008545,
      0.4008964002132416,
      0.9773999452590942,
      -1.5748493671417236,
      -0.8509470820426941,
      0.9611729979515076,
      0.22103896737098694,
      -2.0360300540924072,
      -1.424941897392273,
      0.10294628888368607,
      -2.3546254634857178,
      -1.9686594009399414,
      1.9075181484222412,
      -0.8333183526992798,
      0.11585301160812378,
      0.01579744927585125,
      -2.125098943710327,
      -2.6913018226623535
    ],
    "best_loss": 1.1254022121429443
  }
}