{
  "name": "uncertainty_grid",
  "alpha": 0.0,
  "theta": 0.509291719198227,
  "calib_risk": 1.2230789473684212,
  "calib_coverage": 0.94
}