{
  "name": "monotone_policy_net",
  "context_cols": [
    "ctx_severity",
    "ctx_corr_gaussian_noise",
    "ctx_corr_pixelate",
    "ctx_corr_frost",
    "ctx_corr_fog",
    "ctx_corr_brightness",
    "ctx_corr_glass_blur",
    "ctx_corr_gaussian_blur",
    "ctx_corr_snow",
    "ctx_corr_contrast",
    "ctx_corr_impulse_noise",
    "ctx_corr_zoom_blur",
    "ctx_corr_elastic_transform",
    "ctx_corr_saturate",
    "ctx_corr_defocus_blur",
    "ctx_corr_jpeg_compression",
    "ctx_corr_motion_blur",
    "ctx_corr_shot_noise",
    "ctx_corr_spatter",
    "ctx_corr_speckle_noise",
    "ctx_brightness",
    "ctx_contrast",
    "ctx_blur_risk",
    "ctx_saturation"
  ],
  "state_dict": {
    "b": 0.8514805436134338,
    "w_u_raw": 1.9477956295013428,
    "w_ctx": [
      1.746037244796753,
      2.9072515964508057,
      0.5504211187362671,
      0.4835052788257599,
      -0.2576170563697815,
      -1.0816657543182373,
      2.659759283065796,
      0.5495476722717285,
      0.07059770077466965,
      0.3475937247276306,
      1.3846160173416138,
      0.30509477853775024,
      -0.3644953668117523,
      -0.7311413884162903,
      -0.1461479365825653,
      0.013815539889037609,
      0.38816773891448975,
      1.6836637258529663,
      -0.21970239281654358,
      1.2891291379928589,
      0.6529253125190735,
      0.6612804532051086,
      0.7911409139633179,
      0.4887382388114929
    ],
    "best_loss": 0.6674149036407471
  }
}