{
  "name": "uncertainty_grid",
  "alpha": 2.1750000000000003,
  "theta": 0.9008571955002845,
  "calib_risk": 0.6428684210526315,
  "calib_coverage": 0.52
}