{
  "name": "uncertainty_grid",
  "alpha": 0.0,
  "theta": 0.004022762471343394,
  "calib_risk": 5.217391304347826,
  "calib_coverage": 0.7681159420289855
}