{
  "name": "monotone_policy_net",
  "context_cols": [
    "ctx_cat_hazelnut",
    "ctx_cat_bottle",
    "ctx_cat_toothbrush",
    "ctx_cat_pill",
    "ctx_cat_carpet",
    "ctx_cat_wood",
    "ctx_cat_grid",
    "ctx_cat_capsule",
    "ctx_cat_metal_nut",
    "ctx_cat_tile",
    "ctx_cat_transistor",
    "ctx_cat_leather",
    "ctx_cat_cable",
    "ctx_cat_screw",
    "ctx_cat_zipper",
    "ctx_brightness",
    "ctx_contrast",
    "ctx_blur_risk",
    "ctx_saturation"
  ],
  "state_dict": {
    "b": -0.9137520790100098,
    "w_u_raw": -0.18482422828674316,
    "w_ctx": [
      -0.8173503875732422,
      -0.25802114605903625,
      0.13090649247169495,
      0.36795419454574585,
      -3.6371564865112305,
      -4.81095027923584,
      -2.993027925491333,
      1.116714358329773,
      0.08297432214021683,
      -0.534272313117981,
      0.2632054090499878,
      -2.044116735458374,
      -0.7725668549537659,
      -0.005150520242750645,
      -1.8608524799346924,
      -0.7297196984291077,
      -0.603864848613739,
      -0.8530569672584534,
      -1.1746107339859009
    ],
    "best_loss": 4.38055944442749
  }
}