{
  "name": "uncertainty_grid",
  "alpha": 0.0,
  "theta": 0.001179691059974179,
  "calib_risk": 5.794202898550725,
  "calib_coverage": 0.8289855072463768
}