{
  "name": "uncertainty_grid",
  "alpha": 0.0,
  "theta": 0.3549172774747216,
  "calib_risk": 2.694267515923567,
  "calib_coverage": 0.4394904458598726
}