policy,wilds_split,coverage,risk,wrong_auto_rate,auto_error_rate,defer_rate,n
fixed,test,0.4630646631300975,0.7644364469164077,0.04550022200930102,0.09825889477668433,0.5369353368699026,42791
