{
  "name": "uncertainty_grid",
  "alpha": 2.5250000000000004,
  "theta": 0.6378229112830014,
  "calib_risk": 0.5639868744872847,
  "calib_coverage": 0.6499863275909216
}