{
  "name": "uncertainty_grid",
  "alpha": 0.0,
  "theta": 0.9959990024566651,
  "calib_risk": 0.6245556467049493,
  "calib_coverage": 0.4000546896363139
}