{
  "name": "uncertainty_grid",
  "alpha": 0.0,
  "theta": 0.045735115759999966,
  "calib_risk": 4.263768115942029,
  "calib_coverage": 0.6492753623188405
}