policy,category,coverage,risk,wrong_auto_rate,auto_error_rate,defer_rate,n
uncertainty_grid,breakfast_box,0.4681818181818182,2.7136363636363634,0.21818181818181817,0.46601941747572817,0.5318181818181817,220
uncertainty_grid,juice_bottle,0.32196969696969696,1.8522727272727273,0.11742424242424243,0.36470588235294116,0.678030303030303,264
uncertainty_grid,pushpins,0.5,2.717741935483871,0.2217741935483871,0.4435483870967742,0.5,248
uncertainty_grid,screw_bag,0.7216117216117216,4.454212454212454,0.4175824175824176,0.5786802030456852,0.2783882783882784,273
uncertainty_grid,splicing_connectors,0.4819277108433735,2.4859437751004014,0.19678714859437751,0.4083333333333333,0.5180722891566265,249
