policy,category,coverage,risk,wrong_auto_rate,auto_error_rate,defer_rate,n
uaat_monotone,breakfast_box,0.4681818181818182,2.7136363636363634,0.21818181818181817,0.46601941747572817,0.5318181818181817,220
uaat_monotone,juice_bottle,0.3712121212121212,2.0681818181818183,0.14393939393939395,0.3877551020408163,0.6287878787878788,264
uaat_monotone,pushpins,0.35080645161290325,2.262096774193548,0.16129032258064516,0.45977011494252873,0.6491935483870968,248
uaat_monotone,screw_bag,0.31135531135531136,2.117216117216117,0.14285714285714285,0.4588235294117647,0.6886446886446886,273
uaat_monotone,splicing_connectors,0.3534136546184739,1.9317269076305221,0.1285140562248996,0.36363636363636365,0.6465863453815262,249
