{
  "name": "uncertainty_grid",
  "alpha": 0.0,
  "theta": 0.32916624973752634,
  "calib_risk": 2.621019108280255,
  "calib_coverage": 0.44904458598726116
}