policy,category,coverage,risk,wrong_auto_rate,auto_error_rate,defer_rate,n
uncertainty_grid,breakfast_box,0.9409090909090909,5.740909090909092,0.5681818181818182,0.6038647342995169,0.05909090909090908,220
uncertainty_grid,juice_bottle,0.7272727272727273,4.704545454545454,0.4431818181818182,0.609375,0.2727272727272727,264
uncertainty_grid,pushpins,0.9798387096774194,5.383064516129032,0.5362903225806451,0.5473251028806584,0.020161290322580627,248
uncertainty_grid,screw_bag,1.0,6.410256410256411,0.6410256410256411,0.6410256410256411,0.0,273
uncertainty_grid,splicing_connectors,0.9357429718875502,5.6064257028112445,0.5542168674698795,0.592274678111588,0.06425702811244982,249
