policy,coverage,risk,wrong_auto_rate,auto_error_rate,defer_rate,n
uaat_monotone,0.7575757575757576,4.373205741626794,0.4130781499202552,0.5452631578947369,0.24242424242424243,1254
fixed,0.9154704944178629,5.570972886762361,0.5486443381180224,0.5993031358885017,0.08452950558213712,1254
uncertainty_grid,0.9154704944178629,5.570972886762361,0.5486443381180224,0.5993031358885017,0.08452950558213712,1254
