policy,category,coverage,risk,wrong_auto_rate,auto_error_rate,defer_rate,n
uaat_monotone,breakfast_box,0.4318181818181818,2.6136363636363633,0.20454545454545456,0.47368421052631576,0.5681818181818181,220
uaat_monotone,juice_bottle,0.36363636363636365,2.0757575757575757,0.14393939393939395,0.3958333333333333,0.6363636363636364,264
uaat_monotone,pushpins,0.2620967741935484,1.907258064516129,0.11693548387096774,0.4461538461538462,0.7379032258064516,248
uaat_monotone,screw_bag,0.6117216117216118,3.904761904761905,0.3516483516483517,0.5748502994011976,0.38827838827838823,273
uaat_monotone,splicing_connectors,0.5943775100401606,3.2570281124497993,0.285140562248996,0.4797297297297297,0.4056224899598394,249
