policy,category,coverage,risk,wrong_auto_rate,auto_error_rate,defer_rate,n
uncertainty_grid,breakfast_box,0.4863636363636364,2.831818181818182,0.2318181818181818,0.4766355140186916,0.5136363636363637,220
uncertainty_grid,juice_bottle,0.3333333333333333,1.840909090909091,0.11742424242424243,0.3522727272727273,0.6666666666666667,264
uncertainty_grid,pushpins,0.5282258064516129,2.8911290322580645,0.24193548387096775,0.4580152671755725,0.4717741935483871,248
uncertainty_grid,screw_bag,0.7435897435897436,4.652014652014652,0.43956043956043955,0.5911330049261084,0.2564102564102564,273
uncertainty_grid,splicing_connectors,0.4979919678714859,2.630522088353414,0.21285140562248997,0.4274193548387097,0.5020080321285141,249
