{
  "name": "uncertainty_grid",
  "alpha": 0.0,
  "theta": 0.30630550503186954,
  "calib_risk": 2.8121019108280256,
  "calib_coverage": 0.48089171974522293
}