policy,wilds_split,coverage,risk,wrong_auto_rate,auto_error_rate,defer_rate,n
uaat_monotone,test,0.43560561800378583,0.8643406323759669,0.05998925007595055,0.1377145922746781,0.5643943819962142,42791
