policy,coverage,risk,wrong_auto_rate,auto_error_rate,defer_rate,n
fixed,0.4185693253254189,0.8391951578602977,0.051552896637143325,0.1231645357601474,0.5814306746745811,42791
uncertainty_grid,0.4185693253254189,0.8391951578602977,0.051552896637143325,0.1231645357601474,0.5814306746745811,42791
uaat_monotone,0.43560561800378583,0.8643406323759669,0.05998925007595055,0.1377145922746781,0.5643943819962142,42791
