{
  "name": "uncertainty_grid",
  "alpha": 0.0,
  "theta": 0.9507216763496399,
  "calib_risk": 0.6510801203171999,
  "calib_coverage": 0.5799835931091059
}