{
  "name": "uncertainty_grid",
  "alpha": 0.0,
  "theta": 0.7760517764091491,
  "calib_risk": 0.8809473684210526,
  "calib_coverage": 0.77
}