{
  "name": "monotone_policy_net",
  "context_cols": [
    "ctx_severity",
    "ctx_corr_gaussian_noise",
    "ctx_corr_pixelate",
    "ctx_corr_frost",
    "ctx_corr_fog",
    "ctx_corr_brightness",
    "ctx_corr_glass_blur",
    "ctx_corr_gaussian_blur",
    "ctx_corr_snow",
    "ctx_corr_contrast",
    "ctx_corr_impulse_noise",
    "ctx_corr_zoom_blur",
    "ctx_corr_elastic_transform",
    "ctx_corr_saturate",
    "ctx_corr_defocus_blur",
    "ctx_corr_jpeg_compression",
    "ctx_corr_motion_blur",
    "ctx_corr_shot_noise",
    "ctx_corr_spatter",
    "ctx_corr_speckle_noise",
    "ctx_brightness",
    "ctx_contrast",
    "ctx_blur_risk",
    "ctx_saturation"
  ],
  "state_dict": {
    "b": 0.08669892698526382,
    "w_u_raw": 1.1692092418670654,
    "w_ctx": [
      2.4033451080322266,
      2.1654067039489746,
      -0.057253554463386536,
      -0.38358965516090393,
      -1.6719024181365967,
      -1.8574787378311157,
      0.8730698823928833,
      0.470147043466568,
      -1.3214141130447388,
      0.08164267987012863,
      1.0983806848526,
      -0.33146849274635315,
      -1.4067455530166626,
      -1.4160821437835693,
      -0.4453124403953552,
      -1.2456977367401123,
      -0.3208238482475281,
      1.0511951446533203,
      -1.3941622972488403,
      0.43186676502227783,
      -0.02330177091062069,
      0.07477985322475433,
      -0.21027931571006775,
      -0.9640313386917114
    ],
    "best_loss": 0.8088281750679016
  }
}