policy,category,coverage,risk,wrong_auto_rate,auto_error_rate,defer_rate,n
uaat_monotone,breakfast_box,0.7909090909090909,1.0636363636363635,0.42727272727272725,0.5402298850574713,0.2090909090909091,220
uaat_monotone,juice_bottle,0.36742424242424243,0.9128787878787878,0.14015151515151514,0.38144329896907214,0.6325757575757576,264
uaat_monotone,pushpins,0.8790322580645161,1.0241935483870968,0.45161290322580644,0.5137614678899083,0.12096774193548387,248
uaat_monotone,screw_bag,0.9157509157509157,1.2197802197802199,0.5677655677655677,0.62,0.08424908424908428,273
uaat_monotone,splicing_connectors,0.6827309236947792,1.0080321285140563,0.3453815261044177,0.5058823529411764,0.31726907630522083,249
