{
  "name": "uncertainty_grid",
  "alpha": 0.0,
  "theta": 0.19932154869728574,
  "calib_risk": 2.571014492753623,
  "calib_coverage": 0.4
}