policy,category,coverage,risk,wrong_auto_rate,auto_error_rate,defer_rate,n
uncertainty_grid,breakfast_box,0.8590909090909091,5.004545454545455,0.4863636363636364,0.5661375661375662,0.14090909090909087,220
uncertainty_grid,juice_bottle,0.6098484848484849,3.6477272727272725,0.32575757575757575,0.5341614906832298,0.39015151515151514,264
uncertainty_grid,pushpins,0.9435483870967742,5.096774193548387,0.5040322580645161,0.5341880341880342,0.056451612903225756,248
uncertainty_grid,screw_bag,0.9963369963369964,6.377289377289377,0.6373626373626373,0.6397058823529411,0.00366300366300365,273
uncertainty_grid,splicing_connectors,0.8514056224899599,4.847389558232932,0.46987951807228917,0.5518867924528302,0.14859437751004012,249
