policy,category,coverage,risk,wrong_auto_rate,auto_error_rate,defer_rate,n
uaat_monotone,breakfast_box,0.6,3.4909090909090907,0.3090909090909091,0.5151515151515151,0.4,220
uaat_monotone,juice_bottle,0.44696969696969696,2.371212121212121,0.18181818181818182,0.4067796610169492,0.553030303030303,264
uaat_monotone,pushpins,0.9556451612903226,5.165322580645161,0.5120967741935484,0.5358649789029536,0.04435483870967738,248
uaat_monotone,screw_bag,0.8241758241758241,5.267399267399267,0.5091575091575091,0.6177777777777778,0.17582417582417587,273
uaat_monotone,splicing_connectors,0.7309236947791165,4.0843373493975905,0.3815261044176707,0.521978021978022,0.26907630522088355,249
