policy,wilds_split,coverage,risk,wrong_auto_rate,auto_error_rate,defer_rate,n
fixed,test,0.32754551190670933,0.7560000934776004,0.016709121076861958,0.05101312785388128,0.6724544880932907,42791
