{
  "name": "uncertainty_grid",
  "alpha": 0.0,
  "theta": 0.9934835988283157,
  "calib_risk": 0.6555920153130982,
  "calib_coverage": 0.41003554826360405
}