{
  "name": "monotone_policy_net",
  "context_cols": [
    "ctx_severity",
    "ctx_corr_fog",
    "ctx_corr_impulse_noise",
    "ctx_corr_snow",
    "ctx_corr_elastic_transform",
    "ctx_corr_zoom_blur",
    "ctx_corr_frost",
    "ctx_corr_contrast",
    "ctx_corr_pixelate",
    "ctx_corr_defocus_blur",
    "ctx_corr_saturate",
    "ctx_corr_motion_blur",
    "ctx_corr_gaussian_blur",
    "ctx_corr_speckle_noise",
    "ctx_corr_gaussian_noise",
    "ctx_corr_jpeg_compression",
    "ctx_corr_spatter",
    "ctx_corr_brightness",
    "ctx_corr_glass_blur",
    "ctx_corr_shot_noise",
    "ctx_brightness",
    "ctx_contrast",
    "ctx_blur_risk",
    "ctx_saturation"
  ],
  "state_dict": {
    "b": 0.7262775897979736,
    "w_u_raw": 2.934270143508911,
    "w_ctx": [
      2.075684070587158,
      -0.4993402659893036,
      1.2405550479888916,
      -0.28035688400268555,
      -0.8064955472946167,
      0.004118230193853378,
      0.22759078443050385,
      0.140485480427742,
      0.4049093425273895,
      -0.27060145139694214,
      -0.8924823999404907,
      0.13800176978111267,
      0.5147569179534912,
      1.0096385478973389,
      2.8911328315734863,
      -0.42480209469795227,
      -0.5066663026809692,
      -1.1932626962661743,
      2.6847805976867676,
      1.332137107849121,
      0.3527807593345642,
      0.42746680974960327,
      0.6054645776748657,
      -0.07712393999099731
    ],
    "best_loss": 0.897212028503418
  }
}