{
  "name": "monotone_policy_net",
  "context_cols": [
    "ctx_severity",
    "ctx_corr_motion_blur",
    "ctx_corr_shot_noise",
    "ctx_corr_elastic_transform",
    "ctx_corr_contrast",
    "ctx_corr_zoom_blur",
    "ctx_corr_saturate",
    "ctx_corr_glass_blur",
    "ctx_corr_impulse_noise",
    "ctx_corr_brightness",
    "ctx_corr_frost",
    "ctx_corr_gaussian_blur",
    "ctx_corr_speckle_noise",
    "ctx_corr_snow",
    "ctx_corr_fog",
    "ctx_corr_pixelate",
    "ctx_corr_spatter",
    "ctx_corr_jpeg_compression",
    "ctx_corr_gaussian_noise",
    "ctx_corr_defocus_blur",
    "ctx_brightness",
    "ctx_contrast",
    "ctx_blur_risk",
    "ctx_saturation"
  ],
  "state_dict": {
    "b": -0.9891404509544373,
    "w_u_raw": -1.4378224611282349,
    "w_ctx": [
      4.164427280426025,
      -0.9635842442512512,
      0.9061712622642517,
      -2.1528708934783936,
      -0.09343299269676208,
      -1.2856117486953735,
      -1.7200652360916138,
      -0.2756311893463135,
      0.835089385509491,
      -1.9716755151748657,
      -0.9682910442352295,
      0.7182286381721497,
      0.08372276276350021,
      -2.133202314376831,
      -1.5905729532241821,
      -0.48763197660446167,
      -2.2727510929107666,
      -2.0889711380004883,
      1.7052931785583496,
      -1.0527421236038208,
      -0.1971733272075653,
      -0.2599920332431793,
      -1.8906830549240112,
      -1.9529955387115479
    ],
    "best_loss": 1.1489466428756714
  }
}