{
  "name": "uncertainty_grid",
  "alpha": 0.0,
  "theta": 0.49454423338174813,
  "calib_risk": 1.2460526315789475,
  "calib_coverage": 0.95
}