policy,corruption,coverage,risk,wrong_auto_rate,auto_error_rate,defer_rate,n
uaat_monotone,brightness,0.967925,0.33757499999999996,0.0611,0.06312472557274582,0.032074999999999965,40000
uaat_monotone,contrast,0.786625,0.766375,0.1106,0.14060066740823138,0.21337499999999998,40000
uaat_monotone,gaussian_noise,0.48485,1.44515,0.186,0.38362380117562134,0.51515,40000
uaat_monotone,jpeg_compression,0.91535,0.8376500000000001,0.1506,0.16452723002130332,0.08465,40000
uaat_monotone,motion_blur,0.84525,0.934625,0.155975,0.18453120378586216,0.15475000000000005,40000
