{
  "name": "monotone_policy_net",
  "context_cols": [
    "ctx_cat_grid",
    "ctx_cat_metal_nut",
    "ctx_cat_hazelnut",
    "ctx_cat_pill",
    "ctx_cat_screw",
    "ctx_cat_toothbrush",
    "ctx_cat_capsule",
    "ctx_cat_wood",
    "ctx_cat_transistor",
    "ctx_cat_cable",
    "ctx_cat_tile",
    "ctx_cat_bottle",
    "ctx_cat_zipper",
    "ctx_cat_leather",
    "ctx_cat_carpet",
    "ctx_brightness",
    "ctx_contrast",
    "ctx_blur_risk",
    "ctx_saturation"
  ],
  "state_dict": {
    "b": -1.2059394121170044,
    "w_u_raw": 3.4161415100097656,
    "w_ctx": [
      0.4551277756690979,
      -0.5346891283988953,
      -0.8848826885223389,
      0.3757427930831909,
      -1.037388801574707,
      1.0976544618606567,
      -1.0546398162841797,
      -1.609482765197754,
      -1.3644596338272095,
      -0.7726467847824097,
      -2.3562381267547607,
      -2.598701000213623,
      0.38833314180374146,
      -2.7222132682800293,
      -1.3078011274337769,
      0.7481675148010254,
      -0.391586571931839,
      -1.4055533409118652,
      -3.241157054901123
    ],
    "best_loss": 2.0573036670684814
  }
}