{
  "name": "uncertainty_grid",
  "alpha": 0.0,
  "theta": 0.18059274592426314,
  "calib_risk": 2.7333333333333334,
  "calib_coverage": 0.4405797101449275
}