{
  "name": "uncertainty_grid",
  "alpha": 0.45,
  "theta": 0.6393490912318228,
  "calib_risk": 0.8649736842105263,
  "calib_coverage": 0.76
}