{
  "name": "monotone_policy_net",
  "context_cols": [
    "ctx_severity",
    "ctx_corr_gaussian_noise",
    "ctx_corr_pixelate",
    "ctx_corr_frost",
    "ctx_corr_fog",
    "ctx_corr_brightness",
    "ctx_corr_glass_blur",
    "ctx_corr_gaussian_blur",
    "ctx_corr_snow",
    "ctx_corr_contrast",
    "ctx_corr_impulse_noise",
    "ctx_corr_zoom_blur",
    "ctx_corr_elastic_transform",
    "ctx_corr_saturate",
    "ctx_corr_defocus_blur",
    "ctx_corr_jpeg_compression",
    "ctx_corr_motion_blur",
    "ctx_corr_shot_noise",
    "ctx_corr_spatter",
    "ctx_corr_speckle_noise",
    "ctx_brightness",
    "ctx_contrast",
    "ctx_blur_risk",
    "ctx_saturation"
  ],
  "state_dict": {
    "b": 0.1170923262834549,
    "w_u_raw": 1.1988394260406494,
    "w_ctx": [
      2.3781797885894775,
      2.1664602756500244,
      0.09434047341346741,
      -0.297212153673172,
      -1.6951830387115479,
      -1.9176764488220215,
      1.111541986465454,
      0.46104541420936584,
      -1.3532432317733765,
      0.07632178068161011,
      1.1024388074874878,
      -0.35603487491607666,
      -1.3713269233703613,
      -1.4596508741378784,
      -0.4876742362976074,
      -1.2137612104415894,
      -0.3568331003189087,
      1.0682730674743652,
      -1.4079160690307617,
      0.4290883541107178,
      -0.0023676652926951647,
      0.10783523321151733,
      -0.16361276805400848,
      -0.8782757520675659
    ],
    "best_loss": 0.7948055267333984
  }
}