{
  "name": "monotone_policy_net",
  "context_cols": [
    "ctx_cat_leather",
    "ctx_cat_hazelnut",
    "ctx_cat_bottle",
    "ctx_cat_carpet",
    "ctx_cat_metal_nut",
    "ctx_cat_grid",
    "ctx_cat_transistor",
    "ctx_cat_capsule",
    "ctx_cat_cable",
    "ctx_cat_toothbrush",
    "ctx_cat_screw",
    "ctx_cat_wood",
    "ctx_cat_zipper",
    "ctx_cat_tile",
    "ctx_cat_pill",
    "ctx_brightness",
    "ctx_contrast",
    "ctx_blur_risk",
    "ctx_saturation"
  ],
  "state_dict": {
    "b": -0.9129924774169922,
    "w_u_raw": -0.472179651260376,
    "w_ctx": [
      -4.372137546539307,
      0.45795777440071106,
      -0.2660181522369385,
      -5.465345859527588,
      0.014029488898813725,
      -0.8520901799201965,
      -1.2070928812026978,
      -2.2146260738372803,
      -1.8656724691390991,
      -0.12490107864141464,
      0.232807919383049,
      -3.1436119079589844,
      0.26001736521720886,
      -2.3262319564819336,
      1.2243965864181519,
      -0.9858224987983704,
      -0.5626494884490967,
      -0.8736504316329956,
      -2.3223252296447754
    ],
    "best_loss": 5.162378787994385
  }
}