policy,wilds_split,coverage,risk,wrong_auto_rate,auto_error_rate,defer_rate,n
uaat_monotone,test,0.4405833002266832,0.813558925942371,0.050828445233810846,0.11536625470747361,0.5594166997733168,42791
