{
  "name": "uncertainty_grid",
  "alpha": 0.0,
  "theta": 0.8782538866996764,
  "calib_risk": 0.6326223680612524,
  "calib_coverage": 0.6599671862182116
}