policy,category,coverage,risk,wrong_auto_rate,auto_error_rate,defer_rate,n
uncertainty_grid,breakfast_box,0.6545454545454545,3.709090909090909,0.33636363636363636,0.5138888888888888,0.34545454545454546,220
uncertainty_grid,juice_bottle,0.4090909090909091,2.1818181818181817,0.1590909090909091,0.3888888888888889,0.5909090909090908,264
uncertainty_grid,pushpins,0.6895161290322581,3.778225806451613,0.3467741935483871,0.5029239766081871,0.3104838709677419,248
uncertainty_grid,screw_bag,0.9157509157509157,5.761904761904761,0.5677655677655677,0.62,0.08424908424908428,273
uncertainty_grid,splicing_connectors,0.6626506024096386,3.5903614457831328,0.3253012048192771,0.4909090909090909,0.3373493975903614,249
