{
  "name": "uncertainty_grid",
  "alpha": 0.0,
  "theta": 0.1767706191520111,
  "calib_risk": 3.6719745222929934,
  "calib_coverage": 0.6401273885350318
}