policy,wilds_split,coverage,risk,wrong_auto_rate,auto_error_rate,defer_rate,n
uncertainty_grid,test,0.6963613844032623,1.5125376831576733,0.24177981351218714,0.34720451036982347,0.30363861559673766,42791
