{
  "name": "monotone_policy_net",
  "context_cols": [
    "ctx_meta_location",
    "ctx_meta_sequence",
    "ctx_meta_year",
    "ctx_meta_month",
    "ctx_meta_day",
    "ctx_meta_hour"
  ],
  "state_dict": {
    "b": -0.1026645302772522,
    "w_u_raw": 0.9196606874465942,
    "w_ctx": [
      -0.06270679086446762,
      0.2747698426246643,
      -0.100460484623909,
      2.7891347408294678,
      -0.6480370759963989,
      -1.2013999223709106
    ],
    "best_loss": 0.7747970223426819
  }
}