{
  "name": "uncertainty_grid",
  "alpha": 0.025,
  "theta": 0.6087550705298781,
  "calib_risk": 0.8326497128794095,
  "calib_coverage": 0.8099535138091332
}