policy,category,coverage,risk,wrong_auto_rate,auto_error_rate,defer_rate,n
uncertainty_grid,breakfast_box,0.9045454545454545,1.1590909090909092,0.5318181818181819,0.5879396984924623,0.09545454545454546,220
uncertainty_grid,juice_bottle,0.6818181818181818,1.1136363636363638,0.3977272727272727,0.5833333333333334,0.31818181818181823,264
uncertainty_grid,pushpins,0.9758064516129032,1.0887096774193548,0.532258064516129,0.5454545454545454,0.024193548387096753,248
uncertainty_grid,screw_bag,1.0,1.2820512820512822,0.6410256410256411,0.6410256410256411,0.0,273
uncertainty_grid,splicing_connectors,0.8995983935742972,1.1365461847389557,0.5180722891566265,0.5758928571428571,0.10040160642570284,249
