policy,category,coverage,risk,wrong_auto_rate,auto_error_rate,defer_rate,n
uaat_monotone,breakfast_box,0.7227272727272728,2.1863636363636365,0.38181818181818183,0.5283018867924528,0.2772727272727272,220
uaat_monotone,juice_bottle,0.4053030303030303,1.3143939393939394,0.14393939393939395,0.35514018691588783,0.5946969696969697,264
uaat_monotone,pushpins,0.9475806451612904,2.57258064516129,0.5040322580645161,0.5319148936170213,0.05241935483870963,248
uaat_monotone,screw_bag,0.6227106227106227,2.227106227106227,0.36996336996337,0.5941176470588235,0.3772893772893773,273
uaat_monotone,splicing_connectors,0.5943775100401606,1.8313253012048194,0.285140562248996,0.4797297297297297,0.4056224899598394,249
