policy,wilds_split,coverage,risk,wrong_auto_rate,auto_error_rate,defer_rate,n
uaat_monotone,test,0.383748919165245,0.7673342525297375,0.030216634338996518,0.07874063698922112,0.616251080834755,42791
