{
  "name": "uncertainty_grid",
  "alpha": 0.0,
  "theta": 0.9835993969440461,
  "calib_risk": 0.5954334153677878,
  "calib_coverage": 0.45993984140005467
}