policy,wilds_split,coverage,risk,wrong_auto_rate,auto_error_rate,defer_rate,n
uaat_monotone,test,0.7673809913299525,1.7487088406440607,0.30321796639480264,0.3951335383865761,0.23261900867004748,42791
