policy,wilds_split,coverage,risk,wrong_auto_rate,auto_error_rate,defer_rate,n
fixed,test,0.8909116402981936,2.101680259867729,0.39851838003318457,0.4473152689977179,0.10908835970180641,42791
