policy,wilds_split,coverage,risk,wrong_auto_rate,auto_error_rate,defer_rate,n
uncertainty_grid,test,0.8808394288518614,2.07774999415765,0.39171788460190227,0.4447097527326754,0.1191605711481386,42791
