{
  "name": "uncertainty_grid",
  "alpha": 2.825,
  "theta": -0.9561819314807652,
  "calib_risk": 1.09064807219032,
  "calib_coverage": 0.9299972655181843
}