{
  "name": "monotone_policy_net",
  "context_cols": [
    "ctx_cat_grid",
    "ctx_cat_metal_nut",
    "ctx_cat_hazelnut",
    "ctx_cat_pill",
    "ctx_cat_screw",
    "ctx_cat_toothbrush",
    "ctx_cat_capsule",
    "ctx_cat_wood",
    "ctx_cat_transistor",
    "ctx_cat_cable",
    "ctx_cat_tile",
    "ctx_cat_bottle",
    "ctx_cat_zipper",
    "ctx_cat_leather",
    "ctx_cat_carpet",
    "ctx_brightness",
    "ctx_contrast",
    "ctx_blur_risk",
    "ctx_saturation"
  ],
  "state_dict": {
    "b": -0.7896831631660461,
    "w_u_raw": 0.8604629635810852,
    "w_ctx": [
      -1.456194519996643,
      0.07191880792379379,
      -0.2685425877571106,
      -0.4431905150413513,
      -0.8641117215156555,
      1.1698182821273804,
      0.08282870799303055,
      -0.7137380242347717,
      -0.6403577923774719,
      -1.363033652305603,
      -1.2660845518112183,
      -1.2815512418746948,
      -0.650076150894165,
      -1.971150517463684,
      -0.7904917597770691,
      -0.3709680736064911,
      -0.32536202669143677,
      -0.7536843419075012,
      -1.765913486480713
    ],
    "best_loss": 3.3088672161102295
  }
}