{
  "name": "uncertainty_grid",
  "alpha": 0.0,
  "theta": 0.03750217925680313,
  "calib_risk": 4.168115942028986,
  "calib_coverage": 0.6289855072463768
}