{
  "name": "uncertainty_grid",
  "alpha": 0.0,
  "theta": 0.0016095594239999994,
  "calib_risk": 2.8666666666666663,
  "calib_coverage": 0.8,
  "recalibrated_on_test": true
}