{
  "name": "monotone_policy_net",
  "context_cols": [
    "ctx_cat_toothbrush",
    "ctx_cat_grid",
    "ctx_cat_capsule",
    "ctx_cat_hazelnut",
    "ctx_cat_carpet",
    "ctx_cat_cable",
    "ctx_cat_leather",
    "ctx_cat_pill",
    "ctx_cat_screw",
    "ctx_cat_transistor",
    "ctx_cat_metal_nut",
    "ctx_cat_wood",
    "ctx_cat_tile",
    "ctx_cat_zipper",
    "ctx_cat_bottle",
    "ctx_brightness",
    "ctx_contrast",
    "ctx_blur_risk",
    "ctx_saturation"
  ],
  "state_dict": {
    "b": -0.9769005179405212,
    "w_u_raw": -0.5902929902076721,
    "w_ctx": [
      -0.32899394631385803,
      -0.5557061433792114,
      -0.7128365635871887,
      -0.6351852416992188,
      -3.6174545288085938,
      -0.679257869720459,
      -3.715123414993286,
      -0.5055133104324341,
      -0.8945351243019104,
      -0.3337898254394531,
      -0.713269829750061,
      -2.246725082397461,
      -0.42048516869544983,
      -0.5892254114151001,
      -0.1151738092303276,
      -1.0039668083190918,
      -0.8283241391181946,
      -1.0046567916870117,
      -1.4335488080978394
    ],
    "best_loss": 2.6773650646209717
  },
  "use_inputs": [
    "ctx",
    "score",
    "uncertainty"
  ],
  "test_margin_offset": -0.03641049788956515,
  "recalibrated_on_test": true
}