policy,coverage,risk,wrong_auto_rate,auto_error_rate,defer_rate,n
uaat_monotone,0.34492753623188405,2.1695652173913045,0.15144927536231884,0.43907563025210083,0.655072463768116,1380
fixed,0.48840579710144927,3.098550724637681,0.25869565217391305,0.5296735905044511,0.5115942028985507,1380
uncertainty_grid,0.48840579710144927,3.098550724637681,0.25869565217391305,0.5296735905044511,0.5115942028985507,1380
