{
  "name": "uncertainty_grid",
  "alpha": 0.0,
  "theta": 0.15855014458281513,
  "calib_risk": 2.982608695652174,
  "calib_coverage": 0.4811594202898551
}