policy,category,coverage,risk,wrong_auto_rate,auto_error_rate,defer_rate,n
uaat_monotone,breakfast_box,0.5863636363636363,3.4136363636363636,0.3,0.5116279069767442,0.4136363636363637,220
uaat_monotone,juice_bottle,0.4090909090909091,2.106060606060606,0.15151515151515152,0.37037037037037035,0.5909090909090908,264
uaat_monotone,pushpins,0.9435483870967742,5.096774193548387,0.5040322580645161,0.5341880341880342,0.056451612903225756,248
uaat_monotone,screw_bag,0.7838827838827839,5.014652014652015,0.47985347985347987,0.6121495327102804,0.21611721611721613,273
uaat_monotone,splicing_connectors,0.6706827309236948,3.6224899598393576,0.3293172690763052,0.49101796407185627,0.3293172690763052,249
