policy,coverage,risk,wrong_auto_rate,auto_error_rate,defer_rate,n
uaat_monotone,0.6043478260869565,3.8521739130434782,0.3456521739130435,0.5719424460431655,0.3956521739130435,1380
fixed,0.8775362318840579,6.187681159420291,0.6065217391304348,0.6911643270024773,0.12246376811594206,1380
uncertainty_grid,0.8775362318840579,6.187681159420291,0.6065217391304348,0.6911643270024773,0.12246376811594206,1380
