{
  "name": "monotone_policy_net",
  "context_cols": [
    "ctx_cat_leather",
    "ctx_cat_hazelnut",
    "ctx_cat_bottle",
    "ctx_cat_carpet",
    "ctx_cat_metal_nut",
    "ctx_cat_grid",
    "ctx_cat_transistor",
    "ctx_cat_capsule",
    "ctx_cat_cable",
    "ctx_cat_toothbrush",
    "ctx_cat_screw",
    "ctx_cat_wood",
    "ctx_cat_zipper",
    "ctx_cat_tile",
    "ctx_cat_pill",
    "ctx_brightness",
    "ctx_contrast",
    "ctx_blur_risk",
    "ctx_saturation"
  ],
  "state_dict": {
    "b": -0.8990197777748108,
    "w_u_raw": -0.4492368996143341,
    "w_ctx": [
      -4.438668251037598,
      0.43047717213630676,
      -0.3157075047492981,
      -5.5383734703063965,
      0.016971761360764503,
      -0.8784601092338562,
      -1.236552357673645,
      -1.615821123123169,
      -1.8922810554504395,
      -0.15641047060489655,
      0.18536503612995148,
      -3.209099292755127,
      0.21846988797187805,
      -2.30206298828125,
      1.1812827587127686,
      -0.9376835227012634,
      -0.5340233445167542,
      -0.8580020666122437,
      -2.330231189727783
    ],
    "best_loss": 5.080018043518066
  }
}