policy,coverage,risk,wrong_auto_rate,auto_error_rate,defer_rate,n
uaat_monotone,0.6989539473684211,0.731953947368421,0.08618157894736841,0.12330079724400185,0.3010460526315789,760000
fixed,0.7219815789473685,0.8078078947368421,0.10595789473684211,0.14675983131221457,0.2780184210526315,760000
uncertainty_grid,0.7220723684210526,0.8079868421052632,0.10601184210526315,0.14681609038312604,0.2779276315789474,760000
