{
  "name": "uncertainty_grid",
  "alpha": 0.17500000000000002,
  "theta": 0.7996580242216588,
  "calib_risk": 0.8052368421052631,
  "calib_coverage": 0.72
}