{
  "name": "monotone_policy_net",
  "context_cols": [
    "ctx_severity",
    "ctx_corr_gaussian_noise",
    "ctx_corr_pixelate",
    "ctx_corr_frost",
    "ctx_corr_fog",
    "ctx_corr_brightness",
    "ctx_corr_glass_blur",
    "ctx_corr_gaussian_blur",
    "ctx_corr_snow",
    "ctx_corr_contrast",
    "ctx_corr_impulse_noise",
    "ctx_corr_zoom_blur",
    "ctx_corr_elastic_transform",
    "ctx_corr_saturate",
    "ctx_corr_defocus_blur",
    "ctx_corr_jpeg_compression",
    "ctx_corr_motion_blur",
    "ctx_corr_shot_noise",
    "ctx_corr_spatter",
    "ctx_corr_speckle_noise",
    "ctx_brightness",
    "ctx_contrast",
    "ctx_blur_risk",
    "ctx_saturation"
  ],
  "state_dict": {
    "b": 0.23580452799797058,
    "w_u_raw": 1.450796365737915,
    "w_ctx": [
      2.2145586013793945,
      2.102414846420288,
      0.21873995661735535,
      -0.3103382885456085,
      -1.3167786598205566,
      -1.5284851789474487,
      1.2158124446868896,
      0.4323110580444336,
      -0.5445518493652344,
      0.14913496375083923,
      1.0849981307983398,
      -0.3335830271244049,
      -1.3275096416473389,
      -1.6270973682403564,
      -0.5975062847137451,
      -0.9405999183654785,
      -0.13410978019237518,
      1.118017315864563,
      -0.9444976449012756,
      0.6073011755943298,
      0.14432869851589203,
      0.13004714250564575,
      -0.017795925959944725,
      -0.456699013710022
    ],
    "best_loss": 0.7453648447990417
  }
}