{
  "name": "uncertainty_grid",
  "alpha": 0.875,
  "theta": 0.5301628457382321,
  "calib_risk": 0.8487368421052631,
  "calib_coverage": 0.75
}