{
  "name": "monotone_policy_net",
  "context_cols": [
    "ctx_severity",
    "ctx_corr_gaussian_noise",
    "ctx_corr_pixelate",
    "ctx_corr_frost",
    "ctx_corr_fog",
    "ctx_corr_brightness",
    "ctx_corr_glass_blur",
    "ctx_corr_gaussian_blur",
    "ctx_corr_snow",
    "ctx_corr_contrast",
    "ctx_corr_impulse_noise",
    "ctx_corr_zoom_blur",
    "ctx_corr_elastic_transform",
    "ctx_corr_saturate",
    "ctx_corr_defocus_blur",
    "ctx_corr_jpeg_compression",
    "ctx_corr_motion_blur",
    "ctx_corr_shot_noise",
    "ctx_corr_spatter",
    "ctx_corr_speckle_noise",
    "ctx_brightness",
    "ctx_contrast",
    "ctx_blur_risk",
    "ctx_saturation"
  ],
  "state_dict": {
    "b": 0.14191687107086182,
    "w_u_raw": 1.2517802715301514,
    "w_ctx": [
      2.3361265659332275,
      2.15386962890625,
      0.1332632452249527,
      -0.27189821004867554,
      -1.7361170053482056,
      -1.9920469522476196,
      1.1908583641052246,
      0.44656074047088623,
      -1.4016867876052856,
      0.10907696932554245,
      1.0969657897949219,
      -0.3537205755710602,
      -1.3255044221878052,
      -1.521497130393982,
      -0.533764123916626,
      -1.1948678493499756,
      -0.3907800316810608,
      1.0926284790039062,
      -0.8879556059837341,
      0.42919665575027466,
      0.06765490025281906,
      0.1686045378446579,
      -0.1412646323442459,
      -0.8159720301628113
    ],
    "best_loss": 0.7815057039260864
  }
}