policy,wilds_split,coverage,risk,wrong_auto_rate,auto_error_rate,defer_rate,n
fixed,test,0.4176812881213339,0.7870346568203594,0.040943188988338666,0.0980249538409892,0.5823187118786661,42791
