policy,wilds_split,coverage,risk,wrong_auto_rate,auto_error_rate,defer_rate,n
uaat_monotone,test,0.4118389380944591,0.784347175807997,0.03923722278049122,0.09527322249333257,0.5881610619055408,42791
