policy,coverage,risk,wrong_auto_rate,auto_error_rate,defer_rate,n
uaat_monotone,0.4118389380944591,0.784347175807997,0.03923722278049122,0.09527322249333257,0.5881610619055408,42791
fixed,0.4176812881213339,0.7870346568203594,0.040943188988338666,0.0980249538409892,0.5823187118786661,42791
uncertainty_grid,0.4176812881213339,0.7870346568203594,0.040943188988338666,0.0980249538409892,0.5823187118786661,42791
