{
  "name": "uncertainty_grid",
  "alpha": 0.0,
  "theta": 0.9206051385402679,
  "calib_risk": 0.6130708230790265,
  "calib_coverage": 0.6200437517090511
}