policy,category,coverage,risk,wrong_auto_rate,auto_error_rate,defer_rate,n
uncertainty_grid,breakfast_box,0.35454545454545455,2.0545454545454547,0.1409090909090909,0.3974358974358974,0.6454545454545455,220
uncertainty_grid,juice_bottle,0.25,1.393939393939394,0.06439393939393939,0.25757575757575757,0.75,264
uncertainty_grid,pushpins,0.4435483870967742,2.693548387096774,0.21370967741935484,0.4818181818181818,0.5564516129032258,248
uncertainty_grid,screw_bag,0.6263736263736264,3.926739926739927,0.3553113553113553,0.5672514619883041,0.37362637362637363,273
uncertainty_grid,splicing_connectors,0.4497991967871486,2.5582329317269075,0.20080321285140562,0.44642857142857145,0.5502008032128514,249
