{
  "name": "uncertainty_grid",
  "alpha": 0.0,
  "theta": 0.38370120972041794,
  "calib_risk": 2.7388535031847137,
  "calib_coverage": 0.4585987261146497
}