policy,wilds_split,coverage,risk,wrong_auto_rate,auto_error_rate,defer_rate,n
fixed,test,0.5780654810591012,1.189151924470099,0.15344348110584002,0.2654430789133247,0.42193451894089884,42791
