{
  "name": "uncertainty_grid",
  "alpha": 0.0,
  "theta": 0.7671781831979753,
  "calib_risk": 0.6972928630024611,
  "calib_coverage": 0.7299699207000273
}