{
  "name": "uncertainty_grid",
  "alpha": 0.0,
  "theta": 0.08967200805150895,
  "calib_risk": 4.178343949044586,
  "calib_coverage": 0.7388535031847133
}