{
  "name": "uncertainty_grid",
  "alpha": 0.0,
  "theta": 0.7763272452354432,
  "calib_risk": 0.6925075198249931,
  "calib_coverage": 0.7299699207000273
}