policy,category,coverage,risk,wrong_auto_rate,auto_error_rate,defer_rate,n
uaat_monotone,breakfast_box,0.4909090909090909,2.827272727272727,0.2318181818181818,0.4722222222222222,0.509090909090909,220
uaat_monotone,juice_bottle,0.4053030303030303,2.034090909090909,0.14393939393939395,0.35514018691588783,0.5946969696969697,264
uaat_monotone,pushpins,0.532258064516129,3.008064516129032,0.2540322580645161,0.4772727272727273,0.467741935483871,248
uaat_monotone,screw_bag,0.6263736263736264,4.073260073260073,0.36996336996337,0.5906432748538012,0.37362637362637363,273
uaat_monotone,splicing_connectors,0.6546184738955824,3.5983935742971886,0.3253012048192771,0.49693251533742333,0.34538152610441764,249
