policy,category,coverage,risk,wrong_auto_rate,auto_error_rate,defer_rate,n
uncertainty_grid,breakfast_box,0.6727272727272727,3.8727272727272726,0.35454545454545455,0.527027027027027,0.32727272727272727,220
uncertainty_grid,juice_bottle,0.4053030303030303,2.034090909090909,0.14393939393939395,0.35514018691588783,0.5946969696969697,264
uncertainty_grid,pushpins,0.717741935483871,3.911290322580645,0.3629032258064516,0.5056179775280899,0.282258064516129,248
uncertainty_grid,screw_bag,0.9230769230769231,5.827838827838827,0.575091575091575,0.623015873015873,0.07692307692307687,273
uncertainty_grid,splicing_connectors,0.6746987951807228,3.738955823293173,0.3413654618473896,0.5059523809523809,0.32530120481927716,249
