{
  "name": "uncertainty_grid",
  "alpha": 0.0,
  "theta": 0.16469532386998004,
  "calib_risk": 3.8662420382165603,
  "calib_coverage": 0.6687898089171974
}