policy,category,coverage,risk,wrong_auto_rate,auto_error_rate,defer_rate,n
uncertainty_grid,breakfast_box,0.9636363636363636,5.945454545454545,0.5909090909090909,0.6132075471698113,0.036363636363636376,220
uncertainty_grid,juice_bottle,0.7803030303030303,5.181818181818182,0.4962121212121212,0.6359223300970874,0.21969696969696972,264
uncertainty_grid,pushpins,0.9798387096774194,5.383064516129032,0.5362903225806451,0.5473251028806584,0.020161290322580627,248
uncertainty_grid,screw_bag,1.0,6.410256410256411,0.6410256410256411,0.6410256410256411,0.0,273
uncertainty_grid,splicing_connectors,0.9718875502008032,5.931726907630523,0.5903614457831325,0.6074380165289256,0.028112449799196804,249
