policy,category,coverage,risk,wrong_auto_rate,auto_error_rate,defer_rate,n
uaat_monotone,breakfast_box,0.7363636363636363,4.172727272727273,0.39090909090909093,0.5308641975308642,0.26363636363636367,220
uaat_monotone,juice_bottle,0.4734848484848485,2.571969696969697,0.20454545454545456,0.432,0.5265151515151515,264
uaat_monotone,pushpins,0.967741935483871,5.274193548387097,0.5241935483870968,0.5416666666666666,0.032258064516129004,248
uaat_monotone,screw_bag,0.9816849816849816,6.245421245421245,0.6227106227106227,0.6343283582089553,0.01831501831501836,273
uaat_monotone,splicing_connectors,0.7550200803212851,4.1807228915662655,0.39357429718875503,0.5212765957446809,0.2449799196787149,249
