{
  "name": "monotone_policy_net",
  "context_cols": [
    "ctx_cat_splicing_connectors",
    "ctx_cat_pushpins",
    "ctx_cat_juice_bottle",
    "ctx_cat_breakfast_box",
    "ctx_cat_screw_bag",
    "ctx_brightness",
    "ctx_contrast",
    "ctx_blur_risk",
    "ctx_saturation"
  ],
  "state_dict": {
    "b": -0.9748697876930237,
    "w_u_raw": -0.4772835075855255,
    "w_ctx": [
      -0.7490339875221252,
      -2.8410727977752686,
      -0.5747588872909546,
      0.07888341695070267,
      -0.7464049458503723,
      -0.5235989093780518,
      -0.5762436389923096,
      -0.9834232926368713,
      -0.5626897811889648
    ],
    "best_loss": 5.043869972229004
  }
}