{
  "name": "uncertainty_grid",
  "alpha": 0.0,
  "theta": 0.000264363443267531,
  "calib_risk": 5.8789808917197455,
  "calib_coverage": 0.9490445859872612
}