{
  "name": "uncertainty_grid",
  "alpha": 1.9500000000000002,
  "theta": 0.7748935169726612,
  "calib_risk": 1.5144210526315791,
  "calib_coverage": 0.6
}