{
  "name": "monotone_policy_net",
  "context_cols": [
    "ctx_severity",
    "ctx_corr_gaussian_noise",
    "ctx_corr_pixelate",
    "ctx_corr_frost",
    "ctx_corr_fog",
    "ctx_corr_brightness",
    "ctx_corr_glass_blur",
    "ctx_corr_gaussian_blur",
    "ctx_corr_snow",
    "ctx_corr_contrast",
    "ctx_corr_impulse_noise",
    "ctx_corr_zoom_blur",
    "ctx_corr_elastic_transform",
    "ctx_corr_saturate",
    "ctx_corr_defocus_blur",
    "ctx_corr_jpeg_compression",
    "ctx_corr_motion_blur",
    "ctx_corr_shot_noise",
    "ctx_corr_spatter",
    "ctx_corr_speckle_noise",
    "ctx_brightness",
    "ctx_contrast",
    "ctx_blur_risk",
    "ctx_saturation"
  ],
  "state_dict": {
    "b": 0.8295402526855469,
    "w_u_raw": 3.5481598377227783,
    "w_ctx": [
      2.208094835281372,
      3.2130126953125,
      0.36380356550216675,
      0.3148871958255768,
      -0.6232022643089294,
      -1.3780465126037598,
      3.241655111312866,
      0.39923444390296936,
      -0.24699857831001282,
      0.09228364378213882,
      1.1638562679290771,
      0.0630267783999443,
      -0.6848697066307068,
      -1.0059151649475098,
      -0.4372968077659607,
      -0.281437486410141,
      0.14102090895175934,
      1.4046260118484497,
      -0.5811313390731812,
      1.1354615688323975,
      0.4100410044193268,
      0.3220962882041931,
      0.8335476517677307,
      -0.10772516578435898
    ],
    "best_loss": 1.324663519859314
  }
}