{
  "name": "uncertainty_grid",
  "alpha": 0.0,
  "theta": 0.49701295495033265,
  "calib_risk": 1.2450526315789474,
  "calib_coverage": 0.95
}