{
  "name": "monotone_policy_net",
  "context_cols": [
    "ctx_severity",
    "ctx_corr_fog",
    "ctx_corr_impulse_noise",
    "ctx_corr_snow",
    "ctx_corr_elastic_transform",
    "ctx_corr_zoom_blur",
    "ctx_corr_frost",
    "ctx_corr_contrast",
    "ctx_corr_pixelate",
    "ctx_corr_defocus_blur",
    "ctx_corr_saturate",
    "ctx_corr_motion_blur",
    "ctx_corr_gaussian_blur",
    "ctx_corr_speckle_noise",
    "ctx_corr_gaussian_noise",
    "ctx_corr_jpeg_compression",
    "ctx_corr_spatter",
    "ctx_corr_brightness",
    "ctx_corr_glass_blur",
    "ctx_corr_shot_noise",
    "ctx_brightness",
    "ctx_contrast",
    "ctx_blur_risk",
    "ctx_saturation"
  ],
  "state_dict": {
    "b": -0.788922131061554,
    "w_u_raw": -1.0870389938354492,
    "w_ctx": [
      3.5093464851379395,
      -1.9200365543365479,
      0.8256419897079468,
      -2.6084020137786865,
      -1.9518928527832031,
      -0.7360314130783081,
      -1.0542579889297485,
      0.09055923670530319,
      -0.3550354242324829,
      -1.0947705507278442,
      -1.1427642107009888,
      -1.177190899848938,
      0.793877899646759,
      0.2984943389892578,
      1.9135626554489136,
      -2.000063180923462,
      -2.1946089267730713,
      -1.5082237720489502,
      0.6198221445083618,
      0.5099486708641052,
      0.30124014616012573,
      -0.24688616394996643,
      -1.9058959484100342,
      -2.6603915691375732
    ],
    "best_loss": 1.1487480401992798
  }
}