{
  "name": "uncertainty_grid",
  "alpha": 0.0,
  "theta": 0.023664598321161946,
  "calib_risk": 4.56231884057971,
  "calib_coverage": 0.6695652173913044
}