{
  "name": "monotone_policy_net",
  "context_cols": [
    "ctx_cat_leather",
    "ctx_cat_hazelnut",
    "ctx_cat_bottle",
    "ctx_cat_carpet",
    "ctx_cat_metal_nut",
    "ctx_cat_grid",
    "ctx_cat_transistor",
    "ctx_cat_capsule",
    "ctx_cat_cable",
    "ctx_cat_toothbrush",
    "ctx_cat_screw",
    "ctx_cat_wood",
    "ctx_cat_zipper",
    "ctx_cat_tile",
    "ctx_cat_pill",
    "ctx_brightness",
    "ctx_contrast",
    "ctx_blur_risk",
    "ctx_saturation"
  ],
  "state_dict": {
    "b": -0.6817513704299927,
    "w_u_raw": 0.5236933827400208,
    "w_ctx": [
      -3.9511990547180176,
      -0.37274158000946045,
      -1.2107752561569214,
      0.28480130434036255,
      -0.7005670666694641,
      -1.647068977355957,
      -0.15078380703926086,
      0.6713201999664307,
      -0.036785490810871124,
      1.0335664749145508,
      -0.7005383372306824,
      -1.6847012042999268,
      -0.5665125846862793,
      -1.8311148881912231,
      0.4102519750595093,
      -0.6521080136299133,
      -0.5070096254348755,
      -0.6652767658233643,
      -1.7606950998306274
    ],
    "best_loss": 3.6688742637634277
  }
}