policy,wilds_split,coverage,risk,wrong_auto_rate,auto_error_rate,defer_rate,n
fixed,test,0.42602416395971116,0.8352457292421305,0.0522539786403683,0.12265496434448711,0.5739758360402889,42791
