{
  "name": "uncertainty_grid",
  "alpha": 0.07500000000000001,
  "theta": 0.9228400896377862,
  "calib_risk": 0.5823079026524474,
  "calib_coverage": 0.589964451736396
}