{
  "name": "monotone_policy_net",
  "context_cols": [
    "ctx_severity",
    "ctx_corr_fog",
    "ctx_corr_impulse_noise",
    "ctx_corr_snow",
    "ctx_corr_elastic_transform",
    "ctx_corr_zoom_blur",
    "ctx_corr_frost",
    "ctx_corr_contrast",
    "ctx_corr_pixelate",
    "ctx_corr_defocus_blur",
    "ctx_corr_saturate",
    "ctx_corr_motion_blur",
    "ctx_corr_gaussian_blur",
    "ctx_corr_speckle_noise",
    "ctx_corr_gaussian_noise",
    "ctx_corr_jpeg_compression",
    "ctx_corr_spatter",
    "ctx_corr_brightness",
    "ctx_corr_glass_blur",
    "ctx_corr_shot_noise",
    "ctx_brightness",
    "ctx_contrast",
    "ctx_blur_risk",
    "ctx_saturation"
  ],
  "state_dict": {
    "b": 0.9871180653572083,
    "w_u_raw": 1.649277687072754,
    "w_ctx": [
      1.7748619318008423,
      -0.17759807407855988,
      1.8078210353851318,
      0.2964591681957245,
      -0.014584400691092014,
      0.4694558084011078,
      0.6874198317527771,
      0.30859318375587463,
      0.7243291735649109,
      -0.1256352961063385,
      -0.7201810479164124,
      0.7892394065856934,
      0.6608250737190247,
      1.5651259422302246,
      2.806607246398926,
      0.2636614143848419,
      -0.03294377401471138,
      -1.115688443183899,
      2.514108657836914,
      1.9636694192886353,
      0.8384715914726257,
      0.8864274621009827,
      0.9182849526405334,
      0.7691311240196228
    ],
    "best_loss": 0.6904865503311157
  }
}