{
  "name": "uncertainty_grid",
  "alpha": 0.25,
  "theta": 0.9892168257758022,
  "calib_risk": 0.6403157894736843,
  "calib_coverage": 0.46
}