{
  "name": "monotone_policy_net",
  "context_cols": [
    "ctx_severity",
    "ctx_corr_motion_blur",
    "ctx_corr_shot_noise",
    "ctx_corr_elastic_transform",
    "ctx_corr_contrast",
    "ctx_corr_zoom_blur",
    "ctx_corr_saturate",
    "ctx_corr_glass_blur",
    "ctx_corr_impulse_noise",
    "ctx_corr_brightness",
    "ctx_corr_frost",
    "ctx_corr_gaussian_blur",
    "ctx_corr_speckle_noise",
    "ctx_corr_snow",
    "ctx_corr_fog",
    "ctx_corr_pixelate",
    "ctx_corr_spatter",
    "ctx_corr_jpeg_compression",
    "ctx_corr_gaussian_noise",
    "ctx_corr_defocus_blur",
    "ctx_brightness",
    "ctx_contrast",
    "ctx_blur_risk",
    "ctx_saturation"
  ],
  "state_dict": {
    "b": -0.5332702398300171,
    "w_u_raw": 0.6226149201393127,
    "w_ctx": [
      3.2426977157592773,
      -1.5115653276443481,
      0.8474488258361816,
      -2.2792913913726807,
      -0.5462007522583008,
      -0.6472448706626892,
      -1.9244587421417236,
      0.6436383128166199,
      0.8446604609489441,
      -2.3738796710968018,
      -0.9632672667503357,
      0.48376819491386414,
      0.6441106200218201,
      -1.881742000579834,
      -1.447317361831665,
      -0.12580235302448273,
      -2.5734527111053467,
      -1.7849918603897095,
      2.157804489135742,
      -0.8545538783073425,
      0.2392166256904602,
      -0.2110850214958191,
      -1.1802557706832886,
      -1.5308194160461426
    ],
    "best_loss": 0.9750509858131409
  }
}