{
  "name": "uncertainty_grid",
  "alpha": 0.55,
  "theta": 0.33743497873842726,
  "calib_risk": 1.0694210526315788,
  "calib_coverage": 0.87
}