policy,wilds_split,coverage,risk,wrong_auto_rate,auto_error_rate,defer_rate,n
uaat_monotone,test,0.6563062326190087,1.4200883363324062,0.215278913790283,0.32801595214356927,0.34369376738099133,42791
