{
  "name": "uncertainty_grid",
  "alpha": 0.025,
  "theta": 0.5622103020846844,
  "calib_risk": 0.8881596937380366,
  "calib_coverage": 0.8398960896910036
}