policy,coverage,risk,wrong_auto_rate,auto_error_rate,defer_rate,n
uaat_monotone,0.5398550724637681,3.4094202898550727,0.29492753623188406,0.5463087248322148,0.46014492753623193,1380
fixed,0.8217391304347826,5.685507246376811,0.5507246376811594,0.6701940035273368,0.17826086956521736,1380
uncertainty_grid,0.8217391304347826,5.685507246376811,0.5507246376811594,0.6701940035273368,0.17826086956521736,1380
