{
  "name": "uncertainty_grid",
  "alpha": 0.0,
  "theta": 0.0013015037564513595,
  "calib_risk": 5.428985507246377,
  "calib_coverage": 0.7884057971014493
}