policy,category,coverage,risk,wrong_auto_rate,auto_error_rate,defer_rate,n
uncertainty_grid,breakfast_box,0.9318181818181818,5.659090909090909,0.5590909090909091,0.6,0.06818181818181823,220
uncertainty_grid,juice_bottle,0.7083333333333334,4.534090909090909,0.42424242424242425,0.5989304812834224,0.29166666666666663,264
uncertainty_grid,pushpins,0.9798387096774194,5.383064516129032,0.5362903225806451,0.5473251028806584,0.020161290322580627,248
uncertainty_grid,screw_bag,1.0,6.410256410256411,0.6410256410256411,0.6410256410256411,0.0,273
uncertainty_grid,splicing_connectors,0.927710843373494,5.534136546184739,0.5461847389558233,0.5887445887445888,0.07228915662650603,249
