policy,coverage,risk,wrong_auto_rate,auto_error_rate,defer_rate,n
uaat_monotone,0.7384370015948963,4.240829346092504,0.39792663476874,0.5388768898488121,0.26156299840510366,1254
fixed,0.9082934609250398,5.506379585326953,0.5414673046251993,0.5961369622475856,0.09170653907496018,1254
uncertainty_grid,0.9082934609250398,5.506379585326953,0.5414673046251993,0.5961369622475856,0.09170653907496018,1254
