policy,wilds_split,coverage,risk,wrong_auto_rate,auto_error_rate,defer_rate,n
fixed,test,0.32261456848402703,0.7423523638148208,0.012993386459769577,0.04027526258601956,0.677385431515973,42791
