{
  "name": "uncertainty_grid",
  "alpha": 0.0,
  "theta": 0.9910111194849014,
  "calib_risk": 0.627563576702215,
  "calib_coverage": 0.41003554826360405
}