{
  "name": "uncertainty_grid",
  "alpha": 0.0,
  "theta": 0.013794462891072093,
  "calib_risk": 4.840579710144928,
  "calib_coverage": 0.7101449275362319
}